[2026-08-06 12:36:39] local.ERROR: SQLSTATE[42S22]: Column not found: 1054 Unknown column 'client_tag_assignments.tag_id' in 'field list' (Connection: mysql, SQL: select `client_tags`.*, `client_tag_assignments`.`client_id` as `pivot_client_id`, `client_tag_assignments`.`tag_id` as `pivot_tag_id` from `client_tags` inner join `client_tag_assignments` on `client_tags`.`id` = `client_tag_assignments`.`tag_id` where `client_tag_assignments`.`client_id` in (8)) {"userId":2,"exception":"[object] (Illuminate\\Database\\QueryException(code: 42S22): SQLSTATE[42S22]: Column not found: 1054 Unknown column 'client_tag_assignments.tag_id' in 'field list' (Connection: mysql, SQL: select `client_tags`.*, `client_tag_assignments`.`client_id` as `pivot_client_id`, `client_tag_assignments`.`tag_id` as `pivot_tag_id` from `client_tags` inner join `client_tag_assignments` on `client_tags`.`id` = `client_tag_assignments`.`tag_id` where `client_tag_assignments`.`client_id` in (8)) at C:/Users/hamza/Desktop/PROYECTOS/APP/mightyfitness/fitness-backend/vendor/laravel/framework/src/Illuminate/Database/Connection.php:825)
[stacktrace]
#0 C:/Users/hamza/Desktop/PROYECTOS/APP/mightyfitness/fitness-backend/vendor/laravel/framework/src/Illuminate/Database/Connection.php(779): Illuminate/Database/Connection->runQueryCallback('select `client_...', Array, Object(Closure))
#1 C:/Users/hamza/Desktop/PROYECTOS/APP/mightyfitness/fitness-backend/vendor/laravel/framework/src/Illuminate/Database/Connection.php(398): Illuminate/Database/Connection->run('select `client_...', Array, Object(Closure))
#2 C:/Users/hamza/Desktop/PROYECTOS/APP/mightyfitness/fitness-backend/vendor/laravel/framework/src/Illuminate/Database/Query/Builder.php(3106): Illuminate/Database/Connection->select('select `client_...', Array, true)
#3 C:/Users/hamza/Desktop/PROYECTOS/APP/mightyfitness/fitness-backend/vendor/laravel/framework/src/Illuminate/Database/Query/Builder.php(3091): Illuminate/Database/Query/Builder->runSelect()
#4 C:/Users/hamza/Desktop/PROYECTOS/APP/mightyfitness/fitness-backend/vendor/laravel/framework/src/Illuminate/Database/Query/Builder.php(3676): Illuminate/Database/Query/Builder->Illuminate/Database/Query/{closure}()
#5 C:/Users/hamza/Desktop/PROYECTOS/APP/mightyfitness/fitness-backend/vendor/laravel/framework/src/Illuminate/Database/Query/Builder.php(3090): Illuminate/Database/Query/Builder->onceWithColumns(Array, Object(Closure))
#6 C:/Users/hamza/Desktop/PROYECTOS/APP/mightyfitness/fitness-backend/vendor/laravel/framework/src/Illuminate/Database/Eloquent/Builder.php(811): Illuminate/Database/Query/Builder->get(Array)
#7 C:/Users/hamza/Desktop/PROYECTOS/APP/mightyfitness/fitness-backend/vendor/laravel/framework/src/Illuminate/Database/Eloquent/Relations/BelongsToMany.php(887): Illuminate/Database/Eloquent/Builder->getModels()
#8 C:/Users/hamza/Desktop/PROYECTOS/APP/mightyfitness/fitness-backend/vendor/laravel/framework/src/Illuminate/Database/Eloquent/Relations/Relation.php(176): Illuminate/Database/Eloquent/Relations/BelongsToMany->get()
#9 C:/Users/hamza/Desktop/PROYECTOS/APP/mightyfitness/fitness-backend/vendor/laravel/framework/src/Illuminate/Database/Eloquent/Builder.php(859): Illuminate/Database/Eloquent/Relations/Relation->getEager()
#10 C:/Users/hamza/Desktop/PROYECTOS/APP/mightyfitness/fitness-backend/vendor/laravel/framework/src/Illuminate/Database/Eloquent/Builder.php(828): Illuminate/Database/Eloquent/Builder->eagerLoadRelation(Array, 'tags', Object(Closure))
#11 C:/Users/hamza/Desktop/PROYECTOS/APP/mightyfitness/fitness-backend/vendor/laravel/framework/src/Illuminate/Database/Eloquent/Builder.php(794): Illuminate/Database/Eloquent/Builder->eagerLoadRelations(Array)
#12 C:/Users/hamza/Desktop/PROYECTOS/APP/mightyfitness/fitness-backend/vendor/laravel/framework/src/Illuminate/Database/Concerns/BuildsQueries.php(343): Illuminate/Database/Eloquent/Builder->get(Array)
#13 C:/Users/hamza/Desktop/PROYECTOS/APP/mightyfitness/fitness-backend/vendor/laravel/framework/src/Illuminate/Database/Eloquent/Builder.php(477): Illuminate/Database/Eloquent/Builder->first(Array)
#14 C:/Users/hamza/Desktop/PROYECTOS/APP/mightyfitness/fitness-backend/app/Http/Controllers/API/ClientTagController.php(55): Illuminate/Database/Eloquent/Builder->find('8')
#15 C:/Users/hamza/Desktop/PROYECTOS/APP/mightyfitness/fitness-backend/vendor/laravel/framework/src/Illuminate/Routing/Controller.php(54): App/Http/Controllers/API/ClientTagController->getClientTags(Object(Illuminate/Http/Request))
#16 C:/Users/hamza/Desktop/PROYECTOS/APP/mightyfitness/fitness-backend/vendor/laravel/framework/src/Illuminate/Routing/ControllerDispatcher.php(44): Illuminate/Routing/Controller->callAction('getClientTags', Array)
#17 C:/Users/hamza/Desktop/PROYECTOS/APP/mightyfitness/fitness-backend/vendor/laravel/framework/src/Illuminate/Routing/Route.php(266): Illuminate/Routing/ControllerDispatcher->dispatch(Object(Illuminate/Routing/Route), Object(App/Http/Controllers/API/ClientTagController), 'getClientTags')
#18 C:/Users/hamza/Desktop/PROYECTOS/APP/mightyfitness/fitness-backend/vendor/laravel/framework/src/Illuminate/Routing/Route.php(212): Illuminate/Routing/Route->runController()
#19 C:/Users/hamza/Desktop/PROYECTOS/APP/mightyfitness/fitness-backend/vendor/laravel/framework/src/Illuminate/Routing/Router.php(808): Illuminate/Routing/Route->run()
#20 C:/Users/hamza/Desktop/PROYECTOS/APP/mightyfitness/fitness-backend/vendor/laravel/framework/src/Illuminate/Pipeline/Pipeline.php(170): Illuminate/Routing/Router->Illuminate/Routing/{closure}(Object(Illuminate/Http/Request))
#21 C:/Users/hamza/Desktop/PROYECTOS/APP/mightyfitness/fitness-backend/app/Http/Middleware/AdminApi.php(26): Illuminate/Pipeline/Pipeline->Illuminate/Pipeline/{closure}(Object(Illuminate/Http/Request))
#22 C:/Users/hamza/Desktop/PROYECTOS/APP/mightyfitness/fitness-backend/vendor/laravel/framework/src/Illuminate/Pipeline/Pipeline.php(209): App/Http/Middleware/AdminApi->handle(Object(Illuminate/Http/Request), Object(Closure))
#23 C:/Users/hamza/Desktop/PROYECTOS/APP/mightyfitness/fitness-backend/app/Http/Middleware/API/CheckUserStatus.php(26): Illuminate/Pipeline/Pipeline->Illuminate/Pipeline/{closure}(Object(Illuminate/Http/Request))
#24 C:/Users/hamza/Desktop/PROYECTOS/APP/mightyfitness/fitness-backend/vendor/laravel/framework/src/Illuminate/Pipeline/Pipeline.php(209): App/Http/Middleware/API/CheckUserStatus->handle(Object(Illuminate/Http/Request), Object(Closure))
#25 C:/Users/hamza/Desktop/PROYECTOS/APP/mightyfitness/fitness-backend/vendor/laravel/framework/src/Illuminate/Routing/Middleware/SubstituteBindings.php(51): Illuminate/Pipeline/Pipeline->Illuminate/Pipeline/{closure}(Object(Illuminate/Http/Request))
#26 C:/Users/hamza/Desktop/PROYECTOS/APP/mightyfitness/fitness-backend/vendor/laravel/framework/src/Illuminate/Pipeline/Pipeline.php(209): Illuminate/Routing/Middleware/SubstituteBindings->handle(Object(Illuminate/Http/Request), Object(Closure))
#27 C:/Users/hamza/Desktop/PROYECTOS/APP/mightyfitness/fitness-backend/vendor/laravel/framework/src/Illuminate/Routing/Middleware/ThrottleRequests.php(161): Illuminate/Pipeline/Pipeline->Illuminate/Pipeline/{closure}(Object(Illuminate/Http/Request))
#28 C:/Users/hamza/Desktop/PROYECTOS/APP/mightyfitness/fitness-backend/vendor/laravel/framework/src/Illuminate/Routing/Middleware/ThrottleRequests.php(127): Illuminate/Routing/Middleware/ThrottleRequests->handleRequest(Object(Illuminate/Http/Request), Object(Closure), Array)
#29 C:/Users/hamza/Desktop/PROYECTOS/APP/mightyfitness/fitness-backend/vendor/laravel/framework/src/Illuminate/Routing/Middleware/ThrottleRequests.php(89): Illuminate/Routing/Middleware/ThrottleRequests->handleRequestUsingNamedLimiter(Object(Illuminate/Http/Request), Object(Closure), 'api', Object(Closure))
#30 C:/Users/hamza/Desktop/PROYECTOS/APP/mightyfitness/fitness-backend/vendor/laravel/framework/src/Illuminate/Pipeline/Pipeline.php(209): Illuminate/Routing/Middleware/ThrottleRequests->handle(Object(Illuminate/Http/Request), Object(Closure), 'api')
#31 C:/Users/hamza/Desktop/PROYECTOS/APP/mightyfitness/fitness-backend/vendor/laravel/framework/src/Illuminate/Auth/Middleware/Authenticate.php(64): Illuminate/Pipeline/Pipeline->Illuminate/Pipeline/{closure}(Object(Illuminate/Http/Request))
#32 C:/Users/hamza/Desktop/PROYECTOS/APP/mightyfitness/fitness-backend/vendor/laravel/framework/src/Illuminate/Pipeline/Pipeline.php(209): Illuminate/Auth/Middleware/Authenticate->handle(Object(Illuminate/Http/Request), Object(Closure), 'sanctum')
#33 C:/Users/hamza/Desktop/PROYECTOS/APP/mightyfitness/fitness-backend/vendor/laravel/framework/src/Illuminate/Pipeline/Pipeline.php(127): Illuminate/Pipeline/Pipeline->Illuminate/Pipeline/{closure}(Object(Illuminate/Http/Request))
#34 C:/Users/hamza/Desktop/PROYECTOS/APP/mightyfitness/fitness-backend/vendor/laravel/framework/src/Illuminate/Routing/Router.php(807): Illuminate/Pipeline/Pipeline->then(Object(Closure))
#35 C:/Users/hamza/Desktop/PROYECTOS/APP/mightyfitness/fitness-backend/vendor/laravel/framework/src/Illuminate/Routing/Router.php(786): Illuminate/Routing/Router->runRouteWithinStack(Object(Illuminate/Routing/Route), Object(Illuminate/Http/Request))
#36 C:/Users/hamza/Desktop/PROYECTOS/APP/mightyfitness/fitness-backend/vendor/laravel/framework/src/Illuminate/Routing/Router.php(750): Illuminate/Routing/Router->runRoute(Object(Illuminate/Http/Request), Object(Illuminate/Routing/Route))
#37 C:/Users/hamza/Desktop/PROYECTOS/APP/mightyfitness/fitness-backend/vendor/laravel/framework/src/Illuminate/Routing/Router.php(739): Illuminate/Routing/Router->dispatchToRoute(Object(Illuminate/Http/Request))
#38 C:/Users/hamza/Desktop/PROYECTOS/APP/mightyfitness/fitness-backend/vendor/laravel/framework/src/Illuminate/Foundation/Http/Kernel.php(201): Illuminate/Routing/Router->dispatch(Object(Illuminate/Http/Request))
#39 C:/Users/hamza/Desktop/PROYECTOS/APP/mightyfitness/fitness-backend/vendor/laravel/framework/src/Illuminate/Pipeline/Pipeline.php(170): Illuminate/Foundation/Http/Kernel->Illuminate/Foundation/Http/{closure}(Object(Illuminate/Http/Request))
#40 C:/Users/hamza/Desktop/PROYECTOS/APP/mightyfitness/fitness-backend/vendor/livewire/livewire/src/Features/SupportDisablingBackButtonCache/DisableBackButtonCacheMiddleware.php(19): Illuminate/Pipeline/Pipeline->Illuminate/Pipeline/{closure}(Object(Illuminate/Http/Request))
#41 C:/Users/hamza/Desktop/PROYECTOS/APP/mightyfitness/fitness-backend/vendor/laravel/framework/src/Illuminate/Pipeline/Pipeline.php(209): Livewire/Features/SupportDisablingBackButtonCache/DisableBackButtonCacheMiddleware->handle(Object(Illuminate/Http/Request), Object(Closure))
#42 C:/Users/hamza/Desktop/PROYECTOS/APP/mightyfitness/fitness-backend/vendor/laravel/framework/src/Illuminate/Foundation/Http/Middleware/TransformsRequest.php(21): Illuminate/Pipeline/Pipeline->Illuminate/Pipeline/{closure}(Object(Illuminate/Http/Request))
#43 C:/Users/hamza/Desktop/PROYECTOS/APP/mightyfitness/fitness-backend/vendor/laravel/framework/src/Illuminate/Foundation/Http/Middleware/ConvertEmptyStringsToNull.php(31): Illuminate/Foundation/Http/Middleware/TransformsRequest->handle(Object(Illuminate/Http/Request), Object(Closure))
#44 C:/Users/hamza/Desktop/PROYECTOS/APP/mightyfitness/fitness-backend/vendor/laravel/framework/src/Illuminate/Pipeline/Pipeline.php(209): Illuminate/Foundation/Http/Middleware/ConvertEmptyStringsToNull->handle(Object(Illuminate/Http/Request), Object(Closure))
#45 C:/Users/hamza/Desktop/PROYECTOS/APP/mightyfitness/fitness-backend/vendor/laravel/framework/src/Illuminate/Foundation/Http/Middleware/TransformsRequest.php(21): Illuminate/Pipeline/Pipeline->Illuminate/Pipeline/{closure}(Object(Illuminate/Http/Request))
#46 C:/Users/hamza/Desktop/PROYECTOS/APP/mightyfitness/fitness-backend/vendor/laravel/framework/src/Illuminate/Foundation/Http/Middleware/TrimStrings.php(51): Illuminate/Foundation/Http/Middleware/TransformsRequest->handle(Object(Illuminate/Http/Request), Object(Closure))
#47 C:/Users/hamza/Desktop/PROYECTOS/APP/mightyfitness/fitness-backend/vendor/laravel/framework/src/Illuminate/Pipeline/Pipeline.php(209): Illuminate/Foundation/Http/Middleware/TrimStrings->handle(Object(Illuminate/Http/Request), Object(Closure))
#48 C:/Users/hamza/Desktop/PROYECTOS/APP/mightyfitness/fitness-backend/vendor/laravel/framework/src/Illuminate/Http/Middleware/ValidatePostSize.php(27): Illuminate/Pipeline/Pipeline->Illuminate/Pipeline/{closure}(Object(Illuminate/Http/Request))
#49 C:/Users/hamza/Desktop/PROYECTOS/APP/mightyfitness/fitness-backend/vendor/laravel/framework/src/Illuminate/Pipeline/Pipeline.php(209): Illuminate/Http/Middleware/ValidatePostSize->handle(Object(Illuminate/Http/Request), Object(Closure))
#50 C:/Users/hamza/Desktop/PROYECTOS/APP/mightyfitness/fitness-backend/vendor/laravel/framework/src/Illuminate/Foundation/Http/Middleware/PreventRequestsDuringMaintenance.php(110): Illuminate/Pipeline/Pipeline->Illuminate/Pipeline/{closure}(Object(Illuminate/Http/Request))
#51 C:/Users/hamza/Desktop/PROYECTOS/APP/mightyfitness/fitness-backend/vendor/laravel/framework/src/Illuminate/Pipeline/Pipeline.php(209): Illuminate/Foundation/Http/Middleware/PreventRequestsDuringMaintenance->handle(Object(Illuminate/Http/Request), Object(Closure))
#52 C:/Users/hamza/Desktop/PROYECTOS/APP/mightyfitness/fitness-backend/vendor/laravel/framework/src/Illuminate/Http/Middleware/HandleCors.php(62): Illuminate/Pipeline/Pipeline->Illuminate/Pipeline/{closure}(Object(Illuminate/Http/Request))
#53 C:/Users/hamza/Desktop/PROYECTOS/APP/mightyfitness/fitness-backend/vendor/laravel/framework/src/Illuminate/Pipeline/Pipeline.php(209): Illuminate/Http/Middleware/HandleCors->handle(Object(Illuminate/Http/Request), Object(Closure))
#54 C:/Users/hamza/Desktop/PROYECTOS/APP/mightyfitness/fitness-backend/vendor/laravel/framework/src/Illuminate/Pipeline/Pipeline.php(127): Illuminate/Pipeline/Pipeline->Illuminate/Pipeline/{closure}(Object(Illuminate/Http/Request))
#55 C:/Users/hamza/Desktop/PROYECTOS/APP/mightyfitness/fitness-backend/vendor/laravel/framework/src/Illuminate/Foundation/Http/Kernel.php(176): Illuminate/Pipeline/Pipeline->then(Object(Closure))
#56 C:/Users/hamza/Desktop/PROYECTOS/APP/mightyfitness/fitness-backend/vendor/laravel/framework/src/Illuminate/Foundation/Http/Kernel.php(145): Illuminate/Foundation/Http/Kernel->sendRequestThroughRouter(Object(Illuminate/Http/Request))
#57 C:/Users/hamza/Desktop/PROYECTOS/APP/mightyfitness/fitness-backend/public/index.php(51): Illuminate/Foundation/Http/Kernel->handle(Object(Illuminate/Http/Request))
#58 C:/Users/hamza/Desktop/PROYECTOS/APP/mightyfitness/fitness-backend/server.php(21): require_once('C://Users//hamza//...')
#59 {main}

[previous exception] [object] (PDOException(code: 42S22): SQLSTATE[42S22]: Column not found: 1054 Unknown column 'client_tag_assignments.tag_id' in 'field list' at C:/Users/hamza/Desktop/PROYECTOS/APP/mightyfitness/fitness-backend/vendor/laravel/framework/src/Illuminate/Database/Connection.php:407)
[stacktrace]
#0 C:/Users/hamza/Desktop/PROYECTOS/APP/mightyfitness/fitness-backend/vendor/laravel/framework/src/Illuminate/Database/Connection.php(407): PDO->prepare('select `client_...')
#1 C:/Users/hamza/Desktop/PROYECTOS/APP/mightyfitness/fitness-backend/vendor/laravel/framework/src/Illuminate/Database/Connection.php(812): Illuminate/Database/Connection->Illuminate/Database/{closure}('select `client_...', Array)
#2 C:/Users/hamza/Desktop/PROYECTOS/APP/mightyfitness/fitness-backend/vendor/laravel/framework/src/Illuminate/Database/Connection.php(779): Illuminate/Database/Connection->runQueryCallback('select `client_...', Array, Object(Closure))
#3 C:/Users/hamza/Desktop/PROYECTOS/APP/mightyfitness/fitness-backend/vendor/laravel/framework/src/Illuminate/Database/Connection.php(398): Illuminate/Database/Connection->run('select `client_...', Array, Object(Closure))
#4 C:/Users/hamza/Desktop/PROYECTOS/APP/mightyfitness/fitness-backend/vendor/laravel/framework/src/Illuminate/Database/Query/Builder.php(3106): Illuminate/Database/Connection->select('select `client_...', Array, true)
#5 C:/Users/hamza/Desktop/PROYECTOS/APP/mightyfitness/fitness-backend/vendor/laravel/framework/src/Illuminate/Database/Query/Builder.php(3091): Illuminate/Database/Query/Builder->runSelect()
#6 C:/Users/hamza/Desktop/PROYECTOS/APP/mightyfitness/fitness-backend/vendor/laravel/framework/src/Illuminate/Database/Query/Builder.php(3676): Illuminate/Database/Query/Builder->Illuminate/Database/Query/{closure}()
#7 C:/Users/hamza/Desktop/PROYECTOS/APP/mightyfitness/fitness-backend/vendor/laravel/framework/src/Illuminate/Database/Query/Builder.php(3090): Illuminate/Database/Query/Builder->onceWithColumns(Array, Object(Closure))
#8 C:/Users/hamza/Desktop/PROYECTOS/APP/mightyfitness/fitness-backend/vendor/laravel/framework/src/Illuminate/Database/Eloquent/Builder.php(811): Illuminate/Database/Query/Builder->get(Array)
#9 C:/Users/hamza/Desktop/PROYECTOS/APP/mightyfitness/fitness-backend/vendor/laravel/framework/src/Illuminate/Database/Eloquent/Relations/BelongsToMany.php(887): Illuminate/Database/Eloquent/Builder->getModels()
#10 C:/Users/hamza/Desktop/PROYECTOS/APP/mightyfitness/fitness-backend/vendor/laravel/framework/src/Illuminate/Database/Eloquent/Relations/Relation.php(176): Illuminate/Database/Eloquent/Relations/BelongsToMany->get()
#11 C:/Users/hamza/Desktop/PROYECTOS/APP/mightyfitness/fitness-backend/vendor/laravel/framework/src/Illuminate/Database/Eloquent/Builder.php(859): Illuminate/Database/Eloquent/Relations/Relation->getEager()
#12 C:/Users/hamza/Desktop/PROYECTOS/APP/mightyfitness/fitness-backend/vendor/laravel/framework/src/Illuminate/Database/Eloquent/Builder.php(828): Illuminate/Database/Eloquent/Builder->eagerLoadRelation(Array, 'tags', Object(Closure))
#13 C:/Users/hamza/Desktop/PROYECTOS/APP/mightyfitness/fitness-backend/vendor/laravel/framework/src/Illuminate/Database/Eloquent/Builder.php(794): Illuminate/Database/Eloquent/Builder->eagerLoadRelations(Array)
#14 C:/Users/hamza/Desktop/PROYECTOS/APP/mightyfitness/fitness-backend/vendor/laravel/framework/src/Illuminate/Database/Concerns/BuildsQueries.php(343): Illuminate/Database/Eloquent/Builder->get(Array)
#15 C:/Users/hamza/Desktop/PROYECTOS/APP/mightyfitness/fitness-backend/vendor/laravel/framework/src/Illuminate/Database/Eloquent/Builder.php(477): Illuminate/Database/Eloquent/Builder->first(Array)
#16 C:/Users/hamza/Desktop/PROYECTOS/APP/mightyfitness/fitness-backend/app/Http/Controllers/API/ClientTagController.php(55): Illuminate/Database/Eloquent/Builder->find('8')
#17 C:/Users/hamza/Desktop/PROYECTOS/APP/mightyfitness/fitness-backend/vendor/laravel/framework/src/Illuminate/Routing/Controller.php(54): App/Http/Controllers/API/ClientTagController->getClientTags(Object(Illuminate/Http/Request))
#18 C:/Users/hamza/Desktop/PROYECTOS/APP/mightyfitness/fitness-backend/vendor/laravel/framework/src/Illuminate/Routing/ControllerDispatcher.php(44): Illuminate/Routing/Controller->callAction('getClientTags', Array)
#19 C:/Users/hamza/Desktop/PROYECTOS/APP/mightyfitness/fitness-backend/vendor/laravel/framework/src/Illuminate/Routing/Route.php(266): Illuminate/Routing/ControllerDispatcher->dispatch(Object(Illuminate/Routing/Route), Object(App/Http/Controllers/API/ClientTagController), 'getClientTags')
#20 C:/Users/hamza/Desktop/PROYECTOS/APP/mightyfitness/fitness-backend/vendor/laravel/framework/src/Illuminate/Routing/Route.php(212): Illuminate/Routing/Route->runController()
#21 C:/Users/hamza/Desktop/PROYECTOS/APP/mightyfitness/fitness-backend/vendor/laravel/framework/src/Illuminate/Routing/Router.php(808): Illuminate/Routing/Route->run()
#22 C:/Users/hamza/Desktop/PROYECTOS/APP/mightyfitness/fitness-backend/vendor/laravel/framework/src/Illuminate/Pipeline/Pipeline.php(170): Illuminate/Routing/Router->Illuminate/Routing/{closure}(Object(Illuminate/Http/Request))
#23 C:/Users/hamza/Desktop/PROYECTOS/APP/mightyfitness/fitness-backend/app/Http/Middleware/AdminApi.php(26): Illuminate/Pipeline/Pipeline->Illuminate/Pipeline/{closure}(Object(Illuminate/Http/Request))
#24 C:/Users/hamza/Desktop/PROYECTOS/APP/mightyfitness/fitness-backend/vendor/laravel/framework/src/Illuminate/Pipeline/Pipeline.php(209): App/Http/Middleware/AdminApi->handle(Object(Illuminate/Http/Request), Object(Closure))
#25 C:/Users/hamza/Desktop/PROYECTOS/APP/mightyfitness/fitness-backend/app/Http/Middleware/API/CheckUserStatus.php(26): Illuminate/Pipeline/Pipeline->Illuminate/Pipeline/{closure}(Object(Illuminate/Http/Request))
#26 C:/Users/hamza/Desktop/PROYECTOS/APP/mightyfitness/fitness-backend/vendor/laravel/framework/src/Illuminate/Pipeline/Pipeline.php(209): App/Http/Middleware/API/CheckUserStatus->handle(Object(Illuminate/Http/Request), Object(Closure))
#27 C:/Users/hamza/Desktop/PROYECTOS/APP/mightyfitness/fitness-backend/vendor/laravel/framework/src/Illuminate/Routing/Middleware/SubstituteBindings.php(51): Illuminate/Pipeline/Pipeline->Illuminate/Pipeline/{closure}(Object(Illuminate/Http/Request))
#28 C:/Users/hamza/Desktop/PROYECTOS/APP/mightyfitness/fitness-backend/vendor/laravel/framework/src/Illuminate/Pipeline/Pipeline.php(209): Illuminate/Routing/Middleware/SubstituteBindings->handle(Object(Illuminate/Http/Request), Object(Closure))
#29 C:/Users/hamza/Desktop/PROYECTOS/APP/mightyfitness/fitness-backend/vendor/laravel/framework/src/Illuminate/Routing/Middleware/ThrottleRequests.php(161): Illuminate/Pipeline/Pipeline->Illuminate/Pipeline/{closure}(Object(Illuminate/Http/Request))
#30 C:/Users/hamza/Desktop/PROYECTOS/APP/mightyfitness/fitness-backend/vendor/laravel/framework/src/Illuminate/Routing/Middleware/ThrottleRequests.php(127): Illuminate/Routing/Middleware/ThrottleRequests->handleRequest(Object(Illuminate/Http/Request), Object(Closure), Array)
#31 C:/Users/hamza/Desktop/PROYECTOS/APP/mightyfitness/fitness-backend/vendor/laravel/framework/src/Illuminate/Routing/Middleware/ThrottleRequests.php(89): Illuminate/Routing/Middleware/ThrottleRequests->handleRequestUsingNamedLimiter(Object(Illuminate/Http/Request), Object(Closure), 'api', Object(Closure))
#32 C:/Users/hamza/Desktop/PROYECTOS/APP/mightyfitness/fitness-backend/vendor/laravel/framework/src/Illuminate/Pipeline/Pipeline.php(209): Illuminate/Routing/Middleware/ThrottleRequests->handle(Object(Illuminate/Http/Request), Object(Closure), 'api')
#33 C:/Users/hamza/Desktop/PROYECTOS/APP/mightyfitness/fitness-backend/vendor/laravel/framework/src/Illuminate/Auth/Middleware/Authenticate.php(64): Illuminate/Pipeline/Pipeline->Illuminate/Pipeline/{closure}(Object(Illuminate/Http/Request))
#34 C:/Users/hamza/Desktop/PROYECTOS/APP/mightyfitness/fitness-backend/vendor/laravel/framework/src/Illuminate/Pipeline/Pipeline.php(209): Illuminate/Auth/Middleware/Authenticate->handle(Object(Illuminate/Http/Request), Object(Closure), 'sanctum')
#35 C:/Users/hamza/Desktop/PROYECTOS/APP/mightyfitness/fitness-backend/vendor/laravel/framework/src/Illuminate/Pipeline/Pipeline.php(127): Illuminate/Pipeline/Pipeline->Illuminate/Pipeline/{closure}(Object(Illuminate/Http/Request))
#36 C:/Users/hamza/Desktop/PROYECTOS/APP/mightyfitness/fitness-backend/vendor/laravel/framework/src/Illuminate/Routing/Router.php(807): Illuminate/Pipeline/Pipeline->then(Object(Closure))
#37 C:/Users/hamza/Desktop/PROYECTOS/APP/mightyfitness/fitness-backend/vendor/laravel/framework/src/Illuminate/Routing/Router.php(786): Illuminate/Routing/Router->runRouteWithinStack(Object(Illuminate/Routing/Route), Object(Illuminate/Http/Request))
#38 C:/Users/hamza/Desktop/PROYECTOS/APP/mightyfitness/fitness-backend/vendor/laravel/framework/src/Illuminate/Routing/Router.php(750): Illuminate/Routing/Router->runRoute(Object(Illuminate/Http/Request), Object(Illuminate/Routing/Route))
#39 C:/Users/hamza/Desktop/PROYECTOS/APP/mightyfitness/fitness-backend/vendor/laravel/framework/src/Illuminate/Routing/Router.php(739): Illuminate/Routing/Router->dispatchToRoute(Object(Illuminate/Http/Request))
#40 C:/Users/hamza/Desktop/PROYECTOS/APP/mightyfitness/fitness-backend/vendor/laravel/framework/src/Illuminate/Foundation/Http/Kernel.php(201): Illuminate/Routing/Router->dispatch(Object(Illuminate/Http/Request))
#41 C:/Users/hamza/Desktop/PROYECTOS/APP/mightyfitness/fitness-backend/vendor/laravel/framework/src/Illuminate/Pipeline/Pipeline.php(170): Illuminate/Foundation/Http/Kernel->Illuminate/Foundation/Http/{closure}(Object(Illuminate/Http/Request))
#42 C:/Users/hamza/Desktop/PROYECTOS/APP/mightyfitness/fitness-backend/vendor/livewire/livewire/src/Features/SupportDisablingBackButtonCache/DisableBackButtonCacheMiddleware.php(19): Illuminate/Pipeline/Pipeline->Illuminate/Pipeline/{closure}(Object(Illuminate/Http/Request))
#43 C:/Users/hamza/Desktop/PROYECTOS/APP/mightyfitness/fitness-backend/vendor/laravel/framework/src/Illuminate/Pipeline/Pipeline.php(209): Livewire/Features/SupportDisablingBackButtonCache/DisableBackButtonCacheMiddleware->handle(Object(Illuminate/Http/Request), Object(Closure))
#44 C:/Users/hamza/Desktop/PROYECTOS/APP/mightyfitness/fitness-backend/vendor/laravel/framework/src/Illuminate/Foundation/Http/Middleware/TransformsRequest.php(21): Illuminate/Pipeline/Pipeline->Illuminate/Pipeline/{closure}(Object(Illuminate/Http/Request))
#45 C:/Users/hamza/Desktop/PROYECTOS/APP/mightyfitness/fitness-backend/vendor/laravel/framework/src/Illuminate/Foundation/Http/Middleware/ConvertEmptyStringsToNull.php(31): Illuminate/Foundation/Http/Middleware/TransformsRequest->handle(Object(Illuminate/Http/Request), Object(Closure))
#46 C:/Users/hamza/Desktop/PROYECTOS/APP/mightyfitness/fitness-backend/vendor/laravel/framework/src/Illuminate/Pipeline/Pipeline.php(209): Illuminate/Foundation/Http/Middleware/ConvertEmptyStringsToNull->handle(Object(Illuminate/Http/Request), Object(Closure))
#47 C:/Users/hamza/Desktop/PROYECTOS/APP/mightyfitness/fitness-backend/vendor/laravel/framework/src/Illuminate/Foundation/Http/Middleware/TransformsRequest.php(21): Illuminate/Pipeline/Pipeline->Illuminate/Pipeline/{closure}(Object(Illuminate/Http/Request))
#48 C:/Users/hamza/Desktop/PROYECTOS/APP/mightyfitness/fitness-backend/vendor/laravel/framework/src/Illuminate/Foundation/Http/Middleware/TrimStrings.php(51): Illuminate/Foundation/Http/Middleware/TransformsRequest->handle(Object(Illuminate/Http/Request), Object(Closure))
#49 C:/Users/hamza/Desktop/PROYECTOS/APP/mightyfitness/fitness-backend/vendor/laravel/framework/src/Illuminate/Pipeline/Pipeline.php(209): Illuminate/Foundation/Http/Middleware/TrimStrings->handle(Object(Illuminate/Http/Request), Object(Closure))
#50 C:/Users/hamza/Desktop/PROYECTOS/APP/mightyfitness/fitness-backend/vendor/laravel/framework/src/Illuminate/Http/Middleware/ValidatePostSize.php(27): Illuminate/Pipeline/Pipeline->Illuminate/Pipeline/{closure}(Object(Illuminate/Http/Request))
#51 C:/Users/hamza/Desktop/PROYECTOS/APP/mightyfitness/fitness-backend/vendor/laravel/framework/src/Illuminate/Pipeline/Pipeline.php(209): Illuminate/Http/Middleware/ValidatePostSize->handle(Object(Illuminate/Http/Request), Object(Closure))
#52 C:/Users/hamza/Desktop/PROYECTOS/APP/mightyfitness/fitness-backend/vendor/laravel/framework/src/Illuminate/Foundation/Http/Middleware/PreventRequestsDuringMaintenance.php(110): Illuminate/Pipeline/Pipeline->Illuminate/Pipeline/{closure}(Object(Illuminate/Http/Request))
#53 C:/Users/hamza/Desktop/PROYECTOS/APP/mightyfitness/fitness-backend/vendor/laravel/framework/src/Illuminate/Pipeline/Pipeline.php(209): Illuminate/Foundation/Http/Middleware/PreventRequestsDuringMaintenance->handle(Object(Illuminate/Http/Request), Object(Closure))
#54 C:/Users/hamza/Desktop/PROYECTOS/APP/mightyfitness/fitness-backend/vendor/laravel/framework/src/Illuminate/Http/Middleware/HandleCors.php(62): Illuminate/Pipeline/Pipeline->Illuminate/Pipeline/{closure}(Object(Illuminate/Http/Request))
#55 C:/Users/hamza/Desktop/PROYECTOS/APP/mightyfitness/fitness-backend/vendor/laravel/framework/src/Illuminate/Pipeline/Pipeline.php(209): Illuminate/Http/Middleware/HandleCors->handle(Object(Illuminate/Http/Request), Object(Closure))
#56 C:/Users/hamza/Desktop/PROYECTOS/APP/mightyfitness/fitness-backend/vendor/laravel/framework/src/Illuminate/Pipeline/Pipeline.php(127): Illuminate/Pipeline/Pipeline->Illuminate/Pipeline/{closure}(Object(Illuminate/Http/Request))
#57 C:/Users/hamza/Desktop/PROYECTOS/APP/mightyfitness/fitness-backend/vendor/laravel/framework/src/Illuminate/Foundation/Http/Kernel.php(176): Illuminate/Pipeline/Pipeline->then(Object(Closure))
#58 C:/Users/hamza/Desktop/PROYECTOS/APP/mightyfitness/fitness-backend/vendor/laravel/framework/src/Illuminate/Foundation/Http/Kernel.php(145): Illuminate/Foundation/Http/Kernel->sendRequestThroughRouter(Object(Illuminate/Http/Request))
#59 C:/Users/hamza/Desktop/PROYECTOS/APP/mightyfitness/fitness-backend/public/index.php(51): Illuminate/Foundation/Http/Kernel->handle(Object(Illuminate/Http/Request))
#60 C:/Users/hamza/Desktop/PROYECTOS/APP/mightyfitness/fitness-backend/server.php(21): require_once('C://Users//hamza//...')
#61 {main}
"} 
[2026-08-06 12:39:28] local.ERROR: SQLSTATE[42S22]: Column not found: 1054 Unknown column 'client_tag_assignments.tag_id' in 'field list' (Connection: mysql, SQL: select `client_tags`.*, `client_tag_assignments`.`client_id` as `pivot_client_id`, `client_tag_assignments`.`tag_id` as `pivot_tag_id` from `client_tags` inner join `client_tag_assignments` on `client_tags`.`id` = `client_tag_assignments`.`tag_id` where `client_tag_assignments`.`client_id` in (8)) {"userId":2,"exception":"[object] (Illuminate\\Database\\QueryException(code: 42S22): SQLSTATE[42S22]: Column not found: 1054 Unknown column 'client_tag_assignments.tag_id' in 'field list' (Connection: mysql, SQL: select `client_tags`.*, `client_tag_assignments`.`client_id` as `pivot_client_id`, `client_tag_assignments`.`tag_id` as `pivot_tag_id` from `client_tags` inner join `client_tag_assignments` on `client_tags`.`id` = `client_tag_assignments`.`tag_id` where `client_tag_assignments`.`client_id` in (8)) at C:/Users/hamza/Desktop/PROYECTOS/APP/mightyfitness/fitness-backend/vendor/laravel/framework/src/Illuminate/Database/Connection.php:825)
[stacktrace]
#0 C:/Users/hamza/Desktop/PROYECTOS/APP/mightyfitness/fitness-backend/vendor/laravel/framework/src/Illuminate/Database/Connection.php(779): Illuminate/Database/Connection->runQueryCallback('select `client_...', Array, Object(Closure))
#1 C:/Users/hamza/Desktop/PROYECTOS/APP/mightyfitness/fitness-backend/vendor/laravel/framework/src/Illuminate/Database/Connection.php(398): Illuminate/Database/Connection->run('select `client_...', Array, Object(Closure))
#2 C:/Users/hamza/Desktop/PROYECTOS/APP/mightyfitness/fitness-backend/vendor/laravel/framework/src/Illuminate/Database/Query/Builder.php(3106): Illuminate/Database/Connection->select('select `client_...', Array, true)
#3 C:/Users/hamza/Desktop/PROYECTOS/APP/mightyfitness/fitness-backend/vendor/laravel/framework/src/Illuminate/Database/Query/Builder.php(3091): Illuminate/Database/Query/Builder->runSelect()
#4 C:/Users/hamza/Desktop/PROYECTOS/APP/mightyfitness/fitness-backend/vendor/laravel/framework/src/Illuminate/Database/Query/Builder.php(3676): Illuminate/Database/Query/Builder->Illuminate/Database/Query/{closure}()
#5 C:/Users/hamza/Desktop/PROYECTOS/APP/mightyfitness/fitness-backend/vendor/laravel/framework/src/Illuminate/Database/Query/Builder.php(3090): Illuminate/Database/Query/Builder->onceWithColumns(Array, Object(Closure))
#6 C:/Users/hamza/Desktop/PROYECTOS/APP/mightyfitness/fitness-backend/vendor/laravel/framework/src/Illuminate/Database/Eloquent/Builder.php(811): Illuminate/Database/Query/Builder->get(Array)
#7 C:/Users/hamza/Desktop/PROYECTOS/APP/mightyfitness/fitness-backend/vendor/laravel/framework/src/Illuminate/Database/Eloquent/Relations/BelongsToMany.php(887): Illuminate/Database/Eloquent/Builder->getModels()
#8 C:/Users/hamza/Desktop/PROYECTOS/APP/mightyfitness/fitness-backend/vendor/laravel/framework/src/Illuminate/Database/Eloquent/Relations/Relation.php(176): Illuminate/Database/Eloquent/Relations/BelongsToMany->get()
#9 C:/Users/hamza/Desktop/PROYECTOS/APP/mightyfitness/fitness-backend/vendor/laravel/framework/src/Illuminate/Database/Eloquent/Builder.php(859): Illuminate/Database/Eloquent/Relations/Relation->getEager()
#10 C:/Users/hamza/Desktop/PROYECTOS/APP/mightyfitness/fitness-backend/vendor/laravel/framework/src/Illuminate/Database/Eloquent/Builder.php(828): Illuminate/Database/Eloquent/Builder->eagerLoadRelation(Array, 'tags', Object(Closure))
#11 C:/Users/hamza/Desktop/PROYECTOS/APP/mightyfitness/fitness-backend/vendor/laravel/framework/src/Illuminate/Database/Eloquent/Builder.php(794): Illuminate/Database/Eloquent/Builder->eagerLoadRelations(Array)
#12 C:/Users/hamza/Desktop/PROYECTOS/APP/mightyfitness/fitness-backend/vendor/laravel/framework/src/Illuminate/Database/Concerns/BuildsQueries.php(343): Illuminate/Database/Eloquent/Builder->get(Array)
#13 C:/Users/hamza/Desktop/PROYECTOS/APP/mightyfitness/fitness-backend/vendor/laravel/framework/src/Illuminate/Database/Eloquent/Builder.php(477): Illuminate/Database/Eloquent/Builder->first(Array)
#14 C:/Users/hamza/Desktop/PROYECTOS/APP/mightyfitness/fitness-backend/app/Http/Controllers/API/ClientTagController.php(55): Illuminate/Database/Eloquent/Builder->find('8')
#15 C:/Users/hamza/Desktop/PROYECTOS/APP/mightyfitness/fitness-backend/vendor/laravel/framework/src/Illuminate/Routing/Controller.php(54): App/Http/Controllers/API/ClientTagController->getClientTags(Object(Illuminate/Http/Request))
#16 C:/Users/hamza/Desktop/PROYECTOS/APP/mightyfitness/fitness-backend/vendor/laravel/framework/src/Illuminate/Routing/ControllerDispatcher.php(44): Illuminate/Routing/Controller->callAction('getClientTags', Array)
#17 C:/Users/hamza/Desktop/PROYECTOS/APP/mightyfitness/fitness-backend/vendor/laravel/framework/src/Illuminate/Routing/Route.php(266): Illuminate/Routing/ControllerDispatcher->dispatch(Object(Illuminate/Routing/Route), Object(App/Http/Controllers/API/ClientTagController), 'getClientTags')
#18 C:/Users/hamza/Desktop/PROYECTOS/APP/mightyfitness/fitness-backend/vendor/laravel/framework/src/Illuminate/Routing/Route.php(212): Illuminate/Routing/Route->runController()
#19 C:/Users/hamza/Desktop/PROYECTOS/APP/mightyfitness/fitness-backend/vendor/laravel/framework/src/Illuminate/Routing/Router.php(808): Illuminate/Routing/Route->run()
#20 C:/Users/hamza/Desktop/PROYECTOS/APP/mightyfitness/fitness-backend/vendor/laravel/framework/src/Illuminate/Pipeline/Pipeline.php(170): Illuminate/Routing/Router->Illuminate/Routing/{closure}(Object(Illuminate/Http/Request))
#21 C:/Users/hamza/Desktop/PROYECTOS/APP/mightyfitness/fitness-backend/app/Http/Middleware/AdminApi.php(26): Illuminate/Pipeline/Pipeline->Illuminate/Pipeline/{closure}(Object(Illuminate/Http/Request))
#22 C:/Users/hamza/Desktop/PROYECTOS/APP/mightyfitness/fitness-backend/vendor/laravel/framework/src/Illuminate/Pipeline/Pipeline.php(209): App/Http/Middleware/AdminApi->handle(Object(Illuminate/Http/Request), Object(Closure))
#23 C:/Users/hamza/Desktop/PROYECTOS/APP/mightyfitness/fitness-backend/app/Http/Middleware/API/CheckUserStatus.php(26): Illuminate/Pipeline/Pipeline->Illuminate/Pipeline/{closure}(Object(Illuminate/Http/Request))
#24 C:/Users/hamza/Desktop/PROYECTOS/APP/mightyfitness/fitness-backend/vendor/laravel/framework/src/Illuminate/Pipeline/Pipeline.php(209): App/Http/Middleware/API/CheckUserStatus->handle(Object(Illuminate/Http/Request), Object(Closure))
#25 C:/Users/hamza/Desktop/PROYECTOS/APP/mightyfitness/fitness-backend/vendor/laravel/framework/src/Illuminate/Routing/Middleware/SubstituteBindings.php(51): Illuminate/Pipeline/Pipeline->Illuminate/Pipeline/{closure}(Object(Illuminate/Http/Request))
#26 C:/Users/hamza/Desktop/PROYECTOS/APP/mightyfitness/fitness-backend/vendor/laravel/framework/src/Illuminate/Pipeline/Pipeline.php(209): Illuminate/Routing/Middleware/SubstituteBindings->handle(Object(Illuminate/Http/Request), Object(Closure))
#27 C:/Users/hamza/Desktop/PROYECTOS/APP/mightyfitness/fitness-backend/vendor/laravel/framework/src/Illuminate/Routing/Middleware/ThrottleRequests.php(161): Illuminate/Pipeline/Pipeline->Illuminate/Pipeline/{closure}(Object(Illuminate/Http/Request))
#28 C:/Users/hamza/Desktop/PROYECTOS/APP/mightyfitness/fitness-backend/vendor/laravel/framework/src/Illuminate/Routing/Middleware/ThrottleRequests.php(127): Illuminate/Routing/Middleware/ThrottleRequests->handleRequest(Object(Illuminate/Http/Request), Object(Closure), Array)
#29 C:/Users/hamza/Desktop/PROYECTOS/APP/mightyfitness/fitness-backend/vendor/laravel/framework/src/Illuminate/Routing/Middleware/ThrottleRequests.php(89): Illuminate/Routing/Middleware/ThrottleRequests->handleRequestUsingNamedLimiter(Object(Illuminate/Http/Request), Object(Closure), 'api', Object(Closure))
#30 C:/Users/hamza/Desktop/PROYECTOS/APP/mightyfitness/fitness-backend/vendor/laravel/framework/src/Illuminate/Pipeline/Pipeline.php(209): Illuminate/Routing/Middleware/ThrottleRequests->handle(Object(Illuminate/Http/Request), Object(Closure), 'api')
#31 C:/Users/hamza/Desktop/PROYECTOS/APP/mightyfitness/fitness-backend/vendor/laravel/framework/src/Illuminate/Auth/Middleware/Authenticate.php(64): Illuminate/Pipeline/Pipeline->Illuminate/Pipeline/{closure}(Object(Illuminate/Http/Request))
#32 C:/Users/hamza/Desktop/PROYECTOS/APP/mightyfitness/fitness-backend/vendor/laravel/framework/src/Illuminate/Pipeline/Pipeline.php(209): Illuminate/Auth/Middleware/Authenticate->handle(Object(Illuminate/Http/Request), Object(Closure), 'sanctum')
#33 C:/Users/hamza/Desktop/PROYECTOS/APP/mightyfitness/fitness-backend/vendor/laravel/framework/src/Illuminate/Pipeline/Pipeline.php(127): Illuminate/Pipeline/Pipeline->Illuminate/Pipeline/{closure}(Object(Illuminate/Http/Request))
#34 C:/Users/hamza/Desktop/PROYECTOS/APP/mightyfitness/fitness-backend/vendor/laravel/framework/src/Illuminate/Routing/Router.php(807): Illuminate/Pipeline/Pipeline->then(Object(Closure))
#35 C:/Users/hamza/Desktop/PROYECTOS/APP/mightyfitness/fitness-backend/vendor/laravel/framework/src/Illuminate/Routing/Router.php(786): Illuminate/Routing/Router->runRouteWithinStack(Object(Illuminate/Routing/Route), Object(Illuminate/Http/Request))
#36 C:/Users/hamza/Desktop/PROYECTOS/APP/mightyfitness/fitness-backend/vendor/laravel/framework/src/Illuminate/Routing/Router.php(750): Illuminate/Routing/Router->runRoute(Object(Illuminate/Http/Request), Object(Illuminate/Routing/Route))
#37 C:/Users/hamza/Desktop/PROYECTOS/APP/mightyfitness/fitness-backend/vendor/laravel/framework/src/Illuminate/Routing/Router.php(739): Illuminate/Routing/Router->dispatchToRoute(Object(Illuminate/Http/Request))
#38 C:/Users/hamza/Desktop/PROYECTOS/APP/mightyfitness/fitness-backend/vendor/laravel/framework/src/Illuminate/Foundation/Http/Kernel.php(201): Illuminate/Routing/Router->dispatch(Object(Illuminate/Http/Request))
#39 C:/Users/hamza/Desktop/PROYECTOS/APP/mightyfitness/fitness-backend/vendor/laravel/framework/src/Illuminate/Pipeline/Pipeline.php(170): Illuminate/Foundation/Http/Kernel->Illuminate/Foundation/Http/{closure}(Object(Illuminate/Http/Request))
#40 C:/Users/hamza/Desktop/PROYECTOS/APP/mightyfitness/fitness-backend/vendor/livewire/livewire/src/Features/SupportDisablingBackButtonCache/DisableBackButtonCacheMiddleware.php(19): Illuminate/Pipeline/Pipeline->Illuminate/Pipeline/{closure}(Object(Illuminate/Http/Request))
#41 C:/Users/hamza/Desktop/PROYECTOS/APP/mightyfitness/fitness-backend/vendor/laravel/framework/src/Illuminate/Pipeline/Pipeline.php(209): Livewire/Features/SupportDisablingBackButtonCache/DisableBackButtonCacheMiddleware->handle(Object(Illuminate/Http/Request), Object(Closure))
#42 C:/Users/hamza/Desktop/PROYECTOS/APP/mightyfitness/fitness-backend/vendor/laravel/framework/src/Illuminate/Foundation/Http/Middleware/TransformsRequest.php(21): Illuminate/Pipeline/Pipeline->Illuminate/Pipeline/{closure}(Object(Illuminate/Http/Request))
#43 C:/Users/hamza/Desktop/PROYECTOS/APP/mightyfitness/fitness-backend/vendor/laravel/framework/src/Illuminate/Foundation/Http/Middleware/ConvertEmptyStringsToNull.php(31): Illuminate/Foundation/Http/Middleware/TransformsRequest->handle(Object(Illuminate/Http/Request), Object(Closure))
#44 C:/Users/hamza/Desktop/PROYECTOS/APP/mightyfitness/fitness-backend/vendor/laravel/framework/src/Illuminate/Pipeline/Pipeline.php(209): Illuminate/Foundation/Http/Middleware/ConvertEmptyStringsToNull->handle(Object(Illuminate/Http/Request), Object(Closure))
#45 C:/Users/hamza/Desktop/PROYECTOS/APP/mightyfitness/fitness-backend/vendor/laravel/framework/src/Illuminate/Foundation/Http/Middleware/TransformsRequest.php(21): Illuminate/Pipeline/Pipeline->Illuminate/Pipeline/{closure}(Object(Illuminate/Http/Request))
#46 C:/Users/hamza/Desktop/PROYECTOS/APP/mightyfitness/fitness-backend/vendor/laravel/framework/src/Illuminate/Foundation/Http/Middleware/TrimStrings.php(51): Illuminate/Foundation/Http/Middleware/TransformsRequest->handle(Object(Illuminate/Http/Request), Object(Closure))
#47 C:/Users/hamza/Desktop/PROYECTOS/APP/mightyfitness/fitness-backend/vendor/laravel/framework/src/Illuminate/Pipeline/Pipeline.php(209): Illuminate/Foundation/Http/Middleware/TrimStrings->handle(Object(Illuminate/Http/Request), Object(Closure))
#48 C:/Users/hamza/Desktop/PROYECTOS/APP/mightyfitness/fitness-backend/vendor/laravel/framework/src/Illuminate/Http/Middleware/ValidatePostSize.php(27): Illuminate/Pipeline/Pipeline->Illuminate/Pipeline/{closure}(Object(Illuminate/Http/Request))
#49 C:/Users/hamza/Desktop/PROYECTOS/APP/mightyfitness/fitness-backend/vendor/laravel/framework/src/Illuminate/Pipeline/Pipeline.php(209): Illuminate/Http/Middleware/ValidatePostSize->handle(Object(Illuminate/Http/Request), Object(Closure))
#50 C:/Users/hamza/Desktop/PROYECTOS/APP/mightyfitness/fitness-backend/vendor/laravel/framework/src/Illuminate/Foundation/Http/Middleware/PreventRequestsDuringMaintenance.php(110): Illuminate/Pipeline/Pipeline->Illuminate/Pipeline/{closure}(Object(Illuminate/Http/Request))
#51 C:/Users/hamza/Desktop/PROYECTOS/APP/mightyfitness/fitness-backend/vendor/laravel/framework/src/Illuminate/Pipeline/Pipeline.php(209): Illuminate/Foundation/Http/Middleware/PreventRequestsDuringMaintenance->handle(Object(Illuminate/Http/Request), Object(Closure))
#52 C:/Users/hamza/Desktop/PROYECTOS/APP/mightyfitness/fitness-backend/vendor/laravel/framework/src/Illuminate/Http/Middleware/HandleCors.php(62): Illuminate/Pipeline/Pipeline->Illuminate/Pipeline/{closure}(Object(Illuminate/Http/Request))
#53 C:/Users/hamza/Desktop/PROYECTOS/APP/mightyfitness/fitness-backend/vendor/laravel/framework/src/Illuminate/Pipeline/Pipeline.php(209): Illuminate/Http/Middleware/HandleCors->handle(Object(Illuminate/Http/Request), Object(Closure))
#54 C:/Users/hamza/Desktop/PROYECTOS/APP/mightyfitness/fitness-backend/vendor/laravel/framework/src/Illuminate/Pipeline/Pipeline.php(127): Illuminate/Pipeline/Pipeline->Illuminate/Pipeline/{closure}(Object(Illuminate/Http/Request))
#55 C:/Users/hamza/Desktop/PROYECTOS/APP/mightyfitness/fitness-backend/vendor/laravel/framework/src/Illuminate/Foundation/Http/Kernel.php(176): Illuminate/Pipeline/Pipeline->then(Object(Closure))
#56 C:/Users/hamza/Desktop/PROYECTOS/APP/mightyfitness/fitness-backend/vendor/laravel/framework/src/Illuminate/Foundation/Http/Kernel.php(145): Illuminate/Foundation/Http/Kernel->sendRequestThroughRouter(Object(Illuminate/Http/Request))
#57 C:/Users/hamza/Desktop/PROYECTOS/APP/mightyfitness/fitness-backend/public/index.php(51): Illuminate/Foundation/Http/Kernel->handle(Object(Illuminate/Http/Request))
#58 C:/Users/hamza/Desktop/PROYECTOS/APP/mightyfitness/fitness-backend/server.php(21): require_once('C://Users//hamza//...')
#59 {main}

[previous exception] [object] (PDOException(code: 42S22): SQLSTATE[42S22]: Column not found: 1054 Unknown column 'client_tag_assignments.tag_id' in 'field list' at C:/Users/hamza/Desktop/PROYECTOS/APP/mightyfitness/fitness-backend/vendor/laravel/framework/src/Illuminate/Database/Connection.php:407)
[stacktrace]
#0 C:/Users/hamza/Desktop/PROYECTOS/APP/mightyfitness/fitness-backend/vendor/laravel/framework/src/Illuminate/Database/Connection.php(407): PDO->prepare('select `client_...')
#1 C:/Users/hamza/Desktop/PROYECTOS/APP/mightyfitness/fitness-backend/vendor/laravel/framework/src/Illuminate/Database/Connection.php(812): Illuminate/Database/Connection->Illuminate/Database/{closure}('select `client_...', Array)
#2 C:/Users/hamza/Desktop/PROYECTOS/APP/mightyfitness/fitness-backend/vendor/laravel/framework/src/Illuminate/Database/Connection.php(779): Illuminate/Database/Connection->runQueryCallback('select `client_...', Array, Object(Closure))
#3 C:/Users/hamza/Desktop/PROYECTOS/APP/mightyfitness/fitness-backend/vendor/laravel/framework/src/Illuminate/Database/Connection.php(398): Illuminate/Database/Connection->run('select `client_...', Array, Object(Closure))
#4 C:/Users/hamza/Desktop/PROYECTOS/APP/mightyfitness/fitness-backend/vendor/laravel/framework/src/Illuminate/Database/Query/Builder.php(3106): Illuminate/Database/Connection->select('select `client_...', Array, true)
#5 C:/Users/hamza/Desktop/PROYECTOS/APP/mightyfitness/fitness-backend/vendor/laravel/framework/src/Illuminate/Database/Query/Builder.php(3091): Illuminate/Database/Query/Builder->runSelect()
#6 C:/Users/hamza/Desktop/PROYECTOS/APP/mightyfitness/fitness-backend/vendor/laravel/framework/src/Illuminate/Database/Query/Builder.php(3676): Illuminate/Database/Query/Builder->Illuminate/Database/Query/{closure}()
#7 C:/Users/hamza/Desktop/PROYECTOS/APP/mightyfitness/fitness-backend/vendor/laravel/framework/src/Illuminate/Database/Query/Builder.php(3090): Illuminate/Database/Query/Builder->onceWithColumns(Array, Object(Closure))
#8 C:/Users/hamza/Desktop/PROYECTOS/APP/mightyfitness/fitness-backend/vendor/laravel/framework/src/Illuminate/Database/Eloquent/Builder.php(811): Illuminate/Database/Query/Builder->get(Array)
#9 C:/Users/hamza/Desktop/PROYECTOS/APP/mightyfitness/fitness-backend/vendor/laravel/framework/src/Illuminate/Database/Eloquent/Relations/BelongsToMany.php(887): Illuminate/Database/Eloquent/Builder->getModels()
#10 C:/Users/hamza/Desktop/PROYECTOS/APP/mightyfitness/fitness-backend/vendor/laravel/framework/src/Illuminate/Database/Eloquent/Relations/Relation.php(176): Illuminate/Database/Eloquent/Relations/BelongsToMany->get()
#11 C:/Users/hamza/Desktop/PROYECTOS/APP/mightyfitness/fitness-backend/vendor/laravel/framework/src/Illuminate/Database/Eloquent/Builder.php(859): Illuminate/Database/Eloquent/Relations/Relation->getEager()
#12 C:/Users/hamza/Desktop/PROYECTOS/APP/mightyfitness/fitness-backend/vendor/laravel/framework/src/Illuminate/Database/Eloquent/Builder.php(828): Illuminate/Database/Eloquent/Builder->eagerLoadRelation(Array, 'tags', Object(Closure))
#13 C:/Users/hamza/Desktop/PROYECTOS/APP/mightyfitness/fitness-backend/vendor/laravel/framework/src/Illuminate/Database/Eloquent/Builder.php(794): Illuminate/Database/Eloquent/Builder->eagerLoadRelations(Array)
#14 C:/Users/hamza/Desktop/PROYECTOS/APP/mightyfitness/fitness-backend/vendor/laravel/framework/src/Illuminate/Database/Concerns/BuildsQueries.php(343): Illuminate/Database/Eloquent/Builder->get(Array)
#15 C:/Users/hamza/Desktop/PROYECTOS/APP/mightyfitness/fitness-backend/vendor/laravel/framework/src/Illuminate/Database/Eloquent/Builder.php(477): Illuminate/Database/Eloquent/Builder->first(Array)
#16 C:/Users/hamza/Desktop/PROYECTOS/APP/mightyfitness/fitness-backend/app/Http/Controllers/API/ClientTagController.php(55): Illuminate/Database/Eloquent/Builder->find('8')
#17 C:/Users/hamza/Desktop/PROYECTOS/APP/mightyfitness/fitness-backend/vendor/laravel/framework/src/Illuminate/Routing/Controller.php(54): App/Http/Controllers/API/ClientTagController->getClientTags(Object(Illuminate/Http/Request))
#18 C:/Users/hamza/Desktop/PROYECTOS/APP/mightyfitness/fitness-backend/vendor/laravel/framework/src/Illuminate/Routing/ControllerDispatcher.php(44): Illuminate/Routing/Controller->callAction('getClientTags', Array)
#19 C:/Users/hamza/Desktop/PROYECTOS/APP/mightyfitness/fitness-backend/vendor/laravel/framework/src/Illuminate/Routing/Route.php(266): Illuminate/Routing/ControllerDispatcher->dispatch(Object(Illuminate/Routing/Route), Object(App/Http/Controllers/API/ClientTagController), 'getClientTags')
#20 C:/Users/hamza/Desktop/PROYECTOS/APP/mightyfitness/fitness-backend/vendor/laravel/framework/src/Illuminate/Routing/Route.php(212): Illuminate/Routing/Route->runController()
#21 C:/Users/hamza/Desktop/PROYECTOS/APP/mightyfitness/fitness-backend/vendor/laravel/framework/src/Illuminate/Routing/Router.php(808): Illuminate/Routing/Route->run()
#22 C:/Users/hamza/Desktop/PROYECTOS/APP/mightyfitness/fitness-backend/vendor/laravel/framework/src/Illuminate/Pipeline/Pipeline.php(170): Illuminate/Routing/Router->Illuminate/Routing/{closure}(Object(Illuminate/Http/Request))
#23 C:/Users/hamza/Desktop/PROYECTOS/APP/mightyfitness/fitness-backend/app/Http/Middleware/AdminApi.php(26): Illuminate/Pipeline/Pipeline->Illuminate/Pipeline/{closure}(Object(Illuminate/Http/Request))
#24 C:/Users/hamza/Desktop/PROYECTOS/APP/mightyfitness/fitness-backend/vendor/laravel/framework/src/Illuminate/Pipeline/Pipeline.php(209): App/Http/Middleware/AdminApi->handle(Object(Illuminate/Http/Request), Object(Closure))
#25 C:/Users/hamza/Desktop/PROYECTOS/APP/mightyfitness/fitness-backend/app/Http/Middleware/API/CheckUserStatus.php(26): Illuminate/Pipeline/Pipeline->Illuminate/Pipeline/{closure}(Object(Illuminate/Http/Request))
#26 C:/Users/hamza/Desktop/PROYECTOS/APP/mightyfitness/fitness-backend/vendor/laravel/framework/src/Illuminate/Pipeline/Pipeline.php(209): App/Http/Middleware/API/CheckUserStatus->handle(Object(Illuminate/Http/Request), Object(Closure))
#27 C:/Users/hamza/Desktop/PROYECTOS/APP/mightyfitness/fitness-backend/vendor/laravel/framework/src/Illuminate/Routing/Middleware/SubstituteBindings.php(51): Illuminate/Pipeline/Pipeline->Illuminate/Pipeline/{closure}(Object(Illuminate/Http/Request))
#28 C:/Users/hamza/Desktop/PROYECTOS/APP/mightyfitness/fitness-backend/vendor/laravel/framework/src/Illuminate/Pipeline/Pipeline.php(209): Illuminate/Routing/Middleware/SubstituteBindings->handle(Object(Illuminate/Http/Request), Object(Closure))
#29 C:/Users/hamza/Desktop/PROYECTOS/APP/mightyfitness/fitness-backend/vendor/laravel/framework/src/Illuminate/Routing/Middleware/ThrottleRequests.php(161): Illuminate/Pipeline/Pipeline->Illuminate/Pipeline/{closure}(Object(Illuminate/Http/Request))
#30 C:/Users/hamza/Desktop/PROYECTOS/APP/mightyfitness/fitness-backend/vendor/laravel/framework/src/Illuminate/Routing/Middleware/ThrottleRequests.php(127): Illuminate/Routing/Middleware/ThrottleRequests->handleRequest(Object(Illuminate/Http/Request), Object(Closure), Array)
#31 C:/Users/hamza/Desktop/PROYECTOS/APP/mightyfitness/fitness-backend/vendor/laravel/framework/src/Illuminate/Routing/Middleware/ThrottleRequests.php(89): Illuminate/Routing/Middleware/ThrottleRequests->handleRequestUsingNamedLimiter(Object(Illuminate/Http/Request), Object(Closure), 'api', Object(Closure))
#32 C:/Users/hamza/Desktop/PROYECTOS/APP/mightyfitness/fitness-backend/vendor/laravel/framework/src/Illuminate/Pipeline/Pipeline.php(209): Illuminate/Routing/Middleware/ThrottleRequests->handle(Object(Illuminate/Http/Request), Object(Closure), 'api')
#33 C:/Users/hamza/Desktop/PROYECTOS/APP/mightyfitness/fitness-backend/vendor/laravel/framework/src/Illuminate/Auth/Middleware/Authenticate.php(64): Illuminate/Pipeline/Pipeline->Illuminate/Pipeline/{closure}(Object(Illuminate/Http/Request))
#34 C:/Users/hamza/Desktop/PROYECTOS/APP/mightyfitness/fitness-backend/vendor/laravel/framework/src/Illuminate/Pipeline/Pipeline.php(209): Illuminate/Auth/Middleware/Authenticate->handle(Object(Illuminate/Http/Request), Object(Closure), 'sanctum')
#35 C:/Users/hamza/Desktop/PROYECTOS/APP/mightyfitness/fitness-backend/vendor/laravel/framework/src/Illuminate/Pipeline/Pipeline.php(127): Illuminate/Pipeline/Pipeline->Illuminate/Pipeline/{closure}(Object(Illuminate/Http/Request))
#36 C:/Users/hamza/Desktop/PROYECTOS/APP/mightyfitness/fitness-backend/vendor/laravel/framework/src/Illuminate/Routing/Router.php(807): Illuminate/Pipeline/Pipeline->then(Object(Closure))
#37 C:/Users/hamza/Desktop/PROYECTOS/APP/mightyfitness/fitness-backend/vendor/laravel/framework/src/Illuminate/Routing/Router.php(786): Illuminate/Routing/Router->runRouteWithinStack(Object(Illuminate/Routing/Route), Object(Illuminate/Http/Request))
#38 C:/Users/hamza/Desktop/PROYECTOS/APP/mightyfitness/fitness-backend/vendor/laravel/framework/src/Illuminate/Routing/Router.php(750): Illuminate/Routing/Router->runRoute(Object(Illuminate/Http/Request), Object(Illuminate/Routing/Route))
#39 C:/Users/hamza/Desktop/PROYECTOS/APP/mightyfitness/fitness-backend/vendor/laravel/framework/src/Illuminate/Routing/Router.php(739): Illuminate/Routing/Router->dispatchToRoute(Object(Illuminate/Http/Request))
#40 C:/Users/hamza/Desktop/PROYECTOS/APP/mightyfitness/fitness-backend/vendor/laravel/framework/src/Illuminate/Foundation/Http/Kernel.php(201): Illuminate/Routing/Router->dispatch(Object(Illuminate/Http/Request))
#41 C:/Users/hamza/Desktop/PROYECTOS/APP/mightyfitness/fitness-backend/vendor/laravel/framework/src/Illuminate/Pipeline/Pipeline.php(170): Illuminate/Foundation/Http/Kernel->Illuminate/Foundation/Http/{closure}(Object(Illuminate/Http/Request))
#42 C:/Users/hamza/Desktop/PROYECTOS/APP/mightyfitness/fitness-backend/vendor/livewire/livewire/src/Features/SupportDisablingBackButtonCache/DisableBackButtonCacheMiddleware.php(19): Illuminate/Pipeline/Pipeline->Illuminate/Pipeline/{closure}(Object(Illuminate/Http/Request))
#43 C:/Users/hamza/Desktop/PROYECTOS/APP/mightyfitness/fitness-backend/vendor/laravel/framework/src/Illuminate/Pipeline/Pipeline.php(209): Livewire/Features/SupportDisablingBackButtonCache/DisableBackButtonCacheMiddleware->handle(Object(Illuminate/Http/Request), Object(Closure))
#44 C:/Users/hamza/Desktop/PROYECTOS/APP/mightyfitness/fitness-backend/vendor/laravel/framework/src/Illuminate/Foundation/Http/Middleware/TransformsRequest.php(21): Illuminate/Pipeline/Pipeline->Illuminate/Pipeline/{closure}(Object(Illuminate/Http/Request))
#45 C:/Users/hamza/Desktop/PROYECTOS/APP/mightyfitness/fitness-backend/vendor/laravel/framework/src/Illuminate/Foundation/Http/Middleware/ConvertEmptyStringsToNull.php(31): Illuminate/Foundation/Http/Middleware/TransformsRequest->handle(Object(Illuminate/Http/Request), Object(Closure))
#46 C:/Users/hamza/Desktop/PROYECTOS/APP/mightyfitness/fitness-backend/vendor/laravel/framework/src/Illuminate/Pipeline/Pipeline.php(209): Illuminate/Foundation/Http/Middleware/ConvertEmptyStringsToNull->handle(Object(Illuminate/Http/Request), Object(Closure))
#47 C:/Users/hamza/Desktop/PROYECTOS/APP/mightyfitness/fitness-backend/vendor/laravel/framework/src/Illuminate/Foundation/Http/Middleware/TransformsRequest.php(21): Illuminate/Pipeline/Pipeline->Illuminate/Pipeline/{closure}(Object(Illuminate/Http/Request))
#48 C:/Users/hamza/Desktop/PROYECTOS/APP/mightyfitness/fitness-backend/vendor/laravel/framework/src/Illuminate/Foundation/Http/Middleware/TrimStrings.php(51): Illuminate/Foundation/Http/Middleware/TransformsRequest->handle(Object(Illuminate/Http/Request), Object(Closure))
#49 C:/Users/hamza/Desktop/PROYECTOS/APP/mightyfitness/fitness-backend/vendor/laravel/framework/src/Illuminate/Pipeline/Pipeline.php(209): Illuminate/Foundation/Http/Middleware/TrimStrings->handle(Object(Illuminate/Http/Request), Object(Closure))
#50 C:/Users/hamza/Desktop/PROYECTOS/APP/mightyfitness/fitness-backend/vendor/laravel/framework/src/Illuminate/Http/Middleware/ValidatePostSize.php(27): Illuminate/Pipeline/Pipeline->Illuminate/Pipeline/{closure}(Object(Illuminate/Http/Request))
#51 C:/Users/hamza/Desktop/PROYECTOS/APP/mightyfitness/fitness-backend/vendor/laravel/framework/src/Illuminate/Pipeline/Pipeline.php(209): Illuminate/Http/Middleware/ValidatePostSize->handle(Object(Illuminate/Http/Request), Object(Closure))
#52 C:/Users/hamza/Desktop/PROYECTOS/APP/mightyfitness/fitness-backend/vendor/laravel/framework/src/Illuminate/Foundation/Http/Middleware/PreventRequestsDuringMaintenance.php(110): Illuminate/Pipeline/Pipeline->Illuminate/Pipeline/{closure}(Object(Illuminate/Http/Request))
#53 C:/Users/hamza/Desktop/PROYECTOS/APP/mightyfitness/fitness-backend/vendor/laravel/framework/src/Illuminate/Pipeline/Pipeline.php(209): Illuminate/Foundation/Http/Middleware/PreventRequestsDuringMaintenance->handle(Object(Illuminate/Http/Request), Object(Closure))
#54 C:/Users/hamza/Desktop/PROYECTOS/APP/mightyfitness/fitness-backend/vendor/laravel/framework/src/Illuminate/Http/Middleware/HandleCors.php(62): Illuminate/Pipeline/Pipeline->Illuminate/Pipeline/{closure}(Object(Illuminate/Http/Request))
#55 C:/Users/hamza/Desktop/PROYECTOS/APP/mightyfitness/fitness-backend/vendor/laravel/framework/src/Illuminate/Pipeline/Pipeline.php(209): Illuminate/Http/Middleware/HandleCors->handle(Object(Illuminate/Http/Request), Object(Closure))
#56 C:/Users/hamza/Desktop/PROYECTOS/APP/mightyfitness/fitness-backend/vendor/laravel/framework/src/Illuminate/Pipeline/Pipeline.php(127): Illuminate/Pipeline/Pipeline->Illuminate/Pipeline/{closure}(Object(Illuminate/Http/Request))
#57 C:/Users/hamza/Desktop/PROYECTOS/APP/mightyfitness/fitness-backend/vendor/laravel/framework/src/Illuminate/Foundation/Http/Kernel.php(176): Illuminate/Pipeline/Pipeline->then(Object(Closure))
#58 C:/Users/hamza/Desktop/PROYECTOS/APP/mightyfitness/fitness-backend/vendor/laravel/framework/src/Illuminate/Foundation/Http/Kernel.php(145): Illuminate/Foundation/Http/Kernel->sendRequestThroughRouter(Object(Illuminate/Http/Request))
#59 C:/Users/hamza/Desktop/PROYECTOS/APP/mightyfitness/fitness-backend/public/index.php(51): Illuminate/Foundation/Http/Kernel->handle(Object(Illuminate/Http/Request))
#60 C:/Users/hamza/Desktop/PROYECTOS/APP/mightyfitness/fitness-backend/server.php(21): require_once('C://Users//hamza//...')
#61 {main}
"} 
[2026-08-06 12:45:39] local.ERROR: SQLSTATE[42S22]: Column not found: 1054 Unknown column 'client_tag_assignments.tag_id' in 'field list' (Connection: mysql, SQL: select `client_tags`.*, `client_tag_assignments`.`client_id` as `pivot_client_id`, `client_tag_assignments`.`tag_id` as `pivot_tag_id` from `client_tags` inner join `client_tag_assignments` on `client_tags`.`id` = `client_tag_assignments`.`tag_id` where `client_tag_assignments`.`client_id` in (8)) {"userId":2,"exception":"[object] (Illuminate\\Database\\QueryException(code: 42S22): SQLSTATE[42S22]: Column not found: 1054 Unknown column 'client_tag_assignments.tag_id' in 'field list' (Connection: mysql, SQL: select `client_tags`.*, `client_tag_assignments`.`client_id` as `pivot_client_id`, `client_tag_assignments`.`tag_id` as `pivot_tag_id` from `client_tags` inner join `client_tag_assignments` on `client_tags`.`id` = `client_tag_assignments`.`tag_id` where `client_tag_assignments`.`client_id` in (8)) at C:/Users/hamza/Desktop/PROYECTOS/APP/mightyfitness/fitness-backend/vendor/laravel/framework/src/Illuminate/Database/Connection.php:825)
[stacktrace]
#0 C:/Users/hamza/Desktop/PROYECTOS/APP/mightyfitness/fitness-backend/vendor/laravel/framework/src/Illuminate/Database/Connection.php(779): Illuminate/Database/Connection->runQueryCallback('select `client_...', Array, Object(Closure))
#1 C:/Users/hamza/Desktop/PROYECTOS/APP/mightyfitness/fitness-backend/vendor/laravel/framework/src/Illuminate/Database/Connection.php(398): Illuminate/Database/Connection->run('select `client_...', Array, Object(Closure))
#2 C:/Users/hamza/Desktop/PROYECTOS/APP/mightyfitness/fitness-backend/vendor/laravel/framework/src/Illuminate/Database/Query/Builder.php(3106): Illuminate/Database/Connection->select('select `client_...', Array, true)
#3 C:/Users/hamza/Desktop/PROYECTOS/APP/mightyfitness/fitness-backend/vendor/laravel/framework/src/Illuminate/Database/Query/Builder.php(3091): Illuminate/Database/Query/Builder->runSelect()
#4 C:/Users/hamza/Desktop/PROYECTOS/APP/mightyfitness/fitness-backend/vendor/laravel/framework/src/Illuminate/Database/Query/Builder.php(3676): Illuminate/Database/Query/Builder->Illuminate/Database/Query/{closure}()
#5 C:/Users/hamza/Desktop/PROYECTOS/APP/mightyfitness/fitness-backend/vendor/laravel/framework/src/Illuminate/Database/Query/Builder.php(3090): Illuminate/Database/Query/Builder->onceWithColumns(Array, Object(Closure))
#6 C:/Users/hamza/Desktop/PROYECTOS/APP/mightyfitness/fitness-backend/vendor/laravel/framework/src/Illuminate/Database/Eloquent/Builder.php(811): Illuminate/Database/Query/Builder->get(Array)
#7 C:/Users/hamza/Desktop/PROYECTOS/APP/mightyfitness/fitness-backend/vendor/laravel/framework/src/Illuminate/Database/Eloquent/Relations/BelongsToMany.php(887): Illuminate/Database/Eloquent/Builder->getModels()
#8 C:/Users/hamza/Desktop/PROYECTOS/APP/mightyfitness/fitness-backend/vendor/laravel/framework/src/Illuminate/Database/Eloquent/Relations/Relation.php(176): Illuminate/Database/Eloquent/Relations/BelongsToMany->get()
#9 C:/Users/hamza/Desktop/PROYECTOS/APP/mightyfitness/fitness-backend/vendor/laravel/framework/src/Illuminate/Database/Eloquent/Builder.php(859): Illuminate/Database/Eloquent/Relations/Relation->getEager()
#10 C:/Users/hamza/Desktop/PROYECTOS/APP/mightyfitness/fitness-backend/vendor/laravel/framework/src/Illuminate/Database/Eloquent/Builder.php(828): Illuminate/Database/Eloquent/Builder->eagerLoadRelation(Array, 'tags', Object(Closure))
#11 C:/Users/hamza/Desktop/PROYECTOS/APP/mightyfitness/fitness-backend/vendor/laravel/framework/src/Illuminate/Database/Eloquent/Builder.php(794): Illuminate/Database/Eloquent/Builder->eagerLoadRelations(Array)
#12 C:/Users/hamza/Desktop/PROYECTOS/APP/mightyfitness/fitness-backend/vendor/laravel/framework/src/Illuminate/Database/Concerns/BuildsQueries.php(343): Illuminate/Database/Eloquent/Builder->get(Array)
#13 C:/Users/hamza/Desktop/PROYECTOS/APP/mightyfitness/fitness-backend/vendor/laravel/framework/src/Illuminate/Database/Eloquent/Builder.php(477): Illuminate/Database/Eloquent/Builder->first(Array)
#14 C:/Users/hamza/Desktop/PROYECTOS/APP/mightyfitness/fitness-backend/app/Http/Controllers/API/ClientTagController.php(55): Illuminate/Database/Eloquent/Builder->find('8')
#15 C:/Users/hamza/Desktop/PROYECTOS/APP/mightyfitness/fitness-backend/vendor/laravel/framework/src/Illuminate/Routing/Controller.php(54): App/Http/Controllers/API/ClientTagController->getClientTags(Object(Illuminate/Http/Request))
#16 C:/Users/hamza/Desktop/PROYECTOS/APP/mightyfitness/fitness-backend/vendor/laravel/framework/src/Illuminate/Routing/ControllerDispatcher.php(44): Illuminate/Routing/Controller->callAction('getClientTags', Array)
#17 C:/Users/hamza/Desktop/PROYECTOS/APP/mightyfitness/fitness-backend/vendor/laravel/framework/src/Illuminate/Routing/Route.php(266): Illuminate/Routing/ControllerDispatcher->dispatch(Object(Illuminate/Routing/Route), Object(App/Http/Controllers/API/ClientTagController), 'getClientTags')
#18 C:/Users/hamza/Desktop/PROYECTOS/APP/mightyfitness/fitness-backend/vendor/laravel/framework/src/Illuminate/Routing/Route.php(212): Illuminate/Routing/Route->runController()
#19 C:/Users/hamza/Desktop/PROYECTOS/APP/mightyfitness/fitness-backend/vendor/laravel/framework/src/Illuminate/Routing/Router.php(808): Illuminate/Routing/Route->run()
#20 C:/Users/hamza/Desktop/PROYECTOS/APP/mightyfitness/fitness-backend/vendor/laravel/framework/src/Illuminate/Pipeline/Pipeline.php(170): Illuminate/Routing/Router->Illuminate/Routing/{closure}(Object(Illuminate/Http/Request))
#21 C:/Users/hamza/Desktop/PROYECTOS/APP/mightyfitness/fitness-backend/app/Http/Middleware/AdminApi.php(26): Illuminate/Pipeline/Pipeline->Illuminate/Pipeline/{closure}(Object(Illuminate/Http/Request))
#22 C:/Users/hamza/Desktop/PROYECTOS/APP/mightyfitness/fitness-backend/vendor/laravel/framework/src/Illuminate/Pipeline/Pipeline.php(209): App/Http/Middleware/AdminApi->handle(Object(Illuminate/Http/Request), Object(Closure))
#23 C:/Users/hamza/Desktop/PROYECTOS/APP/mightyfitness/fitness-backend/app/Http/Middleware/API/CheckUserStatus.php(26): Illuminate/Pipeline/Pipeline->Illuminate/Pipeline/{closure}(Object(Illuminate/Http/Request))
#24 C:/Users/hamza/Desktop/PROYECTOS/APP/mightyfitness/fitness-backend/vendor/laravel/framework/src/Illuminate/Pipeline/Pipeline.php(209): App/Http/Middleware/API/CheckUserStatus->handle(Object(Illuminate/Http/Request), Object(Closure))
#25 C:/Users/hamza/Desktop/PROYECTOS/APP/mightyfitness/fitness-backend/vendor/laravel/framework/src/Illuminate/Routing/Middleware/SubstituteBindings.php(51): Illuminate/Pipeline/Pipeline->Illuminate/Pipeline/{closure}(Object(Illuminate/Http/Request))
#26 C:/Users/hamza/Desktop/PROYECTOS/APP/mightyfitness/fitness-backend/vendor/laravel/framework/src/Illuminate/Pipeline/Pipeline.php(209): Illuminate/Routing/Middleware/SubstituteBindings->handle(Object(Illuminate/Http/Request), Object(Closure))
#27 C:/Users/hamza/Desktop/PROYECTOS/APP/mightyfitness/fitness-backend/vendor/laravel/framework/src/Illuminate/Routing/Middleware/ThrottleRequests.php(161): Illuminate/Pipeline/Pipeline->Illuminate/Pipeline/{closure}(Object(Illuminate/Http/Request))
#28 C:/Users/hamza/Desktop/PROYECTOS/APP/mightyfitness/fitness-backend/vendor/laravel/framework/src/Illuminate/Routing/Middleware/ThrottleRequests.php(127): Illuminate/Routing/Middleware/ThrottleRequests->handleRequest(Object(Illuminate/Http/Request), Object(Closure), Array)
#29 C:/Users/hamza/Desktop/PROYECTOS/APP/mightyfitness/fitness-backend/vendor/laravel/framework/src/Illuminate/Routing/Middleware/ThrottleRequests.php(89): Illuminate/Routing/Middleware/ThrottleRequests->handleRequestUsingNamedLimiter(Object(Illuminate/Http/Request), Object(Closure), 'api', Object(Closure))
#30 C:/Users/hamza/Desktop/PROYECTOS/APP/mightyfitness/fitness-backend/vendor/laravel/framework/src/Illuminate/Pipeline/Pipeline.php(209): Illuminate/Routing/Middleware/ThrottleRequests->handle(Object(Illuminate/Http/Request), Object(Closure), 'api')
#31 C:/Users/hamza/Desktop/PROYECTOS/APP/mightyfitness/fitness-backend/vendor/laravel/framework/src/Illuminate/Auth/Middleware/Authenticate.php(64): Illuminate/Pipeline/Pipeline->Illuminate/Pipeline/{closure}(Object(Illuminate/Http/Request))
#32 C:/Users/hamza/Desktop/PROYECTOS/APP/mightyfitness/fitness-backend/vendor/laravel/framework/src/Illuminate/Pipeline/Pipeline.php(209): Illuminate/Auth/Middleware/Authenticate->handle(Object(Illuminate/Http/Request), Object(Closure), 'sanctum')
#33 C:/Users/hamza/Desktop/PROYECTOS/APP/mightyfitness/fitness-backend/vendor/laravel/framework/src/Illuminate/Pipeline/Pipeline.php(127): Illuminate/Pipeline/Pipeline->Illuminate/Pipeline/{closure}(Object(Illuminate/Http/Request))
#34 C:/Users/hamza/Desktop/PROYECTOS/APP/mightyfitness/fitness-backend/vendor/laravel/framework/src/Illuminate/Routing/Router.php(807): Illuminate/Pipeline/Pipeline->then(Object(Closure))
#35 C:/Users/hamza/Desktop/PROYECTOS/APP/mightyfitness/fitness-backend/vendor/laravel/framework/src/Illuminate/Routing/Router.php(786): Illuminate/Routing/Router->runRouteWithinStack(Object(Illuminate/Routing/Route), Object(Illuminate/Http/Request))
#36 C:/Users/hamza/Desktop/PROYECTOS/APP/mightyfitness/fitness-backend/vendor/laravel/framework/src/Illuminate/Routing/Router.php(750): Illuminate/Routing/Router->runRoute(Object(Illuminate/Http/Request), Object(Illuminate/Routing/Route))
#37 C:/Users/hamza/Desktop/PROYECTOS/APP/mightyfitness/fitness-backend/vendor/laravel/framework/src/Illuminate/Routing/Router.php(739): Illuminate/Routing/Router->dispatchToRoute(Object(Illuminate/Http/Request))
#38 C:/Users/hamza/Desktop/PROYECTOS/APP/mightyfitness/fitness-backend/vendor/laravel/framework/src/Illuminate/Foundation/Http/Kernel.php(201): Illuminate/Routing/Router->dispatch(Object(Illuminate/Http/Request))
#39 C:/Users/hamza/Desktop/PROYECTOS/APP/mightyfitness/fitness-backend/vendor/laravel/framework/src/Illuminate/Pipeline/Pipeline.php(170): Illuminate/Foundation/Http/Kernel->Illuminate/Foundation/Http/{closure}(Object(Illuminate/Http/Request))
#40 C:/Users/hamza/Desktop/PROYECTOS/APP/mightyfitness/fitness-backend/vendor/livewire/livewire/src/Features/SupportDisablingBackButtonCache/DisableBackButtonCacheMiddleware.php(19): Illuminate/Pipeline/Pipeline->Illuminate/Pipeline/{closure}(Object(Illuminate/Http/Request))
#41 C:/Users/hamza/Desktop/PROYECTOS/APP/mightyfitness/fitness-backend/vendor/laravel/framework/src/Illuminate/Pipeline/Pipeline.php(209): Livewire/Features/SupportDisablingBackButtonCache/DisableBackButtonCacheMiddleware->handle(Object(Illuminate/Http/Request), Object(Closure))
#42 C:/Users/hamza/Desktop/PROYECTOS/APP/mightyfitness/fitness-backend/vendor/laravel/framework/src/Illuminate/Foundation/Http/Middleware/TransformsRequest.php(21): Illuminate/Pipeline/Pipeline->Illuminate/Pipeline/{closure}(Object(Illuminate/Http/Request))
#43 C:/Users/hamza/Desktop/PROYECTOS/APP/mightyfitness/fitness-backend/vendor/laravel/framework/src/Illuminate/Foundation/Http/Middleware/ConvertEmptyStringsToNull.php(31): Illuminate/Foundation/Http/Middleware/TransformsRequest->handle(Object(Illuminate/Http/Request), Object(Closure))
#44 C:/Users/hamza/Desktop/PROYECTOS/APP/mightyfitness/fitness-backend/vendor/laravel/framework/src/Illuminate/Pipeline/Pipeline.php(209): Illuminate/Foundation/Http/Middleware/ConvertEmptyStringsToNull->handle(Object(Illuminate/Http/Request), Object(Closure))
#45 C:/Users/hamza/Desktop/PROYECTOS/APP/mightyfitness/fitness-backend/vendor/laravel/framework/src/Illuminate/Foundation/Http/Middleware/TransformsRequest.php(21): Illuminate/Pipeline/Pipeline->Illuminate/Pipeline/{closure}(Object(Illuminate/Http/Request))
#46 C:/Users/hamza/Desktop/PROYECTOS/APP/mightyfitness/fitness-backend/vendor/laravel/framework/src/Illuminate/Foundation/Http/Middleware/TrimStrings.php(51): Illuminate/Foundation/Http/Middleware/TransformsRequest->handle(Object(Illuminate/Http/Request), Object(Closure))
#47 C:/Users/hamza/Desktop/PROYECTOS/APP/mightyfitness/fitness-backend/vendor/laravel/framework/src/Illuminate/Pipeline/Pipeline.php(209): Illuminate/Foundation/Http/Middleware/TrimStrings->handle(Object(Illuminate/Http/Request), Object(Closure))
#48 C:/Users/hamza/Desktop/PROYECTOS/APP/mightyfitness/fitness-backend/vendor/laravel/framework/src/Illuminate/Http/Middleware/ValidatePostSize.php(27): Illuminate/Pipeline/Pipeline->Illuminate/Pipeline/{closure}(Object(Illuminate/Http/Request))
#49 C:/Users/hamza/Desktop/PROYECTOS/APP/mightyfitness/fitness-backend/vendor/laravel/framework/src/Illuminate/Pipeline/Pipeline.php(209): Illuminate/Http/Middleware/ValidatePostSize->handle(Object(Illuminate/Http/Request), Object(Closure))
#50 C:/Users/hamza/Desktop/PROYECTOS/APP/mightyfitness/fitness-backend/vendor/laravel/framework/src/Illuminate/Foundation/Http/Middleware/PreventRequestsDuringMaintenance.php(110): Illuminate/Pipeline/Pipeline->Illuminate/Pipeline/{closure}(Object(Illuminate/Http/Request))
#51 C:/Users/hamza/Desktop/PROYECTOS/APP/mightyfitness/fitness-backend/vendor/laravel/framework/src/Illuminate/Pipeline/Pipeline.php(209): Illuminate/Foundation/Http/Middleware/PreventRequestsDuringMaintenance->handle(Object(Illuminate/Http/Request), Object(Closure))
#52 C:/Users/hamza/Desktop/PROYECTOS/APP/mightyfitness/fitness-backend/vendor/laravel/framework/src/Illuminate/Http/Middleware/HandleCors.php(62): Illuminate/Pipeline/Pipeline->Illuminate/Pipeline/{closure}(Object(Illuminate/Http/Request))
#53 C:/Users/hamza/Desktop/PROYECTOS/APP/mightyfitness/fitness-backend/vendor/laravel/framework/src/Illuminate/Pipeline/Pipeline.php(209): Illuminate/Http/Middleware/HandleCors->handle(Object(Illuminate/Http/Request), Object(Closure))
#54 C:/Users/hamza/Desktop/PROYECTOS/APP/mightyfitness/fitness-backend/vendor/laravel/framework/src/Illuminate/Pipeline/Pipeline.php(127): Illuminate/Pipeline/Pipeline->Illuminate/Pipeline/{closure}(Object(Illuminate/Http/Request))
#55 C:/Users/hamza/Desktop/PROYECTOS/APP/mightyfitness/fitness-backend/vendor/laravel/framework/src/Illuminate/Foundation/Http/Kernel.php(176): Illuminate/Pipeline/Pipeline->then(Object(Closure))
#56 C:/Users/hamza/Desktop/PROYECTOS/APP/mightyfitness/fitness-backend/vendor/laravel/framework/src/Illuminate/Foundation/Http/Kernel.php(145): Illuminate/Foundation/Http/Kernel->sendRequestThroughRouter(Object(Illuminate/Http/Request))
#57 C:/Users/hamza/Desktop/PROYECTOS/APP/mightyfitness/fitness-backend/public/index.php(51): Illuminate/Foundation/Http/Kernel->handle(Object(Illuminate/Http/Request))
#58 C:/Users/hamza/Desktop/PROYECTOS/APP/mightyfitness/fitness-backend/server.php(21): require_once('C://Users//hamza//...')
#59 {main}

[previous exception] [object] (PDOException(code: 42S22): SQLSTATE[42S22]: Column not found: 1054 Unknown column 'client_tag_assignments.tag_id' in 'field list' at C:/Users/hamza/Desktop/PROYECTOS/APP/mightyfitness/fitness-backend/vendor/laravel/framework/src/Illuminate/Database/Connection.php:407)
[stacktrace]
#0 C:/Users/hamza/Desktop/PROYECTOS/APP/mightyfitness/fitness-backend/vendor/laravel/framework/src/Illuminate/Database/Connection.php(407): PDO->prepare('select `client_...')
#1 C:/Users/hamza/Desktop/PROYECTOS/APP/mightyfitness/fitness-backend/vendor/laravel/framework/src/Illuminate/Database/Connection.php(812): Illuminate/Database/Connection->Illuminate/Database/{closure}('select `client_...', Array)
#2 C:/Users/hamza/Desktop/PROYECTOS/APP/mightyfitness/fitness-backend/vendor/laravel/framework/src/Illuminate/Database/Connection.php(779): Illuminate/Database/Connection->runQueryCallback('select `client_...', Array, Object(Closure))
#3 C:/Users/hamza/Desktop/PROYECTOS/APP/mightyfitness/fitness-backend/vendor/laravel/framework/src/Illuminate/Database/Connection.php(398): Illuminate/Database/Connection->run('select `client_...', Array, Object(Closure))
#4 C:/Users/hamza/Desktop/PROYECTOS/APP/mightyfitness/fitness-backend/vendor/laravel/framework/src/Illuminate/Database/Query/Builder.php(3106): Illuminate/Database/Connection->select('select `client_...', Array, true)
#5 C:/Users/hamza/Desktop/PROYECTOS/APP/mightyfitness/fitness-backend/vendor/laravel/framework/src/Illuminate/Database/Query/Builder.php(3091): Illuminate/Database/Query/Builder->runSelect()
#6 C:/Users/hamza/Desktop/PROYECTOS/APP/mightyfitness/fitness-backend/vendor/laravel/framework/src/Illuminate/Database/Query/Builder.php(3676): Illuminate/Database/Query/Builder->Illuminate/Database/Query/{closure}()
#7 C:/Users/hamza/Desktop/PROYECTOS/APP/mightyfitness/fitness-backend/vendor/laravel/framework/src/Illuminate/Database/Query/Builder.php(3090): Illuminate/Database/Query/Builder->onceWithColumns(Array, Object(Closure))
#8 C:/Users/hamza/Desktop/PROYECTOS/APP/mightyfitness/fitness-backend/vendor/laravel/framework/src/Illuminate/Database/Eloquent/Builder.php(811): Illuminate/Database/Query/Builder->get(Array)
#9 C:/Users/hamza/Desktop/PROYECTOS/APP/mightyfitness/fitness-backend/vendor/laravel/framework/src/Illuminate/Database/Eloquent/Relations/BelongsToMany.php(887): Illuminate/Database/Eloquent/Builder->getModels()
#10 C:/Users/hamza/Desktop/PROYECTOS/APP/mightyfitness/fitness-backend/vendor/laravel/framework/src/Illuminate/Database/Eloquent/Relations/Relation.php(176): Illuminate/Database/Eloquent/Relations/BelongsToMany->get()
#11 C:/Users/hamza/Desktop/PROYECTOS/APP/mightyfitness/fitness-backend/vendor/laravel/framework/src/Illuminate/Database/Eloquent/Builder.php(859): Illuminate/Database/Eloquent/Relations/Relation->getEager()
#12 C:/Users/hamza/Desktop/PROYECTOS/APP/mightyfitness/fitness-backend/vendor/laravel/framework/src/Illuminate/Database/Eloquent/Builder.php(828): Illuminate/Database/Eloquent/Builder->eagerLoadRelation(Array, 'tags', Object(Closure))
#13 C:/Users/hamza/Desktop/PROYECTOS/APP/mightyfitness/fitness-backend/vendor/laravel/framework/src/Illuminate/Database/Eloquent/Builder.php(794): Illuminate/Database/Eloquent/Builder->eagerLoadRelations(Array)
#14 C:/Users/hamza/Desktop/PROYECTOS/APP/mightyfitness/fitness-backend/vendor/laravel/framework/src/Illuminate/Database/Concerns/BuildsQueries.php(343): Illuminate/Database/Eloquent/Builder->get(Array)
#15 C:/Users/hamza/Desktop/PROYECTOS/APP/mightyfitness/fitness-backend/vendor/laravel/framework/src/Illuminate/Database/Eloquent/Builder.php(477): Illuminate/Database/Eloquent/Builder->first(Array)
#16 C:/Users/hamza/Desktop/PROYECTOS/APP/mightyfitness/fitness-backend/app/Http/Controllers/API/ClientTagController.php(55): Illuminate/Database/Eloquent/Builder->find('8')
#17 C:/Users/hamza/Desktop/PROYECTOS/APP/mightyfitness/fitness-backend/vendor/laravel/framework/src/Illuminate/Routing/Controller.php(54): App/Http/Controllers/API/ClientTagController->getClientTags(Object(Illuminate/Http/Request))
#18 C:/Users/hamza/Desktop/PROYECTOS/APP/mightyfitness/fitness-backend/vendor/laravel/framework/src/Illuminate/Routing/ControllerDispatcher.php(44): Illuminate/Routing/Controller->callAction('getClientTags', Array)
#19 C:/Users/hamza/Desktop/PROYECTOS/APP/mightyfitness/fitness-backend/vendor/laravel/framework/src/Illuminate/Routing/Route.php(266): Illuminate/Routing/ControllerDispatcher->dispatch(Object(Illuminate/Routing/Route), Object(App/Http/Controllers/API/ClientTagController), 'getClientTags')
#20 C:/Users/hamza/Desktop/PROYECTOS/APP/mightyfitness/fitness-backend/vendor/laravel/framework/src/Illuminate/Routing/Route.php(212): Illuminate/Routing/Route->runController()
#21 C:/Users/hamza/Desktop/PROYECTOS/APP/mightyfitness/fitness-backend/vendor/laravel/framework/src/Illuminate/Routing/Router.php(808): Illuminate/Routing/Route->run()
#22 C:/Users/hamza/Desktop/PROYECTOS/APP/mightyfitness/fitness-backend/vendor/laravel/framework/src/Illuminate/Pipeline/Pipeline.php(170): Illuminate/Routing/Router->Illuminate/Routing/{closure}(Object(Illuminate/Http/Request))
#23 C:/Users/hamza/Desktop/PROYECTOS/APP/mightyfitness/fitness-backend/app/Http/Middleware/AdminApi.php(26): Illuminate/Pipeline/Pipeline->Illuminate/Pipeline/{closure}(Object(Illuminate/Http/Request))
#24 C:/Users/hamza/Desktop/PROYECTOS/APP/mightyfitness/fitness-backend/vendor/laravel/framework/src/Illuminate/Pipeline/Pipeline.php(209): App/Http/Middleware/AdminApi->handle(Object(Illuminate/Http/Request), Object(Closure))
#25 C:/Users/hamza/Desktop/PROYECTOS/APP/mightyfitness/fitness-backend/app/Http/Middleware/API/CheckUserStatus.php(26): Illuminate/Pipeline/Pipeline->Illuminate/Pipeline/{closure}(Object(Illuminate/Http/Request))
#26 C:/Users/hamza/Desktop/PROYECTOS/APP/mightyfitness/fitness-backend/vendor/laravel/framework/src/Illuminate/Pipeline/Pipeline.php(209): App/Http/Middleware/API/CheckUserStatus->handle(Object(Illuminate/Http/Request), Object(Closure))
#27 C:/Users/hamza/Desktop/PROYECTOS/APP/mightyfitness/fitness-backend/vendor/laravel/framework/src/Illuminate/Routing/Middleware/SubstituteBindings.php(51): Illuminate/Pipeline/Pipeline->Illuminate/Pipeline/{closure}(Object(Illuminate/Http/Request))
#28 C:/Users/hamza/Desktop/PROYECTOS/APP/mightyfitness/fitness-backend/vendor/laravel/framework/src/Illuminate/Pipeline/Pipeline.php(209): Illuminate/Routing/Middleware/SubstituteBindings->handle(Object(Illuminate/Http/Request), Object(Closure))
#29 C:/Users/hamza/Desktop/PROYECTOS/APP/mightyfitness/fitness-backend/vendor/laravel/framework/src/Illuminate/Routing/Middleware/ThrottleRequests.php(161): Illuminate/Pipeline/Pipeline->Illuminate/Pipeline/{closure}(Object(Illuminate/Http/Request))
#30 C:/Users/hamza/Desktop/PROYECTOS/APP/mightyfitness/fitness-backend/vendor/laravel/framework/src/Illuminate/Routing/Middleware/ThrottleRequests.php(127): Illuminate/Routing/Middleware/ThrottleRequests->handleRequest(Object(Illuminate/Http/Request), Object(Closure), Array)
#31 C:/Users/hamza/Desktop/PROYECTOS/APP/mightyfitness/fitness-backend/vendor/laravel/framework/src/Illuminate/Routing/Middleware/ThrottleRequests.php(89): Illuminate/Routing/Middleware/ThrottleRequests->handleRequestUsingNamedLimiter(Object(Illuminate/Http/Request), Object(Closure), 'api', Object(Closure))
#32 C:/Users/hamza/Desktop/PROYECTOS/APP/mightyfitness/fitness-backend/vendor/laravel/framework/src/Illuminate/Pipeline/Pipeline.php(209): Illuminate/Routing/Middleware/ThrottleRequests->handle(Object(Illuminate/Http/Request), Object(Closure), 'api')
#33 C:/Users/hamza/Desktop/PROYECTOS/APP/mightyfitness/fitness-backend/vendor/laravel/framework/src/Illuminate/Auth/Middleware/Authenticate.php(64): Illuminate/Pipeline/Pipeline->Illuminate/Pipeline/{closure}(Object(Illuminate/Http/Request))
#34 C:/Users/hamza/Desktop/PROYECTOS/APP/mightyfitness/fitness-backend/vendor/laravel/framework/src/Illuminate/Pipeline/Pipeline.php(209): Illuminate/Auth/Middleware/Authenticate->handle(Object(Illuminate/Http/Request), Object(Closure), 'sanctum')
#35 C:/Users/hamza/Desktop/PROYECTOS/APP/mightyfitness/fitness-backend/vendor/laravel/framework/src/Illuminate/Pipeline/Pipeline.php(127): Illuminate/Pipeline/Pipeline->Illuminate/Pipeline/{closure}(Object(Illuminate/Http/Request))
#36 C:/Users/hamza/Desktop/PROYECTOS/APP/mightyfitness/fitness-backend/vendor/laravel/framework/src/Illuminate/Routing/Router.php(807): Illuminate/Pipeline/Pipeline->then(Object(Closure))
#37 C:/Users/hamza/Desktop/PROYECTOS/APP/mightyfitness/fitness-backend/vendor/laravel/framework/src/Illuminate/Routing/Router.php(786): Illuminate/Routing/Router->runRouteWithinStack(Object(Illuminate/Routing/Route), Object(Illuminate/Http/Request))
#38 C:/Users/hamza/Desktop/PROYECTOS/APP/mightyfitness/fitness-backend/vendor/laravel/framework/src/Illuminate/Routing/Router.php(750): Illuminate/Routing/Router->runRoute(Object(Illuminate/Http/Request), Object(Illuminate/Routing/Route))
#39 C:/Users/hamza/Desktop/PROYECTOS/APP/mightyfitness/fitness-backend/vendor/laravel/framework/src/Illuminate/Routing/Router.php(739): Illuminate/Routing/Router->dispatchToRoute(Object(Illuminate/Http/Request))
#40 C:/Users/hamza/Desktop/PROYECTOS/APP/mightyfitness/fitness-backend/vendor/laravel/framework/src/Illuminate/Foundation/Http/Kernel.php(201): Illuminate/Routing/Router->dispatch(Object(Illuminate/Http/Request))
#41 C:/Users/hamza/Desktop/PROYECTOS/APP/mightyfitness/fitness-backend/vendor/laravel/framework/src/Illuminate/Pipeline/Pipeline.php(170): Illuminate/Foundation/Http/Kernel->Illuminate/Foundation/Http/{closure}(Object(Illuminate/Http/Request))
#42 C:/Users/hamza/Desktop/PROYECTOS/APP/mightyfitness/fitness-backend/vendor/livewire/livewire/src/Features/SupportDisablingBackButtonCache/DisableBackButtonCacheMiddleware.php(19): Illuminate/Pipeline/Pipeline->Illuminate/Pipeline/{closure}(Object(Illuminate/Http/Request))
#43 C:/Users/hamza/Desktop/PROYECTOS/APP/mightyfitness/fitness-backend/vendor/laravel/framework/src/Illuminate/Pipeline/Pipeline.php(209): Livewire/Features/SupportDisablingBackButtonCache/DisableBackButtonCacheMiddleware->handle(Object(Illuminate/Http/Request), Object(Closure))
#44 C:/Users/hamza/Desktop/PROYECTOS/APP/mightyfitness/fitness-backend/vendor/laravel/framework/src/Illuminate/Foundation/Http/Middleware/TransformsRequest.php(21): Illuminate/Pipeline/Pipeline->Illuminate/Pipeline/{closure}(Object(Illuminate/Http/Request))
#45 C:/Users/hamza/Desktop/PROYECTOS/APP/mightyfitness/fitness-backend/vendor/laravel/framework/src/Illuminate/Foundation/Http/Middleware/ConvertEmptyStringsToNull.php(31): Illuminate/Foundation/Http/Middleware/TransformsRequest->handle(Object(Illuminate/Http/Request), Object(Closure))
#46 C:/Users/hamza/Desktop/PROYECTOS/APP/mightyfitness/fitness-backend/vendor/laravel/framework/src/Illuminate/Pipeline/Pipeline.php(209): Illuminate/Foundation/Http/Middleware/ConvertEmptyStringsToNull->handle(Object(Illuminate/Http/Request), Object(Closure))
#47 C:/Users/hamza/Desktop/PROYECTOS/APP/mightyfitness/fitness-backend/vendor/laravel/framework/src/Illuminate/Foundation/Http/Middleware/TransformsRequest.php(21): Illuminate/Pipeline/Pipeline->Illuminate/Pipeline/{closure}(Object(Illuminate/Http/Request))
#48 C:/Users/hamza/Desktop/PROYECTOS/APP/mightyfitness/fitness-backend/vendor/laravel/framework/src/Illuminate/Foundation/Http/Middleware/TrimStrings.php(51): Illuminate/Foundation/Http/Middleware/TransformsRequest->handle(Object(Illuminate/Http/Request), Object(Closure))
#49 C:/Users/hamza/Desktop/PROYECTOS/APP/mightyfitness/fitness-backend/vendor/laravel/framework/src/Illuminate/Pipeline/Pipeline.php(209): Illuminate/Foundation/Http/Middleware/TrimStrings->handle(Object(Illuminate/Http/Request), Object(Closure))
#50 C:/Users/hamza/Desktop/PROYECTOS/APP/mightyfitness/fitness-backend/vendor/laravel/framework/src/Illuminate/Http/Middleware/ValidatePostSize.php(27): Illuminate/Pipeline/Pipeline->Illuminate/Pipeline/{closure}(Object(Illuminate/Http/Request))
#51 C:/Users/hamza/Desktop/PROYECTOS/APP/mightyfitness/fitness-backend/vendor/laravel/framework/src/Illuminate/Pipeline/Pipeline.php(209): Illuminate/Http/Middleware/ValidatePostSize->handle(Object(Illuminate/Http/Request), Object(Closure))
#52 C:/Users/hamza/Desktop/PROYECTOS/APP/mightyfitness/fitness-backend/vendor/laravel/framework/src/Illuminate/Foundation/Http/Middleware/PreventRequestsDuringMaintenance.php(110): Illuminate/Pipeline/Pipeline->Illuminate/Pipeline/{closure}(Object(Illuminate/Http/Request))
#53 C:/Users/hamza/Desktop/PROYECTOS/APP/mightyfitness/fitness-backend/vendor/laravel/framework/src/Illuminate/Pipeline/Pipeline.php(209): Illuminate/Foundation/Http/Middleware/PreventRequestsDuringMaintenance->handle(Object(Illuminate/Http/Request), Object(Closure))
#54 C:/Users/hamza/Desktop/PROYECTOS/APP/mightyfitness/fitness-backend/vendor/laravel/framework/src/Illuminate/Http/Middleware/HandleCors.php(62): Illuminate/Pipeline/Pipeline->Illuminate/Pipeline/{closure}(Object(Illuminate/Http/Request))
#55 C:/Users/hamza/Desktop/PROYECTOS/APP/mightyfitness/fitness-backend/vendor/laravel/framework/src/Illuminate/Pipeline/Pipeline.php(209): Illuminate/Http/Middleware/HandleCors->handle(Object(Illuminate/Http/Request), Object(Closure))
#56 C:/Users/hamza/Desktop/PROYECTOS/APP/mightyfitness/fitness-backend/vendor/laravel/framework/src/Illuminate/Pipeline/Pipeline.php(127): Illuminate/Pipeline/Pipeline->Illuminate/Pipeline/{closure}(Object(Illuminate/Http/Request))
#57 C:/Users/hamza/Desktop/PROYECTOS/APP/mightyfitness/fitness-backend/vendor/laravel/framework/src/Illuminate/Foundation/Http/Kernel.php(176): Illuminate/Pipeline/Pipeline->then(Object(Closure))
#58 C:/Users/hamza/Desktop/PROYECTOS/APP/mightyfitness/fitness-backend/vendor/laravel/framework/src/Illuminate/Foundation/Http/Kernel.php(145): Illuminate/Foundation/Http/Kernel->sendRequestThroughRouter(Object(Illuminate/Http/Request))
#59 C:/Users/hamza/Desktop/PROYECTOS/APP/mightyfitness/fitness-backend/public/index.php(51): Illuminate/Foundation/Http/Kernel->handle(Object(Illuminate/Http/Request))
#60 C:/Users/hamza/Desktop/PROYECTOS/APP/mightyfitness/fitness-backend/server.php(21): require_once('C://Users//hamza//...')
#61 {main}
"} 
[2026-08-06 12:45:55] local.ERROR: SQLSTATE[42S22]: Column not found: 1054 Unknown column 'client_tag_assignments.tag_id' in 'field list' (Connection: mysql, SQL: select `client_tags`.*, `client_tag_assignments`.`client_id` as `pivot_client_id`, `client_tag_assignments`.`tag_id` as `pivot_tag_id` from `client_tags` inner join `client_tag_assignments` on `client_tags`.`id` = `client_tag_assignments`.`tag_id` where `client_tag_assignments`.`client_id` in (8)) {"userId":2,"exception":"[object] (Illuminate\\Database\\QueryException(code: 42S22): SQLSTATE[42S22]: Column not found: 1054 Unknown column 'client_tag_assignments.tag_id' in 'field list' (Connection: mysql, SQL: select `client_tags`.*, `client_tag_assignments`.`client_id` as `pivot_client_id`, `client_tag_assignments`.`tag_id` as `pivot_tag_id` from `client_tags` inner join `client_tag_assignments` on `client_tags`.`id` = `client_tag_assignments`.`tag_id` where `client_tag_assignments`.`client_id` in (8)) at C:/Users/hamza/Desktop/PROYECTOS/APP/mightyfitness/fitness-backend/vendor/laravel/framework/src/Illuminate/Database/Connection.php:825)
[stacktrace]
#0 C:/Users/hamza/Desktop/PROYECTOS/APP/mightyfitness/fitness-backend/vendor/laravel/framework/src/Illuminate/Database/Connection.php(779): Illuminate/Database/Connection->runQueryCallback('select `client_...', Array, Object(Closure))
#1 C:/Users/hamza/Desktop/PROYECTOS/APP/mightyfitness/fitness-backend/vendor/laravel/framework/src/Illuminate/Database/Connection.php(398): Illuminate/Database/Connection->run('select `client_...', Array, Object(Closure))
#2 C:/Users/hamza/Desktop/PROYECTOS/APP/mightyfitness/fitness-backend/vendor/laravel/framework/src/Illuminate/Database/Query/Builder.php(3106): Illuminate/Database/Connection->select('select `client_...', Array, true)
#3 C:/Users/hamza/Desktop/PROYECTOS/APP/mightyfitness/fitness-backend/vendor/laravel/framework/src/Illuminate/Database/Query/Builder.php(3091): Illuminate/Database/Query/Builder->runSelect()
#4 C:/Users/hamza/Desktop/PROYECTOS/APP/mightyfitness/fitness-backend/vendor/laravel/framework/src/Illuminate/Database/Query/Builder.php(3676): Illuminate/Database/Query/Builder->Illuminate/Database/Query/{closure}()
#5 C:/Users/hamza/Desktop/PROYECTOS/APP/mightyfitness/fitness-backend/vendor/laravel/framework/src/Illuminate/Database/Query/Builder.php(3090): Illuminate/Database/Query/Builder->onceWithColumns(Array, Object(Closure))
#6 C:/Users/hamza/Desktop/PROYECTOS/APP/mightyfitness/fitness-backend/vendor/laravel/framework/src/Illuminate/Database/Eloquent/Builder.php(811): Illuminate/Database/Query/Builder->get(Array)
#7 C:/Users/hamza/Desktop/PROYECTOS/APP/mightyfitness/fitness-backend/vendor/laravel/framework/src/Illuminate/Database/Eloquent/Relations/BelongsToMany.php(887): Illuminate/Database/Eloquent/Builder->getModels()
#8 C:/Users/hamza/Desktop/PROYECTOS/APP/mightyfitness/fitness-backend/vendor/laravel/framework/src/Illuminate/Database/Eloquent/Relations/Relation.php(176): Illuminate/Database/Eloquent/Relations/BelongsToMany->get()
#9 C:/Users/hamza/Desktop/PROYECTOS/APP/mightyfitness/fitness-backend/vendor/laravel/framework/src/Illuminate/Database/Eloquent/Builder.php(859): Illuminate/Database/Eloquent/Relations/Relation->getEager()
#10 C:/Users/hamza/Desktop/PROYECTOS/APP/mightyfitness/fitness-backend/vendor/laravel/framework/src/Illuminate/Database/Eloquent/Builder.php(828): Illuminate/Database/Eloquent/Builder->eagerLoadRelation(Array, 'tags', Object(Closure))
#11 C:/Users/hamza/Desktop/PROYECTOS/APP/mightyfitness/fitness-backend/vendor/laravel/framework/src/Illuminate/Database/Eloquent/Builder.php(794): Illuminate/Database/Eloquent/Builder->eagerLoadRelations(Array)
#12 C:/Users/hamza/Desktop/PROYECTOS/APP/mightyfitness/fitness-backend/vendor/laravel/framework/src/Illuminate/Database/Concerns/BuildsQueries.php(343): Illuminate/Database/Eloquent/Builder->get(Array)
#13 C:/Users/hamza/Desktop/PROYECTOS/APP/mightyfitness/fitness-backend/vendor/laravel/framework/src/Illuminate/Database/Eloquent/Builder.php(477): Illuminate/Database/Eloquent/Builder->first(Array)
#14 C:/Users/hamza/Desktop/PROYECTOS/APP/mightyfitness/fitness-backend/app/Http/Controllers/API/ClientTagController.php(55): Illuminate/Database/Eloquent/Builder->find('8')
#15 C:/Users/hamza/Desktop/PROYECTOS/APP/mightyfitness/fitness-backend/vendor/laravel/framework/src/Illuminate/Routing/Controller.php(54): App/Http/Controllers/API/ClientTagController->getClientTags(Object(Illuminate/Http/Request))
#16 C:/Users/hamza/Desktop/PROYECTOS/APP/mightyfitness/fitness-backend/vendor/laravel/framework/src/Illuminate/Routing/ControllerDispatcher.php(44): Illuminate/Routing/Controller->callAction('getClientTags', Array)
#17 C:/Users/hamza/Desktop/PROYECTOS/APP/mightyfitness/fitness-backend/vendor/laravel/framework/src/Illuminate/Routing/Route.php(266): Illuminate/Routing/ControllerDispatcher->dispatch(Object(Illuminate/Routing/Route), Object(App/Http/Controllers/API/ClientTagController), 'getClientTags')
#18 C:/Users/hamza/Desktop/PROYECTOS/APP/mightyfitness/fitness-backend/vendor/laravel/framework/src/Illuminate/Routing/Route.php(212): Illuminate/Routing/Route->runController()
#19 C:/Users/hamza/Desktop/PROYECTOS/APP/mightyfitness/fitness-backend/vendor/laravel/framework/src/Illuminate/Routing/Router.php(808): Illuminate/Routing/Route->run()
#20 C:/Users/hamza/Desktop/PROYECTOS/APP/mightyfitness/fitness-backend/vendor/laravel/framework/src/Illuminate/Pipeline/Pipeline.php(170): Illuminate/Routing/Router->Illuminate/Routing/{closure}(Object(Illuminate/Http/Request))
#21 C:/Users/hamza/Desktop/PROYECTOS/APP/mightyfitness/fitness-backend/app/Http/Middleware/AdminApi.php(26): Illuminate/Pipeline/Pipeline->Illuminate/Pipeline/{closure}(Object(Illuminate/Http/Request))
#22 C:/Users/hamza/Desktop/PROYECTOS/APP/mightyfitness/fitness-backend/vendor/laravel/framework/src/Illuminate/Pipeline/Pipeline.php(209): App/Http/Middleware/AdminApi->handle(Object(Illuminate/Http/Request), Object(Closure))
#23 C:/Users/hamza/Desktop/PROYECTOS/APP/mightyfitness/fitness-backend/app/Http/Middleware/API/CheckUserStatus.php(26): Illuminate/Pipeline/Pipeline->Illuminate/Pipeline/{closure}(Object(Illuminate/Http/Request))
#24 C:/Users/hamza/Desktop/PROYECTOS/APP/mightyfitness/fitness-backend/vendor/laravel/framework/src/Illuminate/Pipeline/Pipeline.php(209): App/Http/Middleware/API/CheckUserStatus->handle(Object(Illuminate/Http/Request), Object(Closure))
#25 C:/Users/hamza/Desktop/PROYECTOS/APP/mightyfitness/fitness-backend/vendor/laravel/framework/src/Illuminate/Routing/Middleware/SubstituteBindings.php(51): Illuminate/Pipeline/Pipeline->Illuminate/Pipeline/{closure}(Object(Illuminate/Http/Request))
#26 C:/Users/hamza/Desktop/PROYECTOS/APP/mightyfitness/fitness-backend/vendor/laravel/framework/src/Illuminate/Pipeline/Pipeline.php(209): Illuminate/Routing/Middleware/SubstituteBindings->handle(Object(Illuminate/Http/Request), Object(Closure))
#27 C:/Users/hamza/Desktop/PROYECTOS/APP/mightyfitness/fitness-backend/vendor/laravel/framework/src/Illuminate/Routing/Middleware/ThrottleRequests.php(161): Illuminate/Pipeline/Pipeline->Illuminate/Pipeline/{closure}(Object(Illuminate/Http/Request))
#28 C:/Users/hamza/Desktop/PROYECTOS/APP/mightyfitness/fitness-backend/vendor/laravel/framework/src/Illuminate/Routing/Middleware/ThrottleRequests.php(127): Illuminate/Routing/Middleware/ThrottleRequests->handleRequest(Object(Illuminate/Http/Request), Object(Closure), Array)
#29 C:/Users/hamza/Desktop/PROYECTOS/APP/mightyfitness/fitness-backend/vendor/laravel/framework/src/Illuminate/Routing/Middleware/ThrottleRequests.php(89): Illuminate/Routing/Middleware/ThrottleRequests->handleRequestUsingNamedLimiter(Object(Illuminate/Http/Request), Object(Closure), 'api', Object(Closure))
#30 C:/Users/hamza/Desktop/PROYECTOS/APP/mightyfitness/fitness-backend/vendor/laravel/framework/src/Illuminate/Pipeline/Pipeline.php(209): Illuminate/Routing/Middleware/ThrottleRequests->handle(Object(Illuminate/Http/Request), Object(Closure), 'api')
#31 C:/Users/hamza/Desktop/PROYECTOS/APP/mightyfitness/fitness-backend/vendor/laravel/framework/src/Illuminate/Auth/Middleware/Authenticate.php(64): Illuminate/Pipeline/Pipeline->Illuminate/Pipeline/{closure}(Object(Illuminate/Http/Request))
#32 C:/Users/hamza/Desktop/PROYECTOS/APP/mightyfitness/fitness-backend/vendor/laravel/framework/src/Illuminate/Pipeline/Pipeline.php(209): Illuminate/Auth/Middleware/Authenticate->handle(Object(Illuminate/Http/Request), Object(Closure), 'sanctum')
#33 C:/Users/hamza/Desktop/PROYECTOS/APP/mightyfitness/fitness-backend/vendor/laravel/framework/src/Illuminate/Pipeline/Pipeline.php(127): Illuminate/Pipeline/Pipeline->Illuminate/Pipeline/{closure}(Object(Illuminate/Http/Request))
#34 C:/Users/hamza/Desktop/PROYECTOS/APP/mightyfitness/fitness-backend/vendor/laravel/framework/src/Illuminate/Routing/Router.php(807): Illuminate/Pipeline/Pipeline->then(Object(Closure))
#35 C:/Users/hamza/Desktop/PROYECTOS/APP/mightyfitness/fitness-backend/vendor/laravel/framework/src/Illuminate/Routing/Router.php(786): Illuminate/Routing/Router->runRouteWithinStack(Object(Illuminate/Routing/Route), Object(Illuminate/Http/Request))
#36 C:/Users/hamza/Desktop/PROYECTOS/APP/mightyfitness/fitness-backend/vendor/laravel/framework/src/Illuminate/Routing/Router.php(750): Illuminate/Routing/Router->runRoute(Object(Illuminate/Http/Request), Object(Illuminate/Routing/Route))
#37 C:/Users/hamza/Desktop/PROYECTOS/APP/mightyfitness/fitness-backend/vendor/laravel/framework/src/Illuminate/Routing/Router.php(739): Illuminate/Routing/Router->dispatchToRoute(Object(Illuminate/Http/Request))
#38 C:/Users/hamza/Desktop/PROYECTOS/APP/mightyfitness/fitness-backend/vendor/laravel/framework/src/Illuminate/Foundation/Http/Kernel.php(201): Illuminate/Routing/Router->dispatch(Object(Illuminate/Http/Request))
#39 C:/Users/hamza/Desktop/PROYECTOS/APP/mightyfitness/fitness-backend/vendor/laravel/framework/src/Illuminate/Pipeline/Pipeline.php(170): Illuminate/Foundation/Http/Kernel->Illuminate/Foundation/Http/{closure}(Object(Illuminate/Http/Request))
#40 C:/Users/hamza/Desktop/PROYECTOS/APP/mightyfitness/fitness-backend/vendor/livewire/livewire/src/Features/SupportDisablingBackButtonCache/DisableBackButtonCacheMiddleware.php(19): Illuminate/Pipeline/Pipeline->Illuminate/Pipeline/{closure}(Object(Illuminate/Http/Request))
#41 C:/Users/hamza/Desktop/PROYECTOS/APP/mightyfitness/fitness-backend/vendor/laravel/framework/src/Illuminate/Pipeline/Pipeline.php(209): Livewire/Features/SupportDisablingBackButtonCache/DisableBackButtonCacheMiddleware->handle(Object(Illuminate/Http/Request), Object(Closure))
#42 C:/Users/hamza/Desktop/PROYECTOS/APP/mightyfitness/fitness-backend/vendor/laravel/framework/src/Illuminate/Foundation/Http/Middleware/TransformsRequest.php(21): Illuminate/Pipeline/Pipeline->Illuminate/Pipeline/{closure}(Object(Illuminate/Http/Request))
#43 C:/Users/hamza/Desktop/PROYECTOS/APP/mightyfitness/fitness-backend/vendor/laravel/framework/src/Illuminate/Foundation/Http/Middleware/ConvertEmptyStringsToNull.php(31): Illuminate/Foundation/Http/Middleware/TransformsRequest->handle(Object(Illuminate/Http/Request), Object(Closure))
#44 C:/Users/hamza/Desktop/PROYECTOS/APP/mightyfitness/fitness-backend/vendor/laravel/framework/src/Illuminate/Pipeline/Pipeline.php(209): Illuminate/Foundation/Http/Middleware/ConvertEmptyStringsToNull->handle(Object(Illuminate/Http/Request), Object(Closure))
#45 C:/Users/hamza/Desktop/PROYECTOS/APP/mightyfitness/fitness-backend/vendor/laravel/framework/src/Illuminate/Foundation/Http/Middleware/TransformsRequest.php(21): Illuminate/Pipeline/Pipeline->Illuminate/Pipeline/{closure}(Object(Illuminate/Http/Request))
#46 C:/Users/hamza/Desktop/PROYECTOS/APP/mightyfitness/fitness-backend/vendor/laravel/framework/src/Illuminate/Foundation/Http/Middleware/TrimStrings.php(51): Illuminate/Foundation/Http/Middleware/TransformsRequest->handle(Object(Illuminate/Http/Request), Object(Closure))
#47 C:/Users/hamza/Desktop/PROYECTOS/APP/mightyfitness/fitness-backend/vendor/laravel/framework/src/Illuminate/Pipeline/Pipeline.php(209): Illuminate/Foundation/Http/Middleware/TrimStrings->handle(Object(Illuminate/Http/Request), Object(Closure))
#48 C:/Users/hamza/Desktop/PROYECTOS/APP/mightyfitness/fitness-backend/vendor/laravel/framework/src/Illuminate/Http/Middleware/ValidatePostSize.php(27): Illuminate/Pipeline/Pipeline->Illuminate/Pipeline/{closure}(Object(Illuminate/Http/Request))
#49 C:/Users/hamza/Desktop/PROYECTOS/APP/mightyfitness/fitness-backend/vendor/laravel/framework/src/Illuminate/Pipeline/Pipeline.php(209): Illuminate/Http/Middleware/ValidatePostSize->handle(Object(Illuminate/Http/Request), Object(Closure))
#50 C:/Users/hamza/Desktop/PROYECTOS/APP/mightyfitness/fitness-backend/vendor/laravel/framework/src/Illuminate/Foundation/Http/Middleware/PreventRequestsDuringMaintenance.php(110): Illuminate/Pipeline/Pipeline->Illuminate/Pipeline/{closure}(Object(Illuminate/Http/Request))
#51 C:/Users/hamza/Desktop/PROYECTOS/APP/mightyfitness/fitness-backend/vendor/laravel/framework/src/Illuminate/Pipeline/Pipeline.php(209): Illuminate/Foundation/Http/Middleware/PreventRequestsDuringMaintenance->handle(Object(Illuminate/Http/Request), Object(Closure))
#52 C:/Users/hamza/Desktop/PROYECTOS/APP/mightyfitness/fitness-backend/vendor/laravel/framework/src/Illuminate/Http/Middleware/HandleCors.php(62): Illuminate/Pipeline/Pipeline->Illuminate/Pipeline/{closure}(Object(Illuminate/Http/Request))
#53 C:/Users/hamza/Desktop/PROYECTOS/APP/mightyfitness/fitness-backend/vendor/laravel/framework/src/Illuminate/Pipeline/Pipeline.php(209): Illuminate/Http/Middleware/HandleCors->handle(Object(Illuminate/Http/Request), Object(Closure))
#54 C:/Users/hamza/Desktop/PROYECTOS/APP/mightyfitness/fitness-backend/vendor/laravel/framework/src/Illuminate/Pipeline/Pipeline.php(127): Illuminate/Pipeline/Pipeline->Illuminate/Pipeline/{closure}(Object(Illuminate/Http/Request))
#55 C:/Users/hamza/Desktop/PROYECTOS/APP/mightyfitness/fitness-backend/vendor/laravel/framework/src/Illuminate/Foundation/Http/Kernel.php(176): Illuminate/Pipeline/Pipeline->then(Object(Closure))
#56 C:/Users/hamza/Desktop/PROYECTOS/APP/mightyfitness/fitness-backend/vendor/laravel/framework/src/Illuminate/Foundation/Http/Kernel.php(145): Illuminate/Foundation/Http/Kernel->sendRequestThroughRouter(Object(Illuminate/Http/Request))
#57 C:/Users/hamza/Desktop/PROYECTOS/APP/mightyfitness/fitness-backend/public/index.php(51): Illuminate/Foundation/Http/Kernel->handle(Object(Illuminate/Http/Request))
#58 C:/Users/hamza/Desktop/PROYECTOS/APP/mightyfitness/fitness-backend/server.php(21): require_once('C://Users//hamza//...')
#59 {main}

[previous exception] [object] (PDOException(code: 42S22): SQLSTATE[42S22]: Column not found: 1054 Unknown column 'client_tag_assignments.tag_id' in 'field list' at C:/Users/hamza/Desktop/PROYECTOS/APP/mightyfitness/fitness-backend/vendor/laravel/framework/src/Illuminate/Database/Connection.php:407)
[stacktrace]
#0 C:/Users/hamza/Desktop/PROYECTOS/APP/mightyfitness/fitness-backend/vendor/laravel/framework/src/Illuminate/Database/Connection.php(407): PDO->prepare('select `client_...')
#1 C:/Users/hamza/Desktop/PROYECTOS/APP/mightyfitness/fitness-backend/vendor/laravel/framework/src/Illuminate/Database/Connection.php(812): Illuminate/Database/Connection->Illuminate/Database/{closure}('select `client_...', Array)
#2 C:/Users/hamza/Desktop/PROYECTOS/APP/mightyfitness/fitness-backend/vendor/laravel/framework/src/Illuminate/Database/Connection.php(779): Illuminate/Database/Connection->runQueryCallback('select `client_...', Array, Object(Closure))
#3 C:/Users/hamza/Desktop/PROYECTOS/APP/mightyfitness/fitness-backend/vendor/laravel/framework/src/Illuminate/Database/Connection.php(398): Illuminate/Database/Connection->run('select `client_...', Array, Object(Closure))
#4 C:/Users/hamza/Desktop/PROYECTOS/APP/mightyfitness/fitness-backend/vendor/laravel/framework/src/Illuminate/Database/Query/Builder.php(3106): Illuminate/Database/Connection->select('select `client_...', Array, true)
#5 C:/Users/hamza/Desktop/PROYECTOS/APP/mightyfitness/fitness-backend/vendor/laravel/framework/src/Illuminate/Database/Query/Builder.php(3091): Illuminate/Database/Query/Builder->runSelect()
#6 C:/Users/hamza/Desktop/PROYECTOS/APP/mightyfitness/fitness-backend/vendor/laravel/framework/src/Illuminate/Database/Query/Builder.php(3676): Illuminate/Database/Query/Builder->Illuminate/Database/Query/{closure}()
#7 C:/Users/hamza/Desktop/PROYECTOS/APP/mightyfitness/fitness-backend/vendor/laravel/framework/src/Illuminate/Database/Query/Builder.php(3090): Illuminate/Database/Query/Builder->onceWithColumns(Array, Object(Closure))
#8 C:/Users/hamza/Desktop/PROYECTOS/APP/mightyfitness/fitness-backend/vendor/laravel/framework/src/Illuminate/Database/Eloquent/Builder.php(811): Illuminate/Database/Query/Builder->get(Array)
#9 C:/Users/hamza/Desktop/PROYECTOS/APP/mightyfitness/fitness-backend/vendor/laravel/framework/src/Illuminate/Database/Eloquent/Relations/BelongsToMany.php(887): Illuminate/Database/Eloquent/Builder->getModels()
#10 C:/Users/hamza/Desktop/PROYECTOS/APP/mightyfitness/fitness-backend/vendor/laravel/framework/src/Illuminate/Database/Eloquent/Relations/Relation.php(176): Illuminate/Database/Eloquent/Relations/BelongsToMany->get()
#11 C:/Users/hamza/Desktop/PROYECTOS/APP/mightyfitness/fitness-backend/vendor/laravel/framework/src/Illuminate/Database/Eloquent/Builder.php(859): Illuminate/Database/Eloquent/Relations/Relation->getEager()
#12 C:/Users/hamza/Desktop/PROYECTOS/APP/mightyfitness/fitness-backend/vendor/laravel/framework/src/Illuminate/Database/Eloquent/Builder.php(828): Illuminate/Database/Eloquent/Builder->eagerLoadRelation(Array, 'tags', Object(Closure))
#13 C:/Users/hamza/Desktop/PROYECTOS/APP/mightyfitness/fitness-backend/vendor/laravel/framework/src/Illuminate/Database/Eloquent/Builder.php(794): Illuminate/Database/Eloquent/Builder->eagerLoadRelations(Array)
#14 C:/Users/hamza/Desktop/PROYECTOS/APP/mightyfitness/fitness-backend/vendor/laravel/framework/src/Illuminate/Database/Concerns/BuildsQueries.php(343): Illuminate/Database/Eloquent/Builder->get(Array)
#15 C:/Users/hamza/Desktop/PROYECTOS/APP/mightyfitness/fitness-backend/vendor/laravel/framework/src/Illuminate/Database/Eloquent/Builder.php(477): Illuminate/Database/Eloquent/Builder->first(Array)
#16 C:/Users/hamza/Desktop/PROYECTOS/APP/mightyfitness/fitness-backend/app/Http/Controllers/API/ClientTagController.php(55): Illuminate/Database/Eloquent/Builder->find('8')
#17 C:/Users/hamza/Desktop/PROYECTOS/APP/mightyfitness/fitness-backend/vendor/laravel/framework/src/Illuminate/Routing/Controller.php(54): App/Http/Controllers/API/ClientTagController->getClientTags(Object(Illuminate/Http/Request))
#18 C:/Users/hamza/Desktop/PROYECTOS/APP/mightyfitness/fitness-backend/vendor/laravel/framework/src/Illuminate/Routing/ControllerDispatcher.php(44): Illuminate/Routing/Controller->callAction('getClientTags', Array)
#19 C:/Users/hamza/Desktop/PROYECTOS/APP/mightyfitness/fitness-backend/vendor/laravel/framework/src/Illuminate/Routing/Route.php(266): Illuminate/Routing/ControllerDispatcher->dispatch(Object(Illuminate/Routing/Route), Object(App/Http/Controllers/API/ClientTagController), 'getClientTags')
#20 C:/Users/hamza/Desktop/PROYECTOS/APP/mightyfitness/fitness-backend/vendor/laravel/framework/src/Illuminate/Routing/Route.php(212): Illuminate/Routing/Route->runController()
#21 C:/Users/hamza/Desktop/PROYECTOS/APP/mightyfitness/fitness-backend/vendor/laravel/framework/src/Illuminate/Routing/Router.php(808): Illuminate/Routing/Route->run()
#22 C:/Users/hamza/Desktop/PROYECTOS/APP/mightyfitness/fitness-backend/vendor/laravel/framework/src/Illuminate/Pipeline/Pipeline.php(170): Illuminate/Routing/Router->Illuminate/Routing/{closure}(Object(Illuminate/Http/Request))
#23 C:/Users/hamza/Desktop/PROYECTOS/APP/mightyfitness/fitness-backend/app/Http/Middleware/AdminApi.php(26): Illuminate/Pipeline/Pipeline->Illuminate/Pipeline/{closure}(Object(Illuminate/Http/Request))
#24 C:/Users/hamza/Desktop/PROYECTOS/APP/mightyfitness/fitness-backend/vendor/laravel/framework/src/Illuminate/Pipeline/Pipeline.php(209): App/Http/Middleware/AdminApi->handle(Object(Illuminate/Http/Request), Object(Closure))
#25 C:/Users/hamza/Desktop/PROYECTOS/APP/mightyfitness/fitness-backend/app/Http/Middleware/API/CheckUserStatus.php(26): Illuminate/Pipeline/Pipeline->Illuminate/Pipeline/{closure}(Object(Illuminate/Http/Request))
#26 C:/Users/hamza/Desktop/PROYECTOS/APP/mightyfitness/fitness-backend/vendor/laravel/framework/src/Illuminate/Pipeline/Pipeline.php(209): App/Http/Middleware/API/CheckUserStatus->handle(Object(Illuminate/Http/Request), Object(Closure))
#27 C:/Users/hamza/Desktop/PROYECTOS/APP/mightyfitness/fitness-backend/vendor/laravel/framework/src/Illuminate/Routing/Middleware/SubstituteBindings.php(51): Illuminate/Pipeline/Pipeline->Illuminate/Pipeline/{closure}(Object(Illuminate/Http/Request))
#28 C:/Users/hamza/Desktop/PROYECTOS/APP/mightyfitness/fitness-backend/vendor/laravel/framework/src/Illuminate/Pipeline/Pipeline.php(209): Illuminate/Routing/Middleware/SubstituteBindings->handle(Object(Illuminate/Http/Request), Object(Closure))
#29 C:/Users/hamza/Desktop/PROYECTOS/APP/mightyfitness/fitness-backend/vendor/laravel/framework/src/Illuminate/Routing/Middleware/ThrottleRequests.php(161): Illuminate/Pipeline/Pipeline->Illuminate/Pipeline/{closure}(Object(Illuminate/Http/Request))
#30 C:/Users/hamza/Desktop/PROYECTOS/APP/mightyfitness/fitness-backend/vendor/laravel/framework/src/Illuminate/Routing/Middleware/ThrottleRequests.php(127): Illuminate/Routing/Middleware/ThrottleRequests->handleRequest(Object(Illuminate/Http/Request), Object(Closure), Array)
#31 C:/Users/hamza/Desktop/PROYECTOS/APP/mightyfitness/fitness-backend/vendor/laravel/framework/src/Illuminate/Routing/Middleware/ThrottleRequests.php(89): Illuminate/Routing/Middleware/ThrottleRequests->handleRequestUsingNamedLimiter(Object(Illuminate/Http/Request), Object(Closure), 'api', Object(Closure))
#32 C:/Users/hamza/Desktop/PROYECTOS/APP/mightyfitness/fitness-backend/vendor/laravel/framework/src/Illuminate/Pipeline/Pipeline.php(209): Illuminate/Routing/Middleware/ThrottleRequests->handle(Object(Illuminate/Http/Request), Object(Closure), 'api')
#33 C:/Users/hamza/Desktop/PROYECTOS/APP/mightyfitness/fitness-backend/vendor/laravel/framework/src/Illuminate/Auth/Middleware/Authenticate.php(64): Illuminate/Pipeline/Pipeline->Illuminate/Pipeline/{closure}(Object(Illuminate/Http/Request))
#34 C:/Users/hamza/Desktop/PROYECTOS/APP/mightyfitness/fitness-backend/vendor/laravel/framework/src/Illuminate/Pipeline/Pipeline.php(209): Illuminate/Auth/Middleware/Authenticate->handle(Object(Illuminate/Http/Request), Object(Closure), 'sanctum')
#35 C:/Users/hamza/Desktop/PROYECTOS/APP/mightyfitness/fitness-backend/vendor/laravel/framework/src/Illuminate/Pipeline/Pipeline.php(127): Illuminate/Pipeline/Pipeline->Illuminate/Pipeline/{closure}(Object(Illuminate/Http/Request))
#36 C:/Users/hamza/Desktop/PROYECTOS/APP/mightyfitness/fitness-backend/vendor/laravel/framework/src/Illuminate/Routing/Router.php(807): Illuminate/Pipeline/Pipeline->then(Object(Closure))
#37 C:/Users/hamza/Desktop/PROYECTOS/APP/mightyfitness/fitness-backend/vendor/laravel/framework/src/Illuminate/Routing/Router.php(786): Illuminate/Routing/Router->runRouteWithinStack(Object(Illuminate/Routing/Route), Object(Illuminate/Http/Request))
#38 C:/Users/hamza/Desktop/PROYECTOS/APP/mightyfitness/fitness-backend/vendor/laravel/framework/src/Illuminate/Routing/Router.php(750): Illuminate/Routing/Router->runRoute(Object(Illuminate/Http/Request), Object(Illuminate/Routing/Route))
#39 C:/Users/hamza/Desktop/PROYECTOS/APP/mightyfitness/fitness-backend/vendor/laravel/framework/src/Illuminate/Routing/Router.php(739): Illuminate/Routing/Router->dispatchToRoute(Object(Illuminate/Http/Request))
#40 C:/Users/hamza/Desktop/PROYECTOS/APP/mightyfitness/fitness-backend/vendor/laravel/framework/src/Illuminate/Foundation/Http/Kernel.php(201): Illuminate/Routing/Router->dispatch(Object(Illuminate/Http/Request))
#41 C:/Users/hamza/Desktop/PROYECTOS/APP/mightyfitness/fitness-backend/vendor/laravel/framework/src/Illuminate/Pipeline/Pipeline.php(170): Illuminate/Foundation/Http/Kernel->Illuminate/Foundation/Http/{closure}(Object(Illuminate/Http/Request))
#42 C:/Users/hamza/Desktop/PROYECTOS/APP/mightyfitness/fitness-backend/vendor/livewire/livewire/src/Features/SupportDisablingBackButtonCache/DisableBackButtonCacheMiddleware.php(19): Illuminate/Pipeline/Pipeline->Illuminate/Pipeline/{closure}(Object(Illuminate/Http/Request))
#43 C:/Users/hamza/Desktop/PROYECTOS/APP/mightyfitness/fitness-backend/vendor/laravel/framework/src/Illuminate/Pipeline/Pipeline.php(209): Livewire/Features/SupportDisablingBackButtonCache/DisableBackButtonCacheMiddleware->handle(Object(Illuminate/Http/Request), Object(Closure))
#44 C:/Users/hamza/Desktop/PROYECTOS/APP/mightyfitness/fitness-backend/vendor/laravel/framework/src/Illuminate/Foundation/Http/Middleware/TransformsRequest.php(21): Illuminate/Pipeline/Pipeline->Illuminate/Pipeline/{closure}(Object(Illuminate/Http/Request))
#45 C:/Users/hamza/Desktop/PROYECTOS/APP/mightyfitness/fitness-backend/vendor/laravel/framework/src/Illuminate/Foundation/Http/Middleware/ConvertEmptyStringsToNull.php(31): Illuminate/Foundation/Http/Middleware/TransformsRequest->handle(Object(Illuminate/Http/Request), Object(Closure))
#46 C:/Users/hamza/Desktop/PROYECTOS/APP/mightyfitness/fitness-backend/vendor/laravel/framework/src/Illuminate/Pipeline/Pipeline.php(209): Illuminate/Foundation/Http/Middleware/ConvertEmptyStringsToNull->handle(Object(Illuminate/Http/Request), Object(Closure))
#47 C:/Users/hamza/Desktop/PROYECTOS/APP/mightyfitness/fitness-backend/vendor/laravel/framework/src/Illuminate/Foundation/Http/Middleware/TransformsRequest.php(21): Illuminate/Pipeline/Pipeline->Illuminate/Pipeline/{closure}(Object(Illuminate/Http/Request))
#48 C:/Users/hamza/Desktop/PROYECTOS/APP/mightyfitness/fitness-backend/vendor/laravel/framework/src/Illuminate/Foundation/Http/Middleware/TrimStrings.php(51): Illuminate/Foundation/Http/Middleware/TransformsRequest->handle(Object(Illuminate/Http/Request), Object(Closure))
#49 C:/Users/hamza/Desktop/PROYECTOS/APP/mightyfitness/fitness-backend/vendor/laravel/framework/src/Illuminate/Pipeline/Pipeline.php(209): Illuminate/Foundation/Http/Middleware/TrimStrings->handle(Object(Illuminate/Http/Request), Object(Closure))
#50 C:/Users/hamza/Desktop/PROYECTOS/APP/mightyfitness/fitness-backend/vendor/laravel/framework/src/Illuminate/Http/Middleware/ValidatePostSize.php(27): Illuminate/Pipeline/Pipeline->Illuminate/Pipeline/{closure}(Object(Illuminate/Http/Request))
#51 C:/Users/hamza/Desktop/PROYECTOS/APP/mightyfitness/fitness-backend/vendor/laravel/framework/src/Illuminate/Pipeline/Pipeline.php(209): Illuminate/Http/Middleware/ValidatePostSize->handle(Object(Illuminate/Http/Request), Object(Closure))
#52 C:/Users/hamza/Desktop/PROYECTOS/APP/mightyfitness/fitness-backend/vendor/laravel/framework/src/Illuminate/Foundation/Http/Middleware/PreventRequestsDuringMaintenance.php(110): Illuminate/Pipeline/Pipeline->Illuminate/Pipeline/{closure}(Object(Illuminate/Http/Request))
#53 C:/Users/hamza/Desktop/PROYECTOS/APP/mightyfitness/fitness-backend/vendor/laravel/framework/src/Illuminate/Pipeline/Pipeline.php(209): Illuminate/Foundation/Http/Middleware/PreventRequestsDuringMaintenance->handle(Object(Illuminate/Http/Request), Object(Closure))
#54 C:/Users/hamza/Desktop/PROYECTOS/APP/mightyfitness/fitness-backend/vendor/laravel/framework/src/Illuminate/Http/Middleware/HandleCors.php(62): Illuminate/Pipeline/Pipeline->Illuminate/Pipeline/{closure}(Object(Illuminate/Http/Request))
#55 C:/Users/hamza/Desktop/PROYECTOS/APP/mightyfitness/fitness-backend/vendor/laravel/framework/src/Illuminate/Pipeline/Pipeline.php(209): Illuminate/Http/Middleware/HandleCors->handle(Object(Illuminate/Http/Request), Object(Closure))
#56 C:/Users/hamza/Desktop/PROYECTOS/APP/mightyfitness/fitness-backend/vendor/laravel/framework/src/Illuminate/Pipeline/Pipeline.php(127): Illuminate/Pipeline/Pipeline->Illuminate/Pipeline/{closure}(Object(Illuminate/Http/Request))
#57 C:/Users/hamza/Desktop/PROYECTOS/APP/mightyfitness/fitness-backend/vendor/laravel/framework/src/Illuminate/Foundation/Http/Kernel.php(176): Illuminate/Pipeline/Pipeline->then(Object(Closure))
#58 C:/Users/hamza/Desktop/PROYECTOS/APP/mightyfitness/fitness-backend/vendor/laravel/framework/src/Illuminate/Foundation/Http/Kernel.php(145): Illuminate/Foundation/Http/Kernel->sendRequestThroughRouter(Object(Illuminate/Http/Request))
#59 C:/Users/hamza/Desktop/PROYECTOS/APP/mightyfitness/fitness-backend/public/index.php(51): Illuminate/Foundation/Http/Kernel->handle(Object(Illuminate/Http/Request))
#60 C:/Users/hamza/Desktop/PROYECTOS/APP/mightyfitness/fitness-backend/server.php(21): require_once('C://Users//hamza//...')
#61 {main}
"} 
[2026-08-06 12:52:53] local.ERROR: PHP Parse error: Syntax error, unexpected T_NS_SEPARATOR on line 1 {"exception":"[object] (Psy\\Exception\\ParseErrorException(code: 0): PHP Parse error: Syntax error, unexpected T_NS_SEPARATOR on line 1 at C:/Users/hamza/Desktop/PROYECTOS/APP/mightyfitness/fitness-backend/vendor/psy/psysh/src/Exception/ParseErrorException.php:44)
[stacktrace]
#0 C:/Users/hamza/Desktop/PROYECTOS/APP/mightyfitness/fitness-backend/vendor/psy/psysh/src/CodeCleaner.php(657): Psy/Exception/ParseErrorException::fromParseError(Object(PhpParser/Error))
#1 C:/Users/hamza/Desktop/PROYECTOS/APP/mightyfitness/fitness-backend/vendor/psy/psysh/src/CodeCleaner.php(273): Psy/CodeCleaner->parse('<?php foreach (...', false)
#2 C:/Users/hamza/Desktop/PROYECTOS/APP/mightyfitness/fitness-backend/vendor/psy/psysh/src/Shell.php(1358): Psy/CodeCleaner->clean(Array, false)
#3 C:/Users/hamza/Desktop/PROYECTOS/APP/mightyfitness/fitness-backend/vendor/psy/psysh/src/Shell.php(1465): Psy/Shell->appendCode('foreach ([42,43...', true, false)
#4 C:/Users/hamza/Desktop/PROYECTOS/APP/mightyfitness/fitness-backend/vendor/psy/psysh/src/Shell.php(2173): Psy/Shell->setCode('foreach ([42,43...', true)
#5 C:/Users/hamza/Desktop/PROYECTOS/APP/mightyfitness/fitness-backend/vendor/laravel/tinker/src/Console/TinkerCommand.php(77): Psy/Shell->execute('foreach ([42,43...')
#6 C:/Users/hamza/Desktop/PROYECTOS/APP/mightyfitness/fitness-backend/vendor/laravel/framework/src/Illuminate/Container/BoundMethod.php(36): Laravel/Tinker/Console/TinkerCommand->handle()
#7 C:/Users/hamza/Desktop/PROYECTOS/APP/mightyfitness/fitness-backend/vendor/laravel/framework/src/Illuminate/Container/Util.php(43): Illuminate/Container/BoundMethod::Illuminate/Container/{closure}()
#8 C:/Users/hamza/Desktop/PROYECTOS/APP/mightyfitness/fitness-backend/vendor/laravel/framework/src/Illuminate/Container/BoundMethod.php(95): Illuminate/Container/Util::unwrapIfClosure(Object(Closure))
#9 C:/Users/hamza/Desktop/PROYECTOS/APP/mightyfitness/fitness-backend/vendor/laravel/framework/src/Illuminate/Container/BoundMethod.php(35): Illuminate/Container/BoundMethod::callBoundMethod(Object(Illuminate/Foundation/Application), Array, Object(Closure))
#10 C:/Users/hamza/Desktop/PROYECTOS/APP/mightyfitness/fitness-backend/vendor/laravel/framework/src/Illuminate/Container/Container.php(696): Illuminate/Container/BoundMethod::call(Object(Illuminate/Foundation/Application), Array, Array, NULL)
#11 C:/Users/hamza/Desktop/PROYECTOS/APP/mightyfitness/fitness-backend/vendor/laravel/framework/src/Illuminate/Console/Command.php(213): Illuminate/Container/Container->call(Array)
#12 C:/Users/hamza/Desktop/PROYECTOS/APP/mightyfitness/fitness-backend/vendor/symfony/console/Command/Command.php(341): Illuminate/Console/Command->execute(Object(Symfony/Component/Console/Input/ArgvInput), Object(Illuminate/Console/OutputStyle))
#13 C:/Users/hamza/Desktop/PROYECTOS/APP/mightyfitness/fitness-backend/vendor/laravel/framework/src/Illuminate/Console/Command.php(182): Symfony/Component/Console/Command/Command->run(Object(Symfony/Component/Console/Input/ArgvInput), Object(Illuminate/Console/OutputStyle))
#14 C:/Users/hamza/Desktop/PROYECTOS/APP/mightyfitness/fitness-backend/vendor/symfony/console/Application.php(1117): Illuminate/Console/Command->run(Object(Symfony/Component/Console/Input/ArgvInput), Object(Symfony/Component/Console/Output/ConsoleOutput))
#15 C:/Users/hamza/Desktop/PROYECTOS/APP/mightyfitness/fitness-backend/vendor/symfony/console/Application.php(356): Symfony/Component/Console/Application->doRunCommand(Object(Laravel/Tinker/Console/TinkerCommand), Object(Symfony/Component/Console/Input/ArgvInput), Object(Symfony/Component/Console/Output/ConsoleOutput))
#16 C:/Users/hamza/Desktop/PROYECTOS/APP/mightyfitness/fitness-backend/vendor/symfony/console/Application.php(195): Symfony/Component/Console/Application->doRun(Object(Symfony/Component/Console/Input/ArgvInput), Object(Symfony/Component/Console/Output/ConsoleOutput))
#17 C:/Users/hamza/Desktop/PROYECTOS/APP/mightyfitness/fitness-backend/vendor/laravel/framework/src/Illuminate/Foundation/Console/Kernel.php(198): Symfony/Component/Console/Application->run(Object(Symfony/Component/Console/Input/ArgvInput), Object(Symfony/Component/Console/Output/ConsoleOutput))
#18 C:/Users/hamza/Desktop/PROYECTOS/APP/mightyfitness/fitness-backend/artisan(35): Illuminate/Foundation/Console/Kernel->handle(Object(Symfony/Component/Console/Input/ArgvInput), Object(Symfony/Component/Console/Output/ConsoleOutput))
#19 {main}
"} 
[2026-08-06 12:56:06] local.ERROR: SQLSTATE[42S22]: Column not found: 1054 Unknown column 'client_tag_assignments.tag_id' in 'field list' (Connection: mysql, SQL: select `client_tags`.*, `client_tag_assignments`.`client_id` as `pivot_client_id`, `client_tag_assignments`.`tag_id` as `pivot_tag_id` from `client_tags` inner join `client_tag_assignments` on `client_tags`.`id` = `client_tag_assignments`.`tag_id` where `client_tag_assignments`.`client_id` in (8)) {"userId":2,"exception":"[object] (Illuminate\\Database\\QueryException(code: 42S22): SQLSTATE[42S22]: Column not found: 1054 Unknown column 'client_tag_assignments.tag_id' in 'field list' (Connection: mysql, SQL: select `client_tags`.*, `client_tag_assignments`.`client_id` as `pivot_client_id`, `client_tag_assignments`.`tag_id` as `pivot_tag_id` from `client_tags` inner join `client_tag_assignments` on `client_tags`.`id` = `client_tag_assignments`.`tag_id` where `client_tag_assignments`.`client_id` in (8)) at C:/Users/hamza/Desktop/PROYECTOS/APP/mightyfitness/fitness-backend/vendor/laravel/framework/src/Illuminate/Database/Connection.php:825)
[stacktrace]
#0 C:/Users/hamza/Desktop/PROYECTOS/APP/mightyfitness/fitness-backend/vendor/laravel/framework/src/Illuminate/Database/Connection.php(779): Illuminate/Database/Connection->runQueryCallback('select `client_...', Array, Object(Closure))
#1 C:/Users/hamza/Desktop/PROYECTOS/APP/mightyfitness/fitness-backend/vendor/laravel/framework/src/Illuminate/Database/Connection.php(398): Illuminate/Database/Connection->run('select `client_...', Array, Object(Closure))
#2 C:/Users/hamza/Desktop/PROYECTOS/APP/mightyfitness/fitness-backend/vendor/laravel/framework/src/Illuminate/Database/Query/Builder.php(3106): Illuminate/Database/Connection->select('select `client_...', Array, true)
#3 C:/Users/hamza/Desktop/PROYECTOS/APP/mightyfitness/fitness-backend/vendor/laravel/framework/src/Illuminate/Database/Query/Builder.php(3091): Illuminate/Database/Query/Builder->runSelect()
#4 C:/Users/hamza/Desktop/PROYECTOS/APP/mightyfitness/fitness-backend/vendor/laravel/framework/src/Illuminate/Database/Query/Builder.php(3676): Illuminate/Database/Query/Builder->Illuminate/Database/Query/{closure}()
#5 C:/Users/hamza/Desktop/PROYECTOS/APP/mightyfitness/fitness-backend/vendor/laravel/framework/src/Illuminate/Database/Query/Builder.php(3090): Illuminate/Database/Query/Builder->onceWithColumns(Array, Object(Closure))
#6 C:/Users/hamza/Desktop/PROYECTOS/APP/mightyfitness/fitness-backend/vendor/laravel/framework/src/Illuminate/Database/Eloquent/Builder.php(811): Illuminate/Database/Query/Builder->get(Array)
#7 C:/Users/hamza/Desktop/PROYECTOS/APP/mightyfitness/fitness-backend/vendor/laravel/framework/src/Illuminate/Database/Eloquent/Relations/BelongsToMany.php(887): Illuminate/Database/Eloquent/Builder->getModels()
#8 C:/Users/hamza/Desktop/PROYECTOS/APP/mightyfitness/fitness-backend/vendor/laravel/framework/src/Illuminate/Database/Eloquent/Relations/Relation.php(176): Illuminate/Database/Eloquent/Relations/BelongsToMany->get()
#9 C:/Users/hamza/Desktop/PROYECTOS/APP/mightyfitness/fitness-backend/vendor/laravel/framework/src/Illuminate/Database/Eloquent/Builder.php(859): Illuminate/Database/Eloquent/Relations/Relation->getEager()
#10 C:/Users/hamza/Desktop/PROYECTOS/APP/mightyfitness/fitness-backend/vendor/laravel/framework/src/Illuminate/Database/Eloquent/Builder.php(828): Illuminate/Database/Eloquent/Builder->eagerLoadRelation(Array, 'tags', Object(Closure))
#11 C:/Users/hamza/Desktop/PROYECTOS/APP/mightyfitness/fitness-backend/vendor/laravel/framework/src/Illuminate/Database/Eloquent/Builder.php(794): Illuminate/Database/Eloquent/Builder->eagerLoadRelations(Array)
#12 C:/Users/hamza/Desktop/PROYECTOS/APP/mightyfitness/fitness-backend/vendor/laravel/framework/src/Illuminate/Database/Concerns/BuildsQueries.php(343): Illuminate/Database/Eloquent/Builder->get(Array)
#13 C:/Users/hamza/Desktop/PROYECTOS/APP/mightyfitness/fitness-backend/vendor/laravel/framework/src/Illuminate/Database/Eloquent/Builder.php(477): Illuminate/Database/Eloquent/Builder->first(Array)
#14 C:/Users/hamza/Desktop/PROYECTOS/APP/mightyfitness/fitness-backend/app/Http/Controllers/API/ClientTagController.php(55): Illuminate/Database/Eloquent/Builder->find('8')
#15 C:/Users/hamza/Desktop/PROYECTOS/APP/mightyfitness/fitness-backend/vendor/laravel/framework/src/Illuminate/Routing/Controller.php(54): App/Http/Controllers/API/ClientTagController->getClientTags(Object(Illuminate/Http/Request))
#16 C:/Users/hamza/Desktop/PROYECTOS/APP/mightyfitness/fitness-backend/vendor/laravel/framework/src/Illuminate/Routing/ControllerDispatcher.php(44): Illuminate/Routing/Controller->callAction('getClientTags', Array)
#17 C:/Users/hamza/Desktop/PROYECTOS/APP/mightyfitness/fitness-backend/vendor/laravel/framework/src/Illuminate/Routing/Route.php(266): Illuminate/Routing/ControllerDispatcher->dispatch(Object(Illuminate/Routing/Route), Object(App/Http/Controllers/API/ClientTagController), 'getClientTags')
#18 C:/Users/hamza/Desktop/PROYECTOS/APP/mightyfitness/fitness-backend/vendor/laravel/framework/src/Illuminate/Routing/Route.php(212): Illuminate/Routing/Route->runController()
#19 C:/Users/hamza/Desktop/PROYECTOS/APP/mightyfitness/fitness-backend/vendor/laravel/framework/src/Illuminate/Routing/Router.php(808): Illuminate/Routing/Route->run()
#20 C:/Users/hamza/Desktop/PROYECTOS/APP/mightyfitness/fitness-backend/vendor/laravel/framework/src/Illuminate/Pipeline/Pipeline.php(170): Illuminate/Routing/Router->Illuminate/Routing/{closure}(Object(Illuminate/Http/Request))
#21 C:/Users/hamza/Desktop/PROYECTOS/APP/mightyfitness/fitness-backend/app/Http/Middleware/AdminApi.php(26): Illuminate/Pipeline/Pipeline->Illuminate/Pipeline/{closure}(Object(Illuminate/Http/Request))
#22 C:/Users/hamza/Desktop/PROYECTOS/APP/mightyfitness/fitness-backend/vendor/laravel/framework/src/Illuminate/Pipeline/Pipeline.php(209): App/Http/Middleware/AdminApi->handle(Object(Illuminate/Http/Request), Object(Closure))
#23 C:/Users/hamza/Desktop/PROYECTOS/APP/mightyfitness/fitness-backend/app/Http/Middleware/API/CheckUserStatus.php(26): Illuminate/Pipeline/Pipeline->Illuminate/Pipeline/{closure}(Object(Illuminate/Http/Request))
#24 C:/Users/hamza/Desktop/PROYECTOS/APP/mightyfitness/fitness-backend/vendor/laravel/framework/src/Illuminate/Pipeline/Pipeline.php(209): App/Http/Middleware/API/CheckUserStatus->handle(Object(Illuminate/Http/Request), Object(Closure))
#25 C:/Users/hamza/Desktop/PROYECTOS/APP/mightyfitness/fitness-backend/vendor/laravel/framework/src/Illuminate/Routing/Middleware/SubstituteBindings.php(51): Illuminate/Pipeline/Pipeline->Illuminate/Pipeline/{closure}(Object(Illuminate/Http/Request))
#26 C:/Users/hamza/Desktop/PROYECTOS/APP/mightyfitness/fitness-backend/vendor/laravel/framework/src/Illuminate/Pipeline/Pipeline.php(209): Illuminate/Routing/Middleware/SubstituteBindings->handle(Object(Illuminate/Http/Request), Object(Closure))
#27 C:/Users/hamza/Desktop/PROYECTOS/APP/mightyfitness/fitness-backend/vendor/laravel/framework/src/Illuminate/Routing/Middleware/ThrottleRequests.php(161): Illuminate/Pipeline/Pipeline->Illuminate/Pipeline/{closure}(Object(Illuminate/Http/Request))
#28 C:/Users/hamza/Desktop/PROYECTOS/APP/mightyfitness/fitness-backend/vendor/laravel/framework/src/Illuminate/Routing/Middleware/ThrottleRequests.php(127): Illuminate/Routing/Middleware/ThrottleRequests->handleRequest(Object(Illuminate/Http/Request), Object(Closure), Array)
#29 C:/Users/hamza/Desktop/PROYECTOS/APP/mightyfitness/fitness-backend/vendor/laravel/framework/src/Illuminate/Routing/Middleware/ThrottleRequests.php(89): Illuminate/Routing/Middleware/ThrottleRequests->handleRequestUsingNamedLimiter(Object(Illuminate/Http/Request), Object(Closure), 'api', Object(Closure))
#30 C:/Users/hamza/Desktop/PROYECTOS/APP/mightyfitness/fitness-backend/vendor/laravel/framework/src/Illuminate/Pipeline/Pipeline.php(209): Illuminate/Routing/Middleware/ThrottleRequests->handle(Object(Illuminate/Http/Request), Object(Closure), 'api')
#31 C:/Users/hamza/Desktop/PROYECTOS/APP/mightyfitness/fitness-backend/vendor/laravel/framework/src/Illuminate/Auth/Middleware/Authenticate.php(64): Illuminate/Pipeline/Pipeline->Illuminate/Pipeline/{closure}(Object(Illuminate/Http/Request))
#32 C:/Users/hamza/Desktop/PROYECTOS/APP/mightyfitness/fitness-backend/vendor/laravel/framework/src/Illuminate/Pipeline/Pipeline.php(209): Illuminate/Auth/Middleware/Authenticate->handle(Object(Illuminate/Http/Request), Object(Closure), 'sanctum')
#33 C:/Users/hamza/Desktop/PROYECTOS/APP/mightyfitness/fitness-backend/vendor/laravel/framework/src/Illuminate/Pipeline/Pipeline.php(127): Illuminate/Pipeline/Pipeline->Illuminate/Pipeline/{closure}(Object(Illuminate/Http/Request))
#34 C:/Users/hamza/Desktop/PROYECTOS/APP/mightyfitness/fitness-backend/vendor/laravel/framework/src/Illuminate/Routing/Router.php(807): Illuminate/Pipeline/Pipeline->then(Object(Closure))
#35 C:/Users/hamza/Desktop/PROYECTOS/APP/mightyfitness/fitness-backend/vendor/laravel/framework/src/Illuminate/Routing/Router.php(786): Illuminate/Routing/Router->runRouteWithinStack(Object(Illuminate/Routing/Route), Object(Illuminate/Http/Request))
#36 C:/Users/hamza/Desktop/PROYECTOS/APP/mightyfitness/fitness-backend/vendor/laravel/framework/src/Illuminate/Routing/Router.php(750): Illuminate/Routing/Router->runRoute(Object(Illuminate/Http/Request), Object(Illuminate/Routing/Route))
#37 C:/Users/hamza/Desktop/PROYECTOS/APP/mightyfitness/fitness-backend/vendor/laravel/framework/src/Illuminate/Routing/Router.php(739): Illuminate/Routing/Router->dispatchToRoute(Object(Illuminate/Http/Request))
#38 C:/Users/hamza/Desktop/PROYECTOS/APP/mightyfitness/fitness-backend/vendor/laravel/framework/src/Illuminate/Foundation/Http/Kernel.php(201): Illuminate/Routing/Router->dispatch(Object(Illuminate/Http/Request))
#39 C:/Users/hamza/Desktop/PROYECTOS/APP/mightyfitness/fitness-backend/vendor/laravel/framework/src/Illuminate/Pipeline/Pipeline.php(170): Illuminate/Foundation/Http/Kernel->Illuminate/Foundation/Http/{closure}(Object(Illuminate/Http/Request))
#40 C:/Users/hamza/Desktop/PROYECTOS/APP/mightyfitness/fitness-backend/vendor/livewire/livewire/src/Features/SupportDisablingBackButtonCache/DisableBackButtonCacheMiddleware.php(19): Illuminate/Pipeline/Pipeline->Illuminate/Pipeline/{closure}(Object(Illuminate/Http/Request))
#41 C:/Users/hamza/Desktop/PROYECTOS/APP/mightyfitness/fitness-backend/vendor/laravel/framework/src/Illuminate/Pipeline/Pipeline.php(209): Livewire/Features/SupportDisablingBackButtonCache/DisableBackButtonCacheMiddleware->handle(Object(Illuminate/Http/Request), Object(Closure))
#42 C:/Users/hamza/Desktop/PROYECTOS/APP/mightyfitness/fitness-backend/vendor/laravel/framework/src/Illuminate/Foundation/Http/Middleware/TransformsRequest.php(21): Illuminate/Pipeline/Pipeline->Illuminate/Pipeline/{closure}(Object(Illuminate/Http/Request))
#43 C:/Users/hamza/Desktop/PROYECTOS/APP/mightyfitness/fitness-backend/vendor/laravel/framework/src/Illuminate/Foundation/Http/Middleware/ConvertEmptyStringsToNull.php(31): Illuminate/Foundation/Http/Middleware/TransformsRequest->handle(Object(Illuminate/Http/Request), Object(Closure))
#44 C:/Users/hamza/Desktop/PROYECTOS/APP/mightyfitness/fitness-backend/vendor/laravel/framework/src/Illuminate/Pipeline/Pipeline.php(209): Illuminate/Foundation/Http/Middleware/ConvertEmptyStringsToNull->handle(Object(Illuminate/Http/Request), Object(Closure))
#45 C:/Users/hamza/Desktop/PROYECTOS/APP/mightyfitness/fitness-backend/vendor/laravel/framework/src/Illuminate/Foundation/Http/Middleware/TransformsRequest.php(21): Illuminate/Pipeline/Pipeline->Illuminate/Pipeline/{closure}(Object(Illuminate/Http/Request))
#46 C:/Users/hamza/Desktop/PROYECTOS/APP/mightyfitness/fitness-backend/vendor/laravel/framework/src/Illuminate/Foundation/Http/Middleware/TrimStrings.php(51): Illuminate/Foundation/Http/Middleware/TransformsRequest->handle(Object(Illuminate/Http/Request), Object(Closure))
#47 C:/Users/hamza/Desktop/PROYECTOS/APP/mightyfitness/fitness-backend/vendor/laravel/framework/src/Illuminate/Pipeline/Pipeline.php(209): Illuminate/Foundation/Http/Middleware/TrimStrings->handle(Object(Illuminate/Http/Request), Object(Closure))
#48 C:/Users/hamza/Desktop/PROYECTOS/APP/mightyfitness/fitness-backend/vendor/laravel/framework/src/Illuminate/Http/Middleware/ValidatePostSize.php(27): Illuminate/Pipeline/Pipeline->Illuminate/Pipeline/{closure}(Object(Illuminate/Http/Request))
#49 C:/Users/hamza/Desktop/PROYECTOS/APP/mightyfitness/fitness-backend/vendor/laravel/framework/src/Illuminate/Pipeline/Pipeline.php(209): Illuminate/Http/Middleware/ValidatePostSize->handle(Object(Illuminate/Http/Request), Object(Closure))
#50 C:/Users/hamza/Desktop/PROYECTOS/APP/mightyfitness/fitness-backend/vendor/laravel/framework/src/Illuminate/Foundation/Http/Middleware/PreventRequestsDuringMaintenance.php(110): Illuminate/Pipeline/Pipeline->Illuminate/Pipeline/{closure}(Object(Illuminate/Http/Request))
#51 C:/Users/hamza/Desktop/PROYECTOS/APP/mightyfitness/fitness-backend/vendor/laravel/framework/src/Illuminate/Pipeline/Pipeline.php(209): Illuminate/Foundation/Http/Middleware/PreventRequestsDuringMaintenance->handle(Object(Illuminate/Http/Request), Object(Closure))
#52 C:/Users/hamza/Desktop/PROYECTOS/APP/mightyfitness/fitness-backend/vendor/laravel/framework/src/Illuminate/Http/Middleware/HandleCors.php(62): Illuminate/Pipeline/Pipeline->Illuminate/Pipeline/{closure}(Object(Illuminate/Http/Request))
#53 C:/Users/hamza/Desktop/PROYECTOS/APP/mightyfitness/fitness-backend/vendor/laravel/framework/src/Illuminate/Pipeline/Pipeline.php(209): Illuminate/Http/Middleware/HandleCors->handle(Object(Illuminate/Http/Request), Object(Closure))
#54 C:/Users/hamza/Desktop/PROYECTOS/APP/mightyfitness/fitness-backend/vendor/laravel/framework/src/Illuminate/Pipeline/Pipeline.php(127): Illuminate/Pipeline/Pipeline->Illuminate/Pipeline/{closure}(Object(Illuminate/Http/Request))
#55 C:/Users/hamza/Desktop/PROYECTOS/APP/mightyfitness/fitness-backend/vendor/laravel/framework/src/Illuminate/Foundation/Http/Kernel.php(176): Illuminate/Pipeline/Pipeline->then(Object(Closure))
#56 C:/Users/hamza/Desktop/PROYECTOS/APP/mightyfitness/fitness-backend/vendor/laravel/framework/src/Illuminate/Foundation/Http/Kernel.php(145): Illuminate/Foundation/Http/Kernel->sendRequestThroughRouter(Object(Illuminate/Http/Request))
#57 C:/Users/hamza/Desktop/PROYECTOS/APP/mightyfitness/fitness-backend/public/index.php(51): Illuminate/Foundation/Http/Kernel->handle(Object(Illuminate/Http/Request))
#58 C:/Users/hamza/Desktop/PROYECTOS/APP/mightyfitness/fitness-backend/server.php(21): require_once('C://Users//hamza//...')
#59 {main}

[previous exception] [object] (PDOException(code: 42S22): SQLSTATE[42S22]: Column not found: 1054 Unknown column 'client_tag_assignments.tag_id' in 'field list' at C:/Users/hamza/Desktop/PROYECTOS/APP/mightyfitness/fitness-backend/vendor/laravel/framework/src/Illuminate/Database/Connection.php:407)
[stacktrace]
#0 C:/Users/hamza/Desktop/PROYECTOS/APP/mightyfitness/fitness-backend/vendor/laravel/framework/src/Illuminate/Database/Connection.php(407): PDO->prepare('select `client_...')
#1 C:/Users/hamza/Desktop/PROYECTOS/APP/mightyfitness/fitness-backend/vendor/laravel/framework/src/Illuminate/Database/Connection.php(812): Illuminate/Database/Connection->Illuminate/Database/{closure}('select `client_...', Array)
#2 C:/Users/hamza/Desktop/PROYECTOS/APP/mightyfitness/fitness-backend/vendor/laravel/framework/src/Illuminate/Database/Connection.php(779): Illuminate/Database/Connection->runQueryCallback('select `client_...', Array, Object(Closure))
#3 C:/Users/hamza/Desktop/PROYECTOS/APP/mightyfitness/fitness-backend/vendor/laravel/framework/src/Illuminate/Database/Connection.php(398): Illuminate/Database/Connection->run('select `client_...', Array, Object(Closure))
#4 C:/Users/hamza/Desktop/PROYECTOS/APP/mightyfitness/fitness-backend/vendor/laravel/framework/src/Illuminate/Database/Query/Builder.php(3106): Illuminate/Database/Connection->select('select `client_...', Array, true)
#5 C:/Users/hamza/Desktop/PROYECTOS/APP/mightyfitness/fitness-backend/vendor/laravel/framework/src/Illuminate/Database/Query/Builder.php(3091): Illuminate/Database/Query/Builder->runSelect()
#6 C:/Users/hamza/Desktop/PROYECTOS/APP/mightyfitness/fitness-backend/vendor/laravel/framework/src/Illuminate/Database/Query/Builder.php(3676): Illuminate/Database/Query/Builder->Illuminate/Database/Query/{closure}()
#7 C:/Users/hamza/Desktop/PROYECTOS/APP/mightyfitness/fitness-backend/vendor/laravel/framework/src/Illuminate/Database/Query/Builder.php(3090): Illuminate/Database/Query/Builder->onceWithColumns(Array, Object(Closure))
#8 C:/Users/hamza/Desktop/PROYECTOS/APP/mightyfitness/fitness-backend/vendor/laravel/framework/src/Illuminate/Database/Eloquent/Builder.php(811): Illuminate/Database/Query/Builder->get(Array)
#9 C:/Users/hamza/Desktop/PROYECTOS/APP/mightyfitness/fitness-backend/vendor/laravel/framework/src/Illuminate/Database/Eloquent/Relations/BelongsToMany.php(887): Illuminate/Database/Eloquent/Builder->getModels()
#10 C:/Users/hamza/Desktop/PROYECTOS/APP/mightyfitness/fitness-backend/vendor/laravel/framework/src/Illuminate/Database/Eloquent/Relations/Relation.php(176): Illuminate/Database/Eloquent/Relations/BelongsToMany->get()
#11 C:/Users/hamza/Desktop/PROYECTOS/APP/mightyfitness/fitness-backend/vendor/laravel/framework/src/Illuminate/Database/Eloquent/Builder.php(859): Illuminate/Database/Eloquent/Relations/Relation->getEager()
#12 C:/Users/hamza/Desktop/PROYECTOS/APP/mightyfitness/fitness-backend/vendor/laravel/framework/src/Illuminate/Database/Eloquent/Builder.php(828): Illuminate/Database/Eloquent/Builder->eagerLoadRelation(Array, 'tags', Object(Closure))
#13 C:/Users/hamza/Desktop/PROYECTOS/APP/mightyfitness/fitness-backend/vendor/laravel/framework/src/Illuminate/Database/Eloquent/Builder.php(794): Illuminate/Database/Eloquent/Builder->eagerLoadRelations(Array)
#14 C:/Users/hamza/Desktop/PROYECTOS/APP/mightyfitness/fitness-backend/vendor/laravel/framework/src/Illuminate/Database/Concerns/BuildsQueries.php(343): Illuminate/Database/Eloquent/Builder->get(Array)
#15 C:/Users/hamza/Desktop/PROYECTOS/APP/mightyfitness/fitness-backend/vendor/laravel/framework/src/Illuminate/Database/Eloquent/Builder.php(477): Illuminate/Database/Eloquent/Builder->first(Array)
#16 C:/Users/hamza/Desktop/PROYECTOS/APP/mightyfitness/fitness-backend/app/Http/Controllers/API/ClientTagController.php(55): Illuminate/Database/Eloquent/Builder->find('8')
#17 C:/Users/hamza/Desktop/PROYECTOS/APP/mightyfitness/fitness-backend/vendor/laravel/framework/src/Illuminate/Routing/Controller.php(54): App/Http/Controllers/API/ClientTagController->getClientTags(Object(Illuminate/Http/Request))
#18 C:/Users/hamza/Desktop/PROYECTOS/APP/mightyfitness/fitness-backend/vendor/laravel/framework/src/Illuminate/Routing/ControllerDispatcher.php(44): Illuminate/Routing/Controller->callAction('getClientTags', Array)
#19 C:/Users/hamza/Desktop/PROYECTOS/APP/mightyfitness/fitness-backend/vendor/laravel/framework/src/Illuminate/Routing/Route.php(266): Illuminate/Routing/ControllerDispatcher->dispatch(Object(Illuminate/Routing/Route), Object(App/Http/Controllers/API/ClientTagController), 'getClientTags')
#20 C:/Users/hamza/Desktop/PROYECTOS/APP/mightyfitness/fitness-backend/vendor/laravel/framework/src/Illuminate/Routing/Route.php(212): Illuminate/Routing/Route->runController()
#21 C:/Users/hamza/Desktop/PROYECTOS/APP/mightyfitness/fitness-backend/vendor/laravel/framework/src/Illuminate/Routing/Router.php(808): Illuminate/Routing/Route->run()
#22 C:/Users/hamza/Desktop/PROYECTOS/APP/mightyfitness/fitness-backend/vendor/laravel/framework/src/Illuminate/Pipeline/Pipeline.php(170): Illuminate/Routing/Router->Illuminate/Routing/{closure}(Object(Illuminate/Http/Request))
#23 C:/Users/hamza/Desktop/PROYECTOS/APP/mightyfitness/fitness-backend/app/Http/Middleware/AdminApi.php(26): Illuminate/Pipeline/Pipeline->Illuminate/Pipeline/{closure}(Object(Illuminate/Http/Request))
#24 C:/Users/hamza/Desktop/PROYECTOS/APP/mightyfitness/fitness-backend/vendor/laravel/framework/src/Illuminate/Pipeline/Pipeline.php(209): App/Http/Middleware/AdminApi->handle(Object(Illuminate/Http/Request), Object(Closure))
#25 C:/Users/hamza/Desktop/PROYECTOS/APP/mightyfitness/fitness-backend/app/Http/Middleware/API/CheckUserStatus.php(26): Illuminate/Pipeline/Pipeline->Illuminate/Pipeline/{closure}(Object(Illuminate/Http/Request))
#26 C:/Users/hamza/Desktop/PROYECTOS/APP/mightyfitness/fitness-backend/vendor/laravel/framework/src/Illuminate/Pipeline/Pipeline.php(209): App/Http/Middleware/API/CheckUserStatus->handle(Object(Illuminate/Http/Request), Object(Closure))
#27 C:/Users/hamza/Desktop/PROYECTOS/APP/mightyfitness/fitness-backend/vendor/laravel/framework/src/Illuminate/Routing/Middleware/SubstituteBindings.php(51): Illuminate/Pipeline/Pipeline->Illuminate/Pipeline/{closure}(Object(Illuminate/Http/Request))
#28 C:/Users/hamza/Desktop/PROYECTOS/APP/mightyfitness/fitness-backend/vendor/laravel/framework/src/Illuminate/Pipeline/Pipeline.php(209): Illuminate/Routing/Middleware/SubstituteBindings->handle(Object(Illuminate/Http/Request), Object(Closure))
#29 C:/Users/hamza/Desktop/PROYECTOS/APP/mightyfitness/fitness-backend/vendor/laravel/framework/src/Illuminate/Routing/Middleware/ThrottleRequests.php(161): Illuminate/Pipeline/Pipeline->Illuminate/Pipeline/{closure}(Object(Illuminate/Http/Request))
#30 C:/Users/hamza/Desktop/PROYECTOS/APP/mightyfitness/fitness-backend/vendor/laravel/framework/src/Illuminate/Routing/Middleware/ThrottleRequests.php(127): Illuminate/Routing/Middleware/ThrottleRequests->handleRequest(Object(Illuminate/Http/Request), Object(Closure), Array)
#31 C:/Users/hamza/Desktop/PROYECTOS/APP/mightyfitness/fitness-backend/vendor/laravel/framework/src/Illuminate/Routing/Middleware/ThrottleRequests.php(89): Illuminate/Routing/Middleware/ThrottleRequests->handleRequestUsingNamedLimiter(Object(Illuminate/Http/Request), Object(Closure), 'api', Object(Closure))
#32 C:/Users/hamza/Desktop/PROYECTOS/APP/mightyfitness/fitness-backend/vendor/laravel/framework/src/Illuminate/Pipeline/Pipeline.php(209): Illuminate/Routing/Middleware/ThrottleRequests->handle(Object(Illuminate/Http/Request), Object(Closure), 'api')
#33 C:/Users/hamza/Desktop/PROYECTOS/APP/mightyfitness/fitness-backend/vendor/laravel/framework/src/Illuminate/Auth/Middleware/Authenticate.php(64): Illuminate/Pipeline/Pipeline->Illuminate/Pipeline/{closure}(Object(Illuminate/Http/Request))
#34 C:/Users/hamza/Desktop/PROYECTOS/APP/mightyfitness/fitness-backend/vendor/laravel/framework/src/Illuminate/Pipeline/Pipeline.php(209): Illuminate/Auth/Middleware/Authenticate->handle(Object(Illuminate/Http/Request), Object(Closure), 'sanctum')
#35 C:/Users/hamza/Desktop/PROYECTOS/APP/mightyfitness/fitness-backend/vendor/laravel/framework/src/Illuminate/Pipeline/Pipeline.php(127): Illuminate/Pipeline/Pipeline->Illuminate/Pipeline/{closure}(Object(Illuminate/Http/Request))
#36 C:/Users/hamza/Desktop/PROYECTOS/APP/mightyfitness/fitness-backend/vendor/laravel/framework/src/Illuminate/Routing/Router.php(807): Illuminate/Pipeline/Pipeline->then(Object(Closure))
#37 C:/Users/hamza/Desktop/PROYECTOS/APP/mightyfitness/fitness-backend/vendor/laravel/framework/src/Illuminate/Routing/Router.php(786): Illuminate/Routing/Router->runRouteWithinStack(Object(Illuminate/Routing/Route), Object(Illuminate/Http/Request))
#38 C:/Users/hamza/Desktop/PROYECTOS/APP/mightyfitness/fitness-backend/vendor/laravel/framework/src/Illuminate/Routing/Router.php(750): Illuminate/Routing/Router->runRoute(Object(Illuminate/Http/Request), Object(Illuminate/Routing/Route))
#39 C:/Users/hamza/Desktop/PROYECTOS/APP/mightyfitness/fitness-backend/vendor/laravel/framework/src/Illuminate/Routing/Router.php(739): Illuminate/Routing/Router->dispatchToRoute(Object(Illuminate/Http/Request))
#40 C:/Users/hamza/Desktop/PROYECTOS/APP/mightyfitness/fitness-backend/vendor/laravel/framework/src/Illuminate/Foundation/Http/Kernel.php(201): Illuminate/Routing/Router->dispatch(Object(Illuminate/Http/Request))
#41 C:/Users/hamza/Desktop/PROYECTOS/APP/mightyfitness/fitness-backend/vendor/laravel/framework/src/Illuminate/Pipeline/Pipeline.php(170): Illuminate/Foundation/Http/Kernel->Illuminate/Foundation/Http/{closure}(Object(Illuminate/Http/Request))
#42 C:/Users/hamza/Desktop/PROYECTOS/APP/mightyfitness/fitness-backend/vendor/livewire/livewire/src/Features/SupportDisablingBackButtonCache/DisableBackButtonCacheMiddleware.php(19): Illuminate/Pipeline/Pipeline->Illuminate/Pipeline/{closure}(Object(Illuminate/Http/Request))
#43 C:/Users/hamza/Desktop/PROYECTOS/APP/mightyfitness/fitness-backend/vendor/laravel/framework/src/Illuminate/Pipeline/Pipeline.php(209): Livewire/Features/SupportDisablingBackButtonCache/DisableBackButtonCacheMiddleware->handle(Object(Illuminate/Http/Request), Object(Closure))
#44 C:/Users/hamza/Desktop/PROYECTOS/APP/mightyfitness/fitness-backend/vendor/laravel/framework/src/Illuminate/Foundation/Http/Middleware/TransformsRequest.php(21): Illuminate/Pipeline/Pipeline->Illuminate/Pipeline/{closure}(Object(Illuminate/Http/Request))
#45 C:/Users/hamza/Desktop/PROYECTOS/APP/mightyfitness/fitness-backend/vendor/laravel/framework/src/Illuminate/Foundation/Http/Middleware/ConvertEmptyStringsToNull.php(31): Illuminate/Foundation/Http/Middleware/TransformsRequest->handle(Object(Illuminate/Http/Request), Object(Closure))
#46 C:/Users/hamza/Desktop/PROYECTOS/APP/mightyfitness/fitness-backend/vendor/laravel/framework/src/Illuminate/Pipeline/Pipeline.php(209): Illuminate/Foundation/Http/Middleware/ConvertEmptyStringsToNull->handle(Object(Illuminate/Http/Request), Object(Closure))
#47 C:/Users/hamza/Desktop/PROYECTOS/APP/mightyfitness/fitness-backend/vendor/laravel/framework/src/Illuminate/Foundation/Http/Middleware/TransformsRequest.php(21): Illuminate/Pipeline/Pipeline->Illuminate/Pipeline/{closure}(Object(Illuminate/Http/Request))
#48 C:/Users/hamza/Desktop/PROYECTOS/APP/mightyfitness/fitness-backend/vendor/laravel/framework/src/Illuminate/Foundation/Http/Middleware/TrimStrings.php(51): Illuminate/Foundation/Http/Middleware/TransformsRequest->handle(Object(Illuminate/Http/Request), Object(Closure))
#49 C:/Users/hamza/Desktop/PROYECTOS/APP/mightyfitness/fitness-backend/vendor/laravel/framework/src/Illuminate/Pipeline/Pipeline.php(209): Illuminate/Foundation/Http/Middleware/TrimStrings->handle(Object(Illuminate/Http/Request), Object(Closure))
#50 C:/Users/hamza/Desktop/PROYECTOS/APP/mightyfitness/fitness-backend/vendor/laravel/framework/src/Illuminate/Http/Middleware/ValidatePostSize.php(27): Illuminate/Pipeline/Pipeline->Illuminate/Pipeline/{closure}(Object(Illuminate/Http/Request))
#51 C:/Users/hamza/Desktop/PROYECTOS/APP/mightyfitness/fitness-backend/vendor/laravel/framework/src/Illuminate/Pipeline/Pipeline.php(209): Illuminate/Http/Middleware/ValidatePostSize->handle(Object(Illuminate/Http/Request), Object(Closure))
#52 C:/Users/hamza/Desktop/PROYECTOS/APP/mightyfitness/fitness-backend/vendor/laravel/framework/src/Illuminate/Foundation/Http/Middleware/PreventRequestsDuringMaintenance.php(110): Illuminate/Pipeline/Pipeline->Illuminate/Pipeline/{closure}(Object(Illuminate/Http/Request))
#53 C:/Users/hamza/Desktop/PROYECTOS/APP/mightyfitness/fitness-backend/vendor/laravel/framework/src/Illuminate/Pipeline/Pipeline.php(209): Illuminate/Foundation/Http/Middleware/PreventRequestsDuringMaintenance->handle(Object(Illuminate/Http/Request), Object(Closure))
#54 C:/Users/hamza/Desktop/PROYECTOS/APP/mightyfitness/fitness-backend/vendor/laravel/framework/src/Illuminate/Http/Middleware/HandleCors.php(62): Illuminate/Pipeline/Pipeline->Illuminate/Pipeline/{closure}(Object(Illuminate/Http/Request))
#55 C:/Users/hamza/Desktop/PROYECTOS/APP/mightyfitness/fitness-backend/vendor/laravel/framework/src/Illuminate/Pipeline/Pipeline.php(209): Illuminate/Http/Middleware/HandleCors->handle(Object(Illuminate/Http/Request), Object(Closure))
#56 C:/Users/hamza/Desktop/PROYECTOS/APP/mightyfitness/fitness-backend/vendor/laravel/framework/src/Illuminate/Pipeline/Pipeline.php(127): Illuminate/Pipeline/Pipeline->Illuminate/Pipeline/{closure}(Object(Illuminate/Http/Request))
#57 C:/Users/hamza/Desktop/PROYECTOS/APP/mightyfitness/fitness-backend/vendor/laravel/framework/src/Illuminate/Foundation/Http/Kernel.php(176): Illuminate/Pipeline/Pipeline->then(Object(Closure))
#58 C:/Users/hamza/Desktop/PROYECTOS/APP/mightyfitness/fitness-backend/vendor/laravel/framework/src/Illuminate/Foundation/Http/Kernel.php(145): Illuminate/Foundation/Http/Kernel->sendRequestThroughRouter(Object(Illuminate/Http/Request))
#59 C:/Users/hamza/Desktop/PROYECTOS/APP/mightyfitness/fitness-backend/public/index.php(51): Illuminate/Foundation/Http/Kernel->handle(Object(Illuminate/Http/Request))
#60 C:/Users/hamza/Desktop/PROYECTOS/APP/mightyfitness/fitness-backend/server.php(21): require_once('C://Users//hamza//...')
#61 {main}
"} 
[2026-08-06 13:14:03] local.ERROR: SQLSTATE[42S22]: Column not found: 1054 Unknown column 'client_tag_assignments.tag_id' in 'field list' (Connection: mysql, SQL: select `client_tags`.*, `client_tag_assignments`.`client_id` as `pivot_client_id`, `client_tag_assignments`.`tag_id` as `pivot_tag_id` from `client_tags` inner join `client_tag_assignments` on `client_tags`.`id` = `client_tag_assignments`.`tag_id` where `client_tag_assignments`.`client_id` in (8)) {"userId":2,"exception":"[object] (Illuminate\\Database\\QueryException(code: 42S22): SQLSTATE[42S22]: Column not found: 1054 Unknown column 'client_tag_assignments.tag_id' in 'field list' (Connection: mysql, SQL: select `client_tags`.*, `client_tag_assignments`.`client_id` as `pivot_client_id`, `client_tag_assignments`.`tag_id` as `pivot_tag_id` from `client_tags` inner join `client_tag_assignments` on `client_tags`.`id` = `client_tag_assignments`.`tag_id` where `client_tag_assignments`.`client_id` in (8)) at C:/Users/hamza/Desktop/PROYECTOS/APP/mightyfitness/fitness-backend/vendor/laravel/framework/src/Illuminate/Database/Connection.php:825)
[stacktrace]
#0 C:/Users/hamza/Desktop/PROYECTOS/APP/mightyfitness/fitness-backend/vendor/laravel/framework/src/Illuminate/Database/Connection.php(779): Illuminate/Database/Connection->runQueryCallback('select `client_...', Array, Object(Closure))
#1 C:/Users/hamza/Desktop/PROYECTOS/APP/mightyfitness/fitness-backend/vendor/laravel/framework/src/Illuminate/Database/Connection.php(398): Illuminate/Database/Connection->run('select `client_...', Array, Object(Closure))
#2 C:/Users/hamza/Desktop/PROYECTOS/APP/mightyfitness/fitness-backend/vendor/laravel/framework/src/Illuminate/Database/Query/Builder.php(3106): Illuminate/Database/Connection->select('select `client_...', Array, true)
#3 C:/Users/hamza/Desktop/PROYECTOS/APP/mightyfitness/fitness-backend/vendor/laravel/framework/src/Illuminate/Database/Query/Builder.php(3091): Illuminate/Database/Query/Builder->runSelect()
#4 C:/Users/hamza/Desktop/PROYECTOS/APP/mightyfitness/fitness-backend/vendor/laravel/framework/src/Illuminate/Database/Query/Builder.php(3676): Illuminate/Database/Query/Builder->Illuminate/Database/Query/{closure}()
#5 C:/Users/hamza/Desktop/PROYECTOS/APP/mightyfitness/fitness-backend/vendor/laravel/framework/src/Illuminate/Database/Query/Builder.php(3090): Illuminate/Database/Query/Builder->onceWithColumns(Array, Object(Closure))
#6 C:/Users/hamza/Desktop/PROYECTOS/APP/mightyfitness/fitness-backend/vendor/laravel/framework/src/Illuminate/Database/Eloquent/Builder.php(811): Illuminate/Database/Query/Builder->get(Array)
#7 C:/Users/hamza/Desktop/PROYECTOS/APP/mightyfitness/fitness-backend/vendor/laravel/framework/src/Illuminate/Database/Eloquent/Relations/BelongsToMany.php(887): Illuminate/Database/Eloquent/Builder->getModels()
#8 C:/Users/hamza/Desktop/PROYECTOS/APP/mightyfitness/fitness-backend/vendor/laravel/framework/src/Illuminate/Database/Eloquent/Relations/Relation.php(176): Illuminate/Database/Eloquent/Relations/BelongsToMany->get()
#9 C:/Users/hamza/Desktop/PROYECTOS/APP/mightyfitness/fitness-backend/vendor/laravel/framework/src/Illuminate/Database/Eloquent/Builder.php(859): Illuminate/Database/Eloquent/Relations/Relation->getEager()
#10 C:/Users/hamza/Desktop/PROYECTOS/APP/mightyfitness/fitness-backend/vendor/laravel/framework/src/Illuminate/Database/Eloquent/Builder.php(828): Illuminate/Database/Eloquent/Builder->eagerLoadRelation(Array, 'tags', Object(Closure))
#11 C:/Users/hamza/Desktop/PROYECTOS/APP/mightyfitness/fitness-backend/vendor/laravel/framework/src/Illuminate/Database/Eloquent/Builder.php(794): Illuminate/Database/Eloquent/Builder->eagerLoadRelations(Array)
#12 C:/Users/hamza/Desktop/PROYECTOS/APP/mightyfitness/fitness-backend/vendor/laravel/framework/src/Illuminate/Database/Concerns/BuildsQueries.php(343): Illuminate/Database/Eloquent/Builder->get(Array)
#13 C:/Users/hamza/Desktop/PROYECTOS/APP/mightyfitness/fitness-backend/vendor/laravel/framework/src/Illuminate/Database/Eloquent/Builder.php(477): Illuminate/Database/Eloquent/Builder->first(Array)
#14 C:/Users/hamza/Desktop/PROYECTOS/APP/mightyfitness/fitness-backend/app/Http/Controllers/API/ClientTagController.php(55): Illuminate/Database/Eloquent/Builder->find('8')
#15 C:/Users/hamza/Desktop/PROYECTOS/APP/mightyfitness/fitness-backend/vendor/laravel/framework/src/Illuminate/Routing/Controller.php(54): App/Http/Controllers/API/ClientTagController->getClientTags(Object(Illuminate/Http/Request))
#16 C:/Users/hamza/Desktop/PROYECTOS/APP/mightyfitness/fitness-backend/vendor/laravel/framework/src/Illuminate/Routing/ControllerDispatcher.php(44): Illuminate/Routing/Controller->callAction('getClientTags', Array)
#17 C:/Users/hamza/Desktop/PROYECTOS/APP/mightyfitness/fitness-backend/vendor/laravel/framework/src/Illuminate/Routing/Route.php(266): Illuminate/Routing/ControllerDispatcher->dispatch(Object(Illuminate/Routing/Route), Object(App/Http/Controllers/API/ClientTagController), 'getClientTags')
#18 C:/Users/hamza/Desktop/PROYECTOS/APP/mightyfitness/fitness-backend/vendor/laravel/framework/src/Illuminate/Routing/Route.php(212): Illuminate/Routing/Route->runController()
#19 C:/Users/hamza/Desktop/PROYECTOS/APP/mightyfitness/fitness-backend/vendor/laravel/framework/src/Illuminate/Routing/Router.php(808): Illuminate/Routing/Route->run()
#20 C:/Users/hamza/Desktop/PROYECTOS/APP/mightyfitness/fitness-backend/vendor/laravel/framework/src/Illuminate/Pipeline/Pipeline.php(170): Illuminate/Routing/Router->Illuminate/Routing/{closure}(Object(Illuminate/Http/Request))
#21 C:/Users/hamza/Desktop/PROYECTOS/APP/mightyfitness/fitness-backend/app/Http/Middleware/AdminApi.php(26): Illuminate/Pipeline/Pipeline->Illuminate/Pipeline/{closure}(Object(Illuminate/Http/Request))
#22 C:/Users/hamza/Desktop/PROYECTOS/APP/mightyfitness/fitness-backend/vendor/laravel/framework/src/Illuminate/Pipeline/Pipeline.php(209): App/Http/Middleware/AdminApi->handle(Object(Illuminate/Http/Request), Object(Closure))
#23 C:/Users/hamza/Desktop/PROYECTOS/APP/mightyfitness/fitness-backend/app/Http/Middleware/API/CheckUserStatus.php(26): Illuminate/Pipeline/Pipeline->Illuminate/Pipeline/{closure}(Object(Illuminate/Http/Request))
#24 C:/Users/hamza/Desktop/PROYECTOS/APP/mightyfitness/fitness-backend/vendor/laravel/framework/src/Illuminate/Pipeline/Pipeline.php(209): App/Http/Middleware/API/CheckUserStatus->handle(Object(Illuminate/Http/Request), Object(Closure))
#25 C:/Users/hamza/Desktop/PROYECTOS/APP/mightyfitness/fitness-backend/vendor/laravel/framework/src/Illuminate/Routing/Middleware/SubstituteBindings.php(51): Illuminate/Pipeline/Pipeline->Illuminate/Pipeline/{closure}(Object(Illuminate/Http/Request))
#26 C:/Users/hamza/Desktop/PROYECTOS/APP/mightyfitness/fitness-backend/vendor/laravel/framework/src/Illuminate/Pipeline/Pipeline.php(209): Illuminate/Routing/Middleware/SubstituteBindings->handle(Object(Illuminate/Http/Request), Object(Closure))
#27 C:/Users/hamza/Desktop/PROYECTOS/APP/mightyfitness/fitness-backend/vendor/laravel/framework/src/Illuminate/Routing/Middleware/ThrottleRequests.php(161): Illuminate/Pipeline/Pipeline->Illuminate/Pipeline/{closure}(Object(Illuminate/Http/Request))
#28 C:/Users/hamza/Desktop/PROYECTOS/APP/mightyfitness/fitness-backend/vendor/laravel/framework/src/Illuminate/Routing/Middleware/ThrottleRequests.php(127): Illuminate/Routing/Middleware/ThrottleRequests->handleRequest(Object(Illuminate/Http/Request), Object(Closure), Array)
#29 C:/Users/hamza/Desktop/PROYECTOS/APP/mightyfitness/fitness-backend/vendor/laravel/framework/src/Illuminate/Routing/Middleware/ThrottleRequests.php(89): Illuminate/Routing/Middleware/ThrottleRequests->handleRequestUsingNamedLimiter(Object(Illuminate/Http/Request), Object(Closure), 'api', Object(Closure))
#30 C:/Users/hamza/Desktop/PROYECTOS/APP/mightyfitness/fitness-backend/vendor/laravel/framework/src/Illuminate/Pipeline/Pipeline.php(209): Illuminate/Routing/Middleware/ThrottleRequests->handle(Object(Illuminate/Http/Request), Object(Closure), 'api')
#31 C:/Users/hamza/Desktop/PROYECTOS/APP/mightyfitness/fitness-backend/vendor/laravel/framework/src/Illuminate/Auth/Middleware/Authenticate.php(64): Illuminate/Pipeline/Pipeline->Illuminate/Pipeline/{closure}(Object(Illuminate/Http/Request))
#32 C:/Users/hamza/Desktop/PROYECTOS/APP/mightyfitness/fitness-backend/vendor/laravel/framework/src/Illuminate/Pipeline/Pipeline.php(209): Illuminate/Auth/Middleware/Authenticate->handle(Object(Illuminate/Http/Request), Object(Closure), 'sanctum')
#33 C:/Users/hamza/Desktop/PROYECTOS/APP/mightyfitness/fitness-backend/vendor/laravel/framework/src/Illuminate/Pipeline/Pipeline.php(127): Illuminate/Pipeline/Pipeline->Illuminate/Pipeline/{closure}(Object(Illuminate/Http/Request))
#34 C:/Users/hamza/Desktop/PROYECTOS/APP/mightyfitness/fitness-backend/vendor/laravel/framework/src/Illuminate/Routing/Router.php(807): Illuminate/Pipeline/Pipeline->then(Object(Closure))
#35 C:/Users/hamza/Desktop/PROYECTOS/APP/mightyfitness/fitness-backend/vendor/laravel/framework/src/Illuminate/Routing/Router.php(786): Illuminate/Routing/Router->runRouteWithinStack(Object(Illuminate/Routing/Route), Object(Illuminate/Http/Request))
#36 C:/Users/hamza/Desktop/PROYECTOS/APP/mightyfitness/fitness-backend/vendor/laravel/framework/src/Illuminate/Routing/Router.php(750): Illuminate/Routing/Router->runRoute(Object(Illuminate/Http/Request), Object(Illuminate/Routing/Route))
#37 C:/Users/hamza/Desktop/PROYECTOS/APP/mightyfitness/fitness-backend/vendor/laravel/framework/src/Illuminate/Routing/Router.php(739): Illuminate/Routing/Router->dispatchToRoute(Object(Illuminate/Http/Request))
#38 C:/Users/hamza/Desktop/PROYECTOS/APP/mightyfitness/fitness-backend/vendor/laravel/framework/src/Illuminate/Foundation/Http/Kernel.php(201): Illuminate/Routing/Router->dispatch(Object(Illuminate/Http/Request))
#39 C:/Users/hamza/Desktop/PROYECTOS/APP/mightyfitness/fitness-backend/vendor/laravel/framework/src/Illuminate/Pipeline/Pipeline.php(170): Illuminate/Foundation/Http/Kernel->Illuminate/Foundation/Http/{closure}(Object(Illuminate/Http/Request))
#40 C:/Users/hamza/Desktop/PROYECTOS/APP/mightyfitness/fitness-backend/vendor/livewire/livewire/src/Features/SupportDisablingBackButtonCache/DisableBackButtonCacheMiddleware.php(19): Illuminate/Pipeline/Pipeline->Illuminate/Pipeline/{closure}(Object(Illuminate/Http/Request))
#41 C:/Users/hamza/Desktop/PROYECTOS/APP/mightyfitness/fitness-backend/vendor/laravel/framework/src/Illuminate/Pipeline/Pipeline.php(209): Livewire/Features/SupportDisablingBackButtonCache/DisableBackButtonCacheMiddleware->handle(Object(Illuminate/Http/Request), Object(Closure))
#42 C:/Users/hamza/Desktop/PROYECTOS/APP/mightyfitness/fitness-backend/vendor/laravel/framework/src/Illuminate/Foundation/Http/Middleware/TransformsRequest.php(21): Illuminate/Pipeline/Pipeline->Illuminate/Pipeline/{closure}(Object(Illuminate/Http/Request))
#43 C:/Users/hamza/Desktop/PROYECTOS/APP/mightyfitness/fitness-backend/vendor/laravel/framework/src/Illuminate/Foundation/Http/Middleware/ConvertEmptyStringsToNull.php(31): Illuminate/Foundation/Http/Middleware/TransformsRequest->handle(Object(Illuminate/Http/Request), Object(Closure))
#44 C:/Users/hamza/Desktop/PROYECTOS/APP/mightyfitness/fitness-backend/vendor/laravel/framework/src/Illuminate/Pipeline/Pipeline.php(209): Illuminate/Foundation/Http/Middleware/ConvertEmptyStringsToNull->handle(Object(Illuminate/Http/Request), Object(Closure))
#45 C:/Users/hamza/Desktop/PROYECTOS/APP/mightyfitness/fitness-backend/vendor/laravel/framework/src/Illuminate/Foundation/Http/Middleware/TransformsRequest.php(21): Illuminate/Pipeline/Pipeline->Illuminate/Pipeline/{closure}(Object(Illuminate/Http/Request))
#46 C:/Users/hamza/Desktop/PROYECTOS/APP/mightyfitness/fitness-backend/vendor/laravel/framework/src/Illuminate/Foundation/Http/Middleware/TrimStrings.php(51): Illuminate/Foundation/Http/Middleware/TransformsRequest->handle(Object(Illuminate/Http/Request), Object(Closure))
#47 C:/Users/hamza/Desktop/PROYECTOS/APP/mightyfitness/fitness-backend/vendor/laravel/framework/src/Illuminate/Pipeline/Pipeline.php(209): Illuminate/Foundation/Http/Middleware/TrimStrings->handle(Object(Illuminate/Http/Request), Object(Closure))
#48 C:/Users/hamza/Desktop/PROYECTOS/APP/mightyfitness/fitness-backend/vendor/laravel/framework/src/Illuminate/Http/Middleware/ValidatePostSize.php(27): Illuminate/Pipeline/Pipeline->Illuminate/Pipeline/{closure}(Object(Illuminate/Http/Request))
#49 C:/Users/hamza/Desktop/PROYECTOS/APP/mightyfitness/fitness-backend/vendor/laravel/framework/src/Illuminate/Pipeline/Pipeline.php(209): Illuminate/Http/Middleware/ValidatePostSize->handle(Object(Illuminate/Http/Request), Object(Closure))
#50 C:/Users/hamza/Desktop/PROYECTOS/APP/mightyfitness/fitness-backend/vendor/laravel/framework/src/Illuminate/Foundation/Http/Middleware/PreventRequestsDuringMaintenance.php(110): Illuminate/Pipeline/Pipeline->Illuminate/Pipeline/{closure}(Object(Illuminate/Http/Request))
#51 C:/Users/hamza/Desktop/PROYECTOS/APP/mightyfitness/fitness-backend/vendor/laravel/framework/src/Illuminate/Pipeline/Pipeline.php(209): Illuminate/Foundation/Http/Middleware/PreventRequestsDuringMaintenance->handle(Object(Illuminate/Http/Request), Object(Closure))
#52 C:/Users/hamza/Desktop/PROYECTOS/APP/mightyfitness/fitness-backend/vendor/laravel/framework/src/Illuminate/Http/Middleware/HandleCors.php(62): Illuminate/Pipeline/Pipeline->Illuminate/Pipeline/{closure}(Object(Illuminate/Http/Request))
#53 C:/Users/hamza/Desktop/PROYECTOS/APP/mightyfitness/fitness-backend/vendor/laravel/framework/src/Illuminate/Pipeline/Pipeline.php(209): Illuminate/Http/Middleware/HandleCors->handle(Object(Illuminate/Http/Request), Object(Closure))
#54 C:/Users/hamza/Desktop/PROYECTOS/APP/mightyfitness/fitness-backend/vendor/laravel/framework/src/Illuminate/Pipeline/Pipeline.php(127): Illuminate/Pipeline/Pipeline->Illuminate/Pipeline/{closure}(Object(Illuminate/Http/Request))
#55 C:/Users/hamza/Desktop/PROYECTOS/APP/mightyfitness/fitness-backend/vendor/laravel/framework/src/Illuminate/Foundation/Http/Kernel.php(176): Illuminate/Pipeline/Pipeline->then(Object(Closure))
#56 C:/Users/hamza/Desktop/PROYECTOS/APP/mightyfitness/fitness-backend/vendor/laravel/framework/src/Illuminate/Foundation/Http/Kernel.php(145): Illuminate/Foundation/Http/Kernel->sendRequestThroughRouter(Object(Illuminate/Http/Request))
#57 C:/Users/hamza/Desktop/PROYECTOS/APP/mightyfitness/fitness-backend/public/index.php(51): Illuminate/Foundation/Http/Kernel->handle(Object(Illuminate/Http/Request))
#58 C:/Users/hamza/Desktop/PROYECTOS/APP/mightyfitness/fitness-backend/server.php(21): require_once('C://Users//hamza//...')
#59 {main}

[previous exception] [object] (PDOException(code: 42S22): SQLSTATE[42S22]: Column not found: 1054 Unknown column 'client_tag_assignments.tag_id' in 'field list' at C:/Users/hamza/Desktop/PROYECTOS/APP/mightyfitness/fitness-backend/vendor/laravel/framework/src/Illuminate/Database/Connection.php:407)
[stacktrace]
#0 C:/Users/hamza/Desktop/PROYECTOS/APP/mightyfitness/fitness-backend/vendor/laravel/framework/src/Illuminate/Database/Connection.php(407): PDO->prepare('select `client_...')
#1 C:/Users/hamza/Desktop/PROYECTOS/APP/mightyfitness/fitness-backend/vendor/laravel/framework/src/Illuminate/Database/Connection.php(812): Illuminate/Database/Connection->Illuminate/Database/{closure}('select `client_...', Array)
#2 C:/Users/hamza/Desktop/PROYECTOS/APP/mightyfitness/fitness-backend/vendor/laravel/framework/src/Illuminate/Database/Connection.php(779): Illuminate/Database/Connection->runQueryCallback('select `client_...', Array, Object(Closure))
#3 C:/Users/hamza/Desktop/PROYECTOS/APP/mightyfitness/fitness-backend/vendor/laravel/framework/src/Illuminate/Database/Connection.php(398): Illuminate/Database/Connection->run('select `client_...', Array, Object(Closure))
#4 C:/Users/hamza/Desktop/PROYECTOS/APP/mightyfitness/fitness-backend/vendor/laravel/framework/src/Illuminate/Database/Query/Builder.php(3106): Illuminate/Database/Connection->select('select `client_...', Array, true)
#5 C:/Users/hamza/Desktop/PROYECTOS/APP/mightyfitness/fitness-backend/vendor/laravel/framework/src/Illuminate/Database/Query/Builder.php(3091): Illuminate/Database/Query/Builder->runSelect()
#6 C:/Users/hamza/Desktop/PROYECTOS/APP/mightyfitness/fitness-backend/vendor/laravel/framework/src/Illuminate/Database/Query/Builder.php(3676): Illuminate/Database/Query/Builder->Illuminate/Database/Query/{closure}()
#7 C:/Users/hamza/Desktop/PROYECTOS/APP/mightyfitness/fitness-backend/vendor/laravel/framework/src/Illuminate/Database/Query/Builder.php(3090): Illuminate/Database/Query/Builder->onceWithColumns(Array, Object(Closure))
#8 C:/Users/hamza/Desktop/PROYECTOS/APP/mightyfitness/fitness-backend/vendor/laravel/framework/src/Illuminate/Database/Eloquent/Builder.php(811): Illuminate/Database/Query/Builder->get(Array)
#9 C:/Users/hamza/Desktop/PROYECTOS/APP/mightyfitness/fitness-backend/vendor/laravel/framework/src/Illuminate/Database/Eloquent/Relations/BelongsToMany.php(887): Illuminate/Database/Eloquent/Builder->getModels()
#10 C:/Users/hamza/Desktop/PROYECTOS/APP/mightyfitness/fitness-backend/vendor/laravel/framework/src/Illuminate/Database/Eloquent/Relations/Relation.php(176): Illuminate/Database/Eloquent/Relations/BelongsToMany->get()
#11 C:/Users/hamza/Desktop/PROYECTOS/APP/mightyfitness/fitness-backend/vendor/laravel/framework/src/Illuminate/Database/Eloquent/Builder.php(859): Illuminate/Database/Eloquent/Relations/Relation->getEager()
#12 C:/Users/hamza/Desktop/PROYECTOS/APP/mightyfitness/fitness-backend/vendor/laravel/framework/src/Illuminate/Database/Eloquent/Builder.php(828): Illuminate/Database/Eloquent/Builder->eagerLoadRelation(Array, 'tags', Object(Closure))
#13 C:/Users/hamza/Desktop/PROYECTOS/APP/mightyfitness/fitness-backend/vendor/laravel/framework/src/Illuminate/Database/Eloquent/Builder.php(794): Illuminate/Database/Eloquent/Builder->eagerLoadRelations(Array)
#14 C:/Users/hamza/Desktop/PROYECTOS/APP/mightyfitness/fitness-backend/vendor/laravel/framework/src/Illuminate/Database/Concerns/BuildsQueries.php(343): Illuminate/Database/Eloquent/Builder->get(Array)
#15 C:/Users/hamza/Desktop/PROYECTOS/APP/mightyfitness/fitness-backend/vendor/laravel/framework/src/Illuminate/Database/Eloquent/Builder.php(477): Illuminate/Database/Eloquent/Builder->first(Array)
#16 C:/Users/hamza/Desktop/PROYECTOS/APP/mightyfitness/fitness-backend/app/Http/Controllers/API/ClientTagController.php(55): Illuminate/Database/Eloquent/Builder->find('8')
#17 C:/Users/hamza/Desktop/PROYECTOS/APP/mightyfitness/fitness-backend/vendor/laravel/framework/src/Illuminate/Routing/Controller.php(54): App/Http/Controllers/API/ClientTagController->getClientTags(Object(Illuminate/Http/Request))
#18 C:/Users/hamza/Desktop/PROYECTOS/APP/mightyfitness/fitness-backend/vendor/laravel/framework/src/Illuminate/Routing/ControllerDispatcher.php(44): Illuminate/Routing/Controller->callAction('getClientTags', Array)
#19 C:/Users/hamza/Desktop/PROYECTOS/APP/mightyfitness/fitness-backend/vendor/laravel/framework/src/Illuminate/Routing/Route.php(266): Illuminate/Routing/ControllerDispatcher->dispatch(Object(Illuminate/Routing/Route), Object(App/Http/Controllers/API/ClientTagController), 'getClientTags')
#20 C:/Users/hamza/Desktop/PROYECTOS/APP/mightyfitness/fitness-backend/vendor/laravel/framework/src/Illuminate/Routing/Route.php(212): Illuminate/Routing/Route->runController()
#21 C:/Users/hamza/Desktop/PROYECTOS/APP/mightyfitness/fitness-backend/vendor/laravel/framework/src/Illuminate/Routing/Router.php(808): Illuminate/Routing/Route->run()
#22 C:/Users/hamza/Desktop/PROYECTOS/APP/mightyfitness/fitness-backend/vendor/laravel/framework/src/Illuminate/Pipeline/Pipeline.php(170): Illuminate/Routing/Router->Illuminate/Routing/{closure}(Object(Illuminate/Http/Request))
#23 C:/Users/hamza/Desktop/PROYECTOS/APP/mightyfitness/fitness-backend/app/Http/Middleware/AdminApi.php(26): Illuminate/Pipeline/Pipeline->Illuminate/Pipeline/{closure}(Object(Illuminate/Http/Request))
#24 C:/Users/hamza/Desktop/PROYECTOS/APP/mightyfitness/fitness-backend/vendor/laravel/framework/src/Illuminate/Pipeline/Pipeline.php(209): App/Http/Middleware/AdminApi->handle(Object(Illuminate/Http/Request), Object(Closure))
#25 C:/Users/hamza/Desktop/PROYECTOS/APP/mightyfitness/fitness-backend/app/Http/Middleware/API/CheckUserStatus.php(26): Illuminate/Pipeline/Pipeline->Illuminate/Pipeline/{closure}(Object(Illuminate/Http/Request))
#26 C:/Users/hamza/Desktop/PROYECTOS/APP/mightyfitness/fitness-backend/vendor/laravel/framework/src/Illuminate/Pipeline/Pipeline.php(209): App/Http/Middleware/API/CheckUserStatus->handle(Object(Illuminate/Http/Request), Object(Closure))
#27 C:/Users/hamza/Desktop/PROYECTOS/APP/mightyfitness/fitness-backend/vendor/laravel/framework/src/Illuminate/Routing/Middleware/SubstituteBindings.php(51): Illuminate/Pipeline/Pipeline->Illuminate/Pipeline/{closure}(Object(Illuminate/Http/Request))
#28 C:/Users/hamza/Desktop/PROYECTOS/APP/mightyfitness/fitness-backend/vendor/laravel/framework/src/Illuminate/Pipeline/Pipeline.php(209): Illuminate/Routing/Middleware/SubstituteBindings->handle(Object(Illuminate/Http/Request), Object(Closure))
#29 C:/Users/hamza/Desktop/PROYECTOS/APP/mightyfitness/fitness-backend/vendor/laravel/framework/src/Illuminate/Routing/Middleware/ThrottleRequests.php(161): Illuminate/Pipeline/Pipeline->Illuminate/Pipeline/{closure}(Object(Illuminate/Http/Request))
#30 C:/Users/hamza/Desktop/PROYECTOS/APP/mightyfitness/fitness-backend/vendor/laravel/framework/src/Illuminate/Routing/Middleware/ThrottleRequests.php(127): Illuminate/Routing/Middleware/ThrottleRequests->handleRequest(Object(Illuminate/Http/Request), Object(Closure), Array)
#31 C:/Users/hamza/Desktop/PROYECTOS/APP/mightyfitness/fitness-backend/vendor/laravel/framework/src/Illuminate/Routing/Middleware/ThrottleRequests.php(89): Illuminate/Routing/Middleware/ThrottleRequests->handleRequestUsingNamedLimiter(Object(Illuminate/Http/Request), Object(Closure), 'api', Object(Closure))
#32 C:/Users/hamza/Desktop/PROYECTOS/APP/mightyfitness/fitness-backend/vendor/laravel/framework/src/Illuminate/Pipeline/Pipeline.php(209): Illuminate/Routing/Middleware/ThrottleRequests->handle(Object(Illuminate/Http/Request), Object(Closure), 'api')
#33 C:/Users/hamza/Desktop/PROYECTOS/APP/mightyfitness/fitness-backend/vendor/laravel/framework/src/Illuminate/Auth/Middleware/Authenticate.php(64): Illuminate/Pipeline/Pipeline->Illuminate/Pipeline/{closure}(Object(Illuminate/Http/Request))
#34 C:/Users/hamza/Desktop/PROYECTOS/APP/mightyfitness/fitness-backend/vendor/laravel/framework/src/Illuminate/Pipeline/Pipeline.php(209): Illuminate/Auth/Middleware/Authenticate->handle(Object(Illuminate/Http/Request), Object(Closure), 'sanctum')
#35 C:/Users/hamza/Desktop/PROYECTOS/APP/mightyfitness/fitness-backend/vendor/laravel/framework/src/Illuminate/Pipeline/Pipeline.php(127): Illuminate/Pipeline/Pipeline->Illuminate/Pipeline/{closure}(Object(Illuminate/Http/Request))
#36 C:/Users/hamza/Desktop/PROYECTOS/APP/mightyfitness/fitness-backend/vendor/laravel/framework/src/Illuminate/Routing/Router.php(807): Illuminate/Pipeline/Pipeline->then(Object(Closure))
#37 C:/Users/hamza/Desktop/PROYECTOS/APP/mightyfitness/fitness-backend/vendor/laravel/framework/src/Illuminate/Routing/Router.php(786): Illuminate/Routing/Router->runRouteWithinStack(Object(Illuminate/Routing/Route), Object(Illuminate/Http/Request))
#38 C:/Users/hamza/Desktop/PROYECTOS/APP/mightyfitness/fitness-backend/vendor/laravel/framework/src/Illuminate/Routing/Router.php(750): Illuminate/Routing/Router->runRoute(Object(Illuminate/Http/Request), Object(Illuminate/Routing/Route))
#39 C:/Users/hamza/Desktop/PROYECTOS/APP/mightyfitness/fitness-backend/vendor/laravel/framework/src/Illuminate/Routing/Router.php(739): Illuminate/Routing/Router->dispatchToRoute(Object(Illuminate/Http/Request))
#40 C:/Users/hamza/Desktop/PROYECTOS/APP/mightyfitness/fitness-backend/vendor/laravel/framework/src/Illuminate/Foundation/Http/Kernel.php(201): Illuminate/Routing/Router->dispatch(Object(Illuminate/Http/Request))
#41 C:/Users/hamza/Desktop/PROYECTOS/APP/mightyfitness/fitness-backend/vendor/laravel/framework/src/Illuminate/Pipeline/Pipeline.php(170): Illuminate/Foundation/Http/Kernel->Illuminate/Foundation/Http/{closure}(Object(Illuminate/Http/Request))
#42 C:/Users/hamza/Desktop/PROYECTOS/APP/mightyfitness/fitness-backend/vendor/livewire/livewire/src/Features/SupportDisablingBackButtonCache/DisableBackButtonCacheMiddleware.php(19): Illuminate/Pipeline/Pipeline->Illuminate/Pipeline/{closure}(Object(Illuminate/Http/Request))
#43 C:/Users/hamza/Desktop/PROYECTOS/APP/mightyfitness/fitness-backend/vendor/laravel/framework/src/Illuminate/Pipeline/Pipeline.php(209): Livewire/Features/SupportDisablingBackButtonCache/DisableBackButtonCacheMiddleware->handle(Object(Illuminate/Http/Request), Object(Closure))
#44 C:/Users/hamza/Desktop/PROYECTOS/APP/mightyfitness/fitness-backend/vendor/laravel/framework/src/Illuminate/Foundation/Http/Middleware/TransformsRequest.php(21): Illuminate/Pipeline/Pipeline->Illuminate/Pipeline/{closure}(Object(Illuminate/Http/Request))
#45 C:/Users/hamza/Desktop/PROYECTOS/APP/mightyfitness/fitness-backend/vendor/laravel/framework/src/Illuminate/Foundation/Http/Middleware/ConvertEmptyStringsToNull.php(31): Illuminate/Foundation/Http/Middleware/TransformsRequest->handle(Object(Illuminate/Http/Request), Object(Closure))
#46 C:/Users/hamza/Desktop/PROYECTOS/APP/mightyfitness/fitness-backend/vendor/laravel/framework/src/Illuminate/Pipeline/Pipeline.php(209): Illuminate/Foundation/Http/Middleware/ConvertEmptyStringsToNull->handle(Object(Illuminate/Http/Request), Object(Closure))
#47 C:/Users/hamza/Desktop/PROYECTOS/APP/mightyfitness/fitness-backend/vendor/laravel/framework/src/Illuminate/Foundation/Http/Middleware/TransformsRequest.php(21): Illuminate/Pipeline/Pipeline->Illuminate/Pipeline/{closure}(Object(Illuminate/Http/Request))
#48 C:/Users/hamza/Desktop/PROYECTOS/APP/mightyfitness/fitness-backend/vendor/laravel/framework/src/Illuminate/Foundation/Http/Middleware/TrimStrings.php(51): Illuminate/Foundation/Http/Middleware/TransformsRequest->handle(Object(Illuminate/Http/Request), Object(Closure))
#49 C:/Users/hamza/Desktop/PROYECTOS/APP/mightyfitness/fitness-backend/vendor/laravel/framework/src/Illuminate/Pipeline/Pipeline.php(209): Illuminate/Foundation/Http/Middleware/TrimStrings->handle(Object(Illuminate/Http/Request), Object(Closure))
#50 C:/Users/hamza/Desktop/PROYECTOS/APP/mightyfitness/fitness-backend/vendor/laravel/framework/src/Illuminate/Http/Middleware/ValidatePostSize.php(27): Illuminate/Pipeline/Pipeline->Illuminate/Pipeline/{closure}(Object(Illuminate/Http/Request))
#51 C:/Users/hamza/Desktop/PROYECTOS/APP/mightyfitness/fitness-backend/vendor/laravel/framework/src/Illuminate/Pipeline/Pipeline.php(209): Illuminate/Http/Middleware/ValidatePostSize->handle(Object(Illuminate/Http/Request), Object(Closure))
#52 C:/Users/hamza/Desktop/PROYECTOS/APP/mightyfitness/fitness-backend/vendor/laravel/framework/src/Illuminate/Foundation/Http/Middleware/PreventRequestsDuringMaintenance.php(110): Illuminate/Pipeline/Pipeline->Illuminate/Pipeline/{closure}(Object(Illuminate/Http/Request))
#53 C:/Users/hamza/Desktop/PROYECTOS/APP/mightyfitness/fitness-backend/vendor/laravel/framework/src/Illuminate/Pipeline/Pipeline.php(209): Illuminate/Foundation/Http/Middleware/PreventRequestsDuringMaintenance->handle(Object(Illuminate/Http/Request), Object(Closure))
#54 C:/Users/hamza/Desktop/PROYECTOS/APP/mightyfitness/fitness-backend/vendor/laravel/framework/src/Illuminate/Http/Middleware/HandleCors.php(62): Illuminate/Pipeline/Pipeline->Illuminate/Pipeline/{closure}(Object(Illuminate/Http/Request))
#55 C:/Users/hamza/Desktop/PROYECTOS/APP/mightyfitness/fitness-backend/vendor/laravel/framework/src/Illuminate/Pipeline/Pipeline.php(209): Illuminate/Http/Middleware/HandleCors->handle(Object(Illuminate/Http/Request), Object(Closure))
#56 C:/Users/hamza/Desktop/PROYECTOS/APP/mightyfitness/fitness-backend/vendor/laravel/framework/src/Illuminate/Pipeline/Pipeline.php(127): Illuminate/Pipeline/Pipeline->Illuminate/Pipeline/{closure}(Object(Illuminate/Http/Request))
#57 C:/Users/hamza/Desktop/PROYECTOS/APP/mightyfitness/fitness-backend/vendor/laravel/framework/src/Illuminate/Foundation/Http/Kernel.php(176): Illuminate/Pipeline/Pipeline->then(Object(Closure))
#58 C:/Users/hamza/Desktop/PROYECTOS/APP/mightyfitness/fitness-backend/vendor/laravel/framework/src/Illuminate/Foundation/Http/Kernel.php(145): Illuminate/Foundation/Http/Kernel->sendRequestThroughRouter(Object(Illuminate/Http/Request))
#59 C:/Users/hamza/Desktop/PROYECTOS/APP/mightyfitness/fitness-backend/public/index.php(51): Illuminate/Foundation/Http/Kernel->handle(Object(Illuminate/Http/Request))
#60 C:/Users/hamza/Desktop/PROYECTOS/APP/mightyfitness/fitness-backend/server.php(21): require_once('C://Users//hamza//...')
#61 {main}
"} 
[2026-08-06 13:21:39] local.ERROR: SQLSTATE[42S22]: Column not found: 1054 Unknown column 'client_tag_assignments.tag_id' in 'field list' (Connection: mysql, SQL: select `client_tags`.*, `client_tag_assignments`.`client_id` as `pivot_client_id`, `client_tag_assignments`.`tag_id` as `pivot_tag_id` from `client_tags` inner join `client_tag_assignments` on `client_tags`.`id` = `client_tag_assignments`.`tag_id` where `client_tag_assignments`.`client_id` in (8)) {"userId":2,"exception":"[object] (Illuminate\\Database\\QueryException(code: 42S22): SQLSTATE[42S22]: Column not found: 1054 Unknown column 'client_tag_assignments.tag_id' in 'field list' (Connection: mysql, SQL: select `client_tags`.*, `client_tag_assignments`.`client_id` as `pivot_client_id`, `client_tag_assignments`.`tag_id` as `pivot_tag_id` from `client_tags` inner join `client_tag_assignments` on `client_tags`.`id` = `client_tag_assignments`.`tag_id` where `client_tag_assignments`.`client_id` in (8)) at C:/Users/hamza/Desktop/PROYECTOS/APP/mightyfitness/fitness-backend/vendor/laravel/framework/src/Illuminate/Database/Connection.php:825)
[stacktrace]
#0 C:/Users/hamza/Desktop/PROYECTOS/APP/mightyfitness/fitness-backend/vendor/laravel/framework/src/Illuminate/Database/Connection.php(779): Illuminate/Database/Connection->runQueryCallback('select `client_...', Array, Object(Closure))
#1 C:/Users/hamza/Desktop/PROYECTOS/APP/mightyfitness/fitness-backend/vendor/laravel/framework/src/Illuminate/Database/Connection.php(398): Illuminate/Database/Connection->run('select `client_...', Array, Object(Closure))
#2 C:/Users/hamza/Desktop/PROYECTOS/APP/mightyfitness/fitness-backend/vendor/laravel/framework/src/Illuminate/Database/Query/Builder.php(3106): Illuminate/Database/Connection->select('select `client_...', Array, true)
#3 C:/Users/hamza/Desktop/PROYECTOS/APP/mightyfitness/fitness-backend/vendor/laravel/framework/src/Illuminate/Database/Query/Builder.php(3091): Illuminate/Database/Query/Builder->runSelect()
#4 C:/Users/hamza/Desktop/PROYECTOS/APP/mightyfitness/fitness-backend/vendor/laravel/framework/src/Illuminate/Database/Query/Builder.php(3676): Illuminate/Database/Query/Builder->Illuminate/Database/Query/{closure}()
#5 C:/Users/hamza/Desktop/PROYECTOS/APP/mightyfitness/fitness-backend/vendor/laravel/framework/src/Illuminate/Database/Query/Builder.php(3090): Illuminate/Database/Query/Builder->onceWithColumns(Array, Object(Closure))
#6 C:/Users/hamza/Desktop/PROYECTOS/APP/mightyfitness/fitness-backend/vendor/laravel/framework/src/Illuminate/Database/Eloquent/Builder.php(811): Illuminate/Database/Query/Builder->get(Array)
#7 C:/Users/hamza/Desktop/PROYECTOS/APP/mightyfitness/fitness-backend/vendor/laravel/framework/src/Illuminate/Database/Eloquent/Relations/BelongsToMany.php(887): Illuminate/Database/Eloquent/Builder->getModels()
#8 C:/Users/hamza/Desktop/PROYECTOS/APP/mightyfitness/fitness-backend/vendor/laravel/framework/src/Illuminate/Database/Eloquent/Relations/Relation.php(176): Illuminate/Database/Eloquent/Relations/BelongsToMany->get()
#9 C:/Users/hamza/Desktop/PROYECTOS/APP/mightyfitness/fitness-backend/vendor/laravel/framework/src/Illuminate/Database/Eloquent/Builder.php(859): Illuminate/Database/Eloquent/Relations/Relation->getEager()
#10 C:/Users/hamza/Desktop/PROYECTOS/APP/mightyfitness/fitness-backend/vendor/laravel/framework/src/Illuminate/Database/Eloquent/Builder.php(828): Illuminate/Database/Eloquent/Builder->eagerLoadRelation(Array, 'tags', Object(Closure))
#11 C:/Users/hamza/Desktop/PROYECTOS/APP/mightyfitness/fitness-backend/vendor/laravel/framework/src/Illuminate/Database/Eloquent/Builder.php(794): Illuminate/Database/Eloquent/Builder->eagerLoadRelations(Array)
#12 C:/Users/hamza/Desktop/PROYECTOS/APP/mightyfitness/fitness-backend/vendor/laravel/framework/src/Illuminate/Database/Concerns/BuildsQueries.php(343): Illuminate/Database/Eloquent/Builder->get(Array)
#13 C:/Users/hamza/Desktop/PROYECTOS/APP/mightyfitness/fitness-backend/vendor/laravel/framework/src/Illuminate/Database/Eloquent/Builder.php(477): Illuminate/Database/Eloquent/Builder->first(Array)
#14 C:/Users/hamza/Desktop/PROYECTOS/APP/mightyfitness/fitness-backend/app/Http/Controllers/API/ClientTagController.php(55): Illuminate/Database/Eloquent/Builder->find('8')
#15 C:/Users/hamza/Desktop/PROYECTOS/APP/mightyfitness/fitness-backend/vendor/laravel/framework/src/Illuminate/Routing/Controller.php(54): App/Http/Controllers/API/ClientTagController->getClientTags(Object(Illuminate/Http/Request))
#16 C:/Users/hamza/Desktop/PROYECTOS/APP/mightyfitness/fitness-backend/vendor/laravel/framework/src/Illuminate/Routing/ControllerDispatcher.php(44): Illuminate/Routing/Controller->callAction('getClientTags', Array)
#17 C:/Users/hamza/Desktop/PROYECTOS/APP/mightyfitness/fitness-backend/vendor/laravel/framework/src/Illuminate/Routing/Route.php(266): Illuminate/Routing/ControllerDispatcher->dispatch(Object(Illuminate/Routing/Route), Object(App/Http/Controllers/API/ClientTagController), 'getClientTags')
#18 C:/Users/hamza/Desktop/PROYECTOS/APP/mightyfitness/fitness-backend/vendor/laravel/framework/src/Illuminate/Routing/Route.php(212): Illuminate/Routing/Route->runController()
#19 C:/Users/hamza/Desktop/PROYECTOS/APP/mightyfitness/fitness-backend/vendor/laravel/framework/src/Illuminate/Routing/Router.php(808): Illuminate/Routing/Route->run()
#20 C:/Users/hamza/Desktop/PROYECTOS/APP/mightyfitness/fitness-backend/vendor/laravel/framework/src/Illuminate/Pipeline/Pipeline.php(170): Illuminate/Routing/Router->Illuminate/Routing/{closure}(Object(Illuminate/Http/Request))
#21 C:/Users/hamza/Desktop/PROYECTOS/APP/mightyfitness/fitness-backend/app/Http/Middleware/AdminApi.php(26): Illuminate/Pipeline/Pipeline->Illuminate/Pipeline/{closure}(Object(Illuminate/Http/Request))
#22 C:/Users/hamza/Desktop/PROYECTOS/APP/mightyfitness/fitness-backend/vendor/laravel/framework/src/Illuminate/Pipeline/Pipeline.php(209): App/Http/Middleware/AdminApi->handle(Object(Illuminate/Http/Request), Object(Closure))
#23 C:/Users/hamza/Desktop/PROYECTOS/APP/mightyfitness/fitness-backend/app/Http/Middleware/API/CheckUserStatus.php(26): Illuminate/Pipeline/Pipeline->Illuminate/Pipeline/{closure}(Object(Illuminate/Http/Request))
#24 C:/Users/hamza/Desktop/PROYECTOS/APP/mightyfitness/fitness-backend/vendor/laravel/framework/src/Illuminate/Pipeline/Pipeline.php(209): App/Http/Middleware/API/CheckUserStatus->handle(Object(Illuminate/Http/Request), Object(Closure))
#25 C:/Users/hamza/Desktop/PROYECTOS/APP/mightyfitness/fitness-backend/vendor/laravel/framework/src/Illuminate/Routing/Middleware/SubstituteBindings.php(51): Illuminate/Pipeline/Pipeline->Illuminate/Pipeline/{closure}(Object(Illuminate/Http/Request))
#26 C:/Users/hamza/Desktop/PROYECTOS/APP/mightyfitness/fitness-backend/vendor/laravel/framework/src/Illuminate/Pipeline/Pipeline.php(209): Illuminate/Routing/Middleware/SubstituteBindings->handle(Object(Illuminate/Http/Request), Object(Closure))
#27 C:/Users/hamza/Desktop/PROYECTOS/APP/mightyfitness/fitness-backend/vendor/laravel/framework/src/Illuminate/Routing/Middleware/ThrottleRequests.php(161): Illuminate/Pipeline/Pipeline->Illuminate/Pipeline/{closure}(Object(Illuminate/Http/Request))
#28 C:/Users/hamza/Desktop/PROYECTOS/APP/mightyfitness/fitness-backend/vendor/laravel/framework/src/Illuminate/Routing/Middleware/ThrottleRequests.php(127): Illuminate/Routing/Middleware/ThrottleRequests->handleRequest(Object(Illuminate/Http/Request), Object(Closure), Array)
#29 C:/Users/hamza/Desktop/PROYECTOS/APP/mightyfitness/fitness-backend/vendor/laravel/framework/src/Illuminate/Routing/Middleware/ThrottleRequests.php(89): Illuminate/Routing/Middleware/ThrottleRequests->handleRequestUsingNamedLimiter(Object(Illuminate/Http/Request), Object(Closure), 'api', Object(Closure))
#30 C:/Users/hamza/Desktop/PROYECTOS/APP/mightyfitness/fitness-backend/vendor/laravel/framework/src/Illuminate/Pipeline/Pipeline.php(209): Illuminate/Routing/Middleware/ThrottleRequests->handle(Object(Illuminate/Http/Request), Object(Closure), 'api')
#31 C:/Users/hamza/Desktop/PROYECTOS/APP/mightyfitness/fitness-backend/vendor/laravel/framework/src/Illuminate/Auth/Middleware/Authenticate.php(64): Illuminate/Pipeline/Pipeline->Illuminate/Pipeline/{closure}(Object(Illuminate/Http/Request))
#32 C:/Users/hamza/Desktop/PROYECTOS/APP/mightyfitness/fitness-backend/vendor/laravel/framework/src/Illuminate/Pipeline/Pipeline.php(209): Illuminate/Auth/Middleware/Authenticate->handle(Object(Illuminate/Http/Request), Object(Closure), 'sanctum')
#33 C:/Users/hamza/Desktop/PROYECTOS/APP/mightyfitness/fitness-backend/vendor/laravel/framework/src/Illuminate/Pipeline/Pipeline.php(127): Illuminate/Pipeline/Pipeline->Illuminate/Pipeline/{closure}(Object(Illuminate/Http/Request))
#34 C:/Users/hamza/Desktop/PROYECTOS/APP/mightyfitness/fitness-backend/vendor/laravel/framework/src/Illuminate/Routing/Router.php(807): Illuminate/Pipeline/Pipeline->then(Object(Closure))
#35 C:/Users/hamza/Desktop/PROYECTOS/APP/mightyfitness/fitness-backend/vendor/laravel/framework/src/Illuminate/Routing/Router.php(786): Illuminate/Routing/Router->runRouteWithinStack(Object(Illuminate/Routing/Route), Object(Illuminate/Http/Request))
#36 C:/Users/hamza/Desktop/PROYECTOS/APP/mightyfitness/fitness-backend/vendor/laravel/framework/src/Illuminate/Routing/Router.php(750): Illuminate/Routing/Router->runRoute(Object(Illuminate/Http/Request), Object(Illuminate/Routing/Route))
#37 C:/Users/hamza/Desktop/PROYECTOS/APP/mightyfitness/fitness-backend/vendor/laravel/framework/src/Illuminate/Routing/Router.php(739): Illuminate/Routing/Router->dispatchToRoute(Object(Illuminate/Http/Request))
#38 C:/Users/hamza/Desktop/PROYECTOS/APP/mightyfitness/fitness-backend/vendor/laravel/framework/src/Illuminate/Foundation/Http/Kernel.php(201): Illuminate/Routing/Router->dispatch(Object(Illuminate/Http/Request))
#39 C:/Users/hamza/Desktop/PROYECTOS/APP/mightyfitness/fitness-backend/vendor/laravel/framework/src/Illuminate/Pipeline/Pipeline.php(170): Illuminate/Foundation/Http/Kernel->Illuminate/Foundation/Http/{closure}(Object(Illuminate/Http/Request))
#40 C:/Users/hamza/Desktop/PROYECTOS/APP/mightyfitness/fitness-backend/vendor/livewire/livewire/src/Features/SupportDisablingBackButtonCache/DisableBackButtonCacheMiddleware.php(19): Illuminate/Pipeline/Pipeline->Illuminate/Pipeline/{closure}(Object(Illuminate/Http/Request))
#41 C:/Users/hamza/Desktop/PROYECTOS/APP/mightyfitness/fitness-backend/vendor/laravel/framework/src/Illuminate/Pipeline/Pipeline.php(209): Livewire/Features/SupportDisablingBackButtonCache/DisableBackButtonCacheMiddleware->handle(Object(Illuminate/Http/Request), Object(Closure))
#42 C:/Users/hamza/Desktop/PROYECTOS/APP/mightyfitness/fitness-backend/vendor/laravel/framework/src/Illuminate/Foundation/Http/Middleware/TransformsRequest.php(21): Illuminate/Pipeline/Pipeline->Illuminate/Pipeline/{closure}(Object(Illuminate/Http/Request))
#43 C:/Users/hamza/Desktop/PROYECTOS/APP/mightyfitness/fitness-backend/vendor/laravel/framework/src/Illuminate/Foundation/Http/Middleware/ConvertEmptyStringsToNull.php(31): Illuminate/Foundation/Http/Middleware/TransformsRequest->handle(Object(Illuminate/Http/Request), Object(Closure))
#44 C:/Users/hamza/Desktop/PROYECTOS/APP/mightyfitness/fitness-backend/vendor/laravel/framework/src/Illuminate/Pipeline/Pipeline.php(209): Illuminate/Foundation/Http/Middleware/ConvertEmptyStringsToNull->handle(Object(Illuminate/Http/Request), Object(Closure))
#45 C:/Users/hamza/Desktop/PROYECTOS/APP/mightyfitness/fitness-backend/vendor/laravel/framework/src/Illuminate/Foundation/Http/Middleware/TransformsRequest.php(21): Illuminate/Pipeline/Pipeline->Illuminate/Pipeline/{closure}(Object(Illuminate/Http/Request))
#46 C:/Users/hamza/Desktop/PROYECTOS/APP/mightyfitness/fitness-backend/vendor/laravel/framework/src/Illuminate/Foundation/Http/Middleware/TrimStrings.php(51): Illuminate/Foundation/Http/Middleware/TransformsRequest->handle(Object(Illuminate/Http/Request), Object(Closure))
#47 C:/Users/hamza/Desktop/PROYECTOS/APP/mightyfitness/fitness-backend/vendor/laravel/framework/src/Illuminate/Pipeline/Pipeline.php(209): Illuminate/Foundation/Http/Middleware/TrimStrings->handle(Object(Illuminate/Http/Request), Object(Closure))
#48 C:/Users/hamza/Desktop/PROYECTOS/APP/mightyfitness/fitness-backend/vendor/laravel/framework/src/Illuminate/Http/Middleware/ValidatePostSize.php(27): Illuminate/Pipeline/Pipeline->Illuminate/Pipeline/{closure}(Object(Illuminate/Http/Request))
#49 C:/Users/hamza/Desktop/PROYECTOS/APP/mightyfitness/fitness-backend/vendor/laravel/framework/src/Illuminate/Pipeline/Pipeline.php(209): Illuminate/Http/Middleware/ValidatePostSize->handle(Object(Illuminate/Http/Request), Object(Closure))
#50 C:/Users/hamza/Desktop/PROYECTOS/APP/mightyfitness/fitness-backend/vendor/laravel/framework/src/Illuminate/Foundation/Http/Middleware/PreventRequestsDuringMaintenance.php(110): Illuminate/Pipeline/Pipeline->Illuminate/Pipeline/{closure}(Object(Illuminate/Http/Request))
#51 C:/Users/hamza/Desktop/PROYECTOS/APP/mightyfitness/fitness-backend/vendor/laravel/framework/src/Illuminate/Pipeline/Pipeline.php(209): Illuminate/Foundation/Http/Middleware/PreventRequestsDuringMaintenance->handle(Object(Illuminate/Http/Request), Object(Closure))
#52 C:/Users/hamza/Desktop/PROYECTOS/APP/mightyfitness/fitness-backend/vendor/laravel/framework/src/Illuminate/Http/Middleware/HandleCors.php(62): Illuminate/Pipeline/Pipeline->Illuminate/Pipeline/{closure}(Object(Illuminate/Http/Request))
#53 C:/Users/hamza/Desktop/PROYECTOS/APP/mightyfitness/fitness-backend/vendor/laravel/framework/src/Illuminate/Pipeline/Pipeline.php(209): Illuminate/Http/Middleware/HandleCors->handle(Object(Illuminate/Http/Request), Object(Closure))
#54 C:/Users/hamza/Desktop/PROYECTOS/APP/mightyfitness/fitness-backend/vendor/laravel/framework/src/Illuminate/Pipeline/Pipeline.php(127): Illuminate/Pipeline/Pipeline->Illuminate/Pipeline/{closure}(Object(Illuminate/Http/Request))
#55 C:/Users/hamza/Desktop/PROYECTOS/APP/mightyfitness/fitness-backend/vendor/laravel/framework/src/Illuminate/Foundation/Http/Kernel.php(176): Illuminate/Pipeline/Pipeline->then(Object(Closure))
#56 C:/Users/hamza/Desktop/PROYECTOS/APP/mightyfitness/fitness-backend/vendor/laravel/framework/src/Illuminate/Foundation/Http/Kernel.php(145): Illuminate/Foundation/Http/Kernel->sendRequestThroughRouter(Object(Illuminate/Http/Request))
#57 C:/Users/hamza/Desktop/PROYECTOS/APP/mightyfitness/fitness-backend/public/index.php(51): Illuminate/Foundation/Http/Kernel->handle(Object(Illuminate/Http/Request))
#58 C:/Users/hamza/Desktop/PROYECTOS/APP/mightyfitness/fitness-backend/server.php(21): require_once('C://Users//hamza//...')
#59 {main}

[previous exception] [object] (PDOException(code: 42S22): SQLSTATE[42S22]: Column not found: 1054 Unknown column 'client_tag_assignments.tag_id' in 'field list' at C:/Users/hamza/Desktop/PROYECTOS/APP/mightyfitness/fitness-backend/vendor/laravel/framework/src/Illuminate/Database/Connection.php:407)
[stacktrace]
#0 C:/Users/hamza/Desktop/PROYECTOS/APP/mightyfitness/fitness-backend/vendor/laravel/framework/src/Illuminate/Database/Connection.php(407): PDO->prepare('select `client_...')
#1 C:/Users/hamza/Desktop/PROYECTOS/APP/mightyfitness/fitness-backend/vendor/laravel/framework/src/Illuminate/Database/Connection.php(812): Illuminate/Database/Connection->Illuminate/Database/{closure}('select `client_...', Array)
#2 C:/Users/hamza/Desktop/PROYECTOS/APP/mightyfitness/fitness-backend/vendor/laravel/framework/src/Illuminate/Database/Connection.php(779): Illuminate/Database/Connection->runQueryCallback('select `client_...', Array, Object(Closure))
#3 C:/Users/hamza/Desktop/PROYECTOS/APP/mightyfitness/fitness-backend/vendor/laravel/framework/src/Illuminate/Database/Connection.php(398): Illuminate/Database/Connection->run('select `client_...', Array, Object(Closure))
#4 C:/Users/hamza/Desktop/PROYECTOS/APP/mightyfitness/fitness-backend/vendor/laravel/framework/src/Illuminate/Database/Query/Builder.php(3106): Illuminate/Database/Connection->select('select `client_...', Array, true)
#5 C:/Users/hamza/Desktop/PROYECTOS/APP/mightyfitness/fitness-backend/vendor/laravel/framework/src/Illuminate/Database/Query/Builder.php(3091): Illuminate/Database/Query/Builder->runSelect()
#6 C:/Users/hamza/Desktop/PROYECTOS/APP/mightyfitness/fitness-backend/vendor/laravel/framework/src/Illuminate/Database/Query/Builder.php(3676): Illuminate/Database/Query/Builder->Illuminate/Database/Query/{closure}()
#7 C:/Users/hamza/Desktop/PROYECTOS/APP/mightyfitness/fitness-backend/vendor/laravel/framework/src/Illuminate/Database/Query/Builder.php(3090): Illuminate/Database/Query/Builder->onceWithColumns(Array, Object(Closure))
#8 C:/Users/hamza/Desktop/PROYECTOS/APP/mightyfitness/fitness-backend/vendor/laravel/framework/src/Illuminate/Database/Eloquent/Builder.php(811): Illuminate/Database/Query/Builder->get(Array)
#9 C:/Users/hamza/Desktop/PROYECTOS/APP/mightyfitness/fitness-backend/vendor/laravel/framework/src/Illuminate/Database/Eloquent/Relations/BelongsToMany.php(887): Illuminate/Database/Eloquent/Builder->getModels()
#10 C:/Users/hamza/Desktop/PROYECTOS/APP/mightyfitness/fitness-backend/vendor/laravel/framework/src/Illuminate/Database/Eloquent/Relations/Relation.php(176): Illuminate/Database/Eloquent/Relations/BelongsToMany->get()
#11 C:/Users/hamza/Desktop/PROYECTOS/APP/mightyfitness/fitness-backend/vendor/laravel/framework/src/Illuminate/Database/Eloquent/Builder.php(859): Illuminate/Database/Eloquent/Relations/Relation->getEager()
#12 C:/Users/hamza/Desktop/PROYECTOS/APP/mightyfitness/fitness-backend/vendor/laravel/framework/src/Illuminate/Database/Eloquent/Builder.php(828): Illuminate/Database/Eloquent/Builder->eagerLoadRelation(Array, 'tags', Object(Closure))
#13 C:/Users/hamza/Desktop/PROYECTOS/APP/mightyfitness/fitness-backend/vendor/laravel/framework/src/Illuminate/Database/Eloquent/Builder.php(794): Illuminate/Database/Eloquent/Builder->eagerLoadRelations(Array)
#14 C:/Users/hamza/Desktop/PROYECTOS/APP/mightyfitness/fitness-backend/vendor/laravel/framework/src/Illuminate/Database/Concerns/BuildsQueries.php(343): Illuminate/Database/Eloquent/Builder->get(Array)
#15 C:/Users/hamza/Desktop/PROYECTOS/APP/mightyfitness/fitness-backend/vendor/laravel/framework/src/Illuminate/Database/Eloquent/Builder.php(477): Illuminate/Database/Eloquent/Builder->first(Array)
#16 C:/Users/hamza/Desktop/PROYECTOS/APP/mightyfitness/fitness-backend/app/Http/Controllers/API/ClientTagController.php(55): Illuminate/Database/Eloquent/Builder->find('8')
#17 C:/Users/hamza/Desktop/PROYECTOS/APP/mightyfitness/fitness-backend/vendor/laravel/framework/src/Illuminate/Routing/Controller.php(54): App/Http/Controllers/API/ClientTagController->getClientTags(Object(Illuminate/Http/Request))
#18 C:/Users/hamza/Desktop/PROYECTOS/APP/mightyfitness/fitness-backend/vendor/laravel/framework/src/Illuminate/Routing/ControllerDispatcher.php(44): Illuminate/Routing/Controller->callAction('getClientTags', Array)
#19 C:/Users/hamza/Desktop/PROYECTOS/APP/mightyfitness/fitness-backend/vendor/laravel/framework/src/Illuminate/Routing/Route.php(266): Illuminate/Routing/ControllerDispatcher->dispatch(Object(Illuminate/Routing/Route), Object(App/Http/Controllers/API/ClientTagController), 'getClientTags')
#20 C:/Users/hamza/Desktop/PROYECTOS/APP/mightyfitness/fitness-backend/vendor/laravel/framework/src/Illuminate/Routing/Route.php(212): Illuminate/Routing/Route->runController()
#21 C:/Users/hamza/Desktop/PROYECTOS/APP/mightyfitness/fitness-backend/vendor/laravel/framework/src/Illuminate/Routing/Router.php(808): Illuminate/Routing/Route->run()
#22 C:/Users/hamza/Desktop/PROYECTOS/APP/mightyfitness/fitness-backend/vendor/laravel/framework/src/Illuminate/Pipeline/Pipeline.php(170): Illuminate/Routing/Router->Illuminate/Routing/{closure}(Object(Illuminate/Http/Request))
#23 C:/Users/hamza/Desktop/PROYECTOS/APP/mightyfitness/fitness-backend/app/Http/Middleware/AdminApi.php(26): Illuminate/Pipeline/Pipeline->Illuminate/Pipeline/{closure}(Object(Illuminate/Http/Request))
#24 C:/Users/hamza/Desktop/PROYECTOS/APP/mightyfitness/fitness-backend/vendor/laravel/framework/src/Illuminate/Pipeline/Pipeline.php(209): App/Http/Middleware/AdminApi->handle(Object(Illuminate/Http/Request), Object(Closure))
#25 C:/Users/hamza/Desktop/PROYECTOS/APP/mightyfitness/fitness-backend/app/Http/Middleware/API/CheckUserStatus.php(26): Illuminate/Pipeline/Pipeline->Illuminate/Pipeline/{closure}(Object(Illuminate/Http/Request))
#26 C:/Users/hamza/Desktop/PROYECTOS/APP/mightyfitness/fitness-backend/vendor/laravel/framework/src/Illuminate/Pipeline/Pipeline.php(209): App/Http/Middleware/API/CheckUserStatus->handle(Object(Illuminate/Http/Request), Object(Closure))
#27 C:/Users/hamza/Desktop/PROYECTOS/APP/mightyfitness/fitness-backend/vendor/laravel/framework/src/Illuminate/Routing/Middleware/SubstituteBindings.php(51): Illuminate/Pipeline/Pipeline->Illuminate/Pipeline/{closure}(Object(Illuminate/Http/Request))
#28 C:/Users/hamza/Desktop/PROYECTOS/APP/mightyfitness/fitness-backend/vendor/laravel/framework/src/Illuminate/Pipeline/Pipeline.php(209): Illuminate/Routing/Middleware/SubstituteBindings->handle(Object(Illuminate/Http/Request), Object(Closure))
#29 C:/Users/hamza/Desktop/PROYECTOS/APP/mightyfitness/fitness-backend/vendor/laravel/framework/src/Illuminate/Routing/Middleware/ThrottleRequests.php(161): Illuminate/Pipeline/Pipeline->Illuminate/Pipeline/{closure}(Object(Illuminate/Http/Request))
#30 C:/Users/hamza/Desktop/PROYECTOS/APP/mightyfitness/fitness-backend/vendor/laravel/framework/src/Illuminate/Routing/Middleware/ThrottleRequests.php(127): Illuminate/Routing/Middleware/ThrottleRequests->handleRequest(Object(Illuminate/Http/Request), Object(Closure), Array)
#31 C:/Users/hamza/Desktop/PROYECTOS/APP/mightyfitness/fitness-backend/vendor/laravel/framework/src/Illuminate/Routing/Middleware/ThrottleRequests.php(89): Illuminate/Routing/Middleware/ThrottleRequests->handleRequestUsingNamedLimiter(Object(Illuminate/Http/Request), Object(Closure), 'api', Object(Closure))
#32 C:/Users/hamza/Desktop/PROYECTOS/APP/mightyfitness/fitness-backend/vendor/laravel/framework/src/Illuminate/Pipeline/Pipeline.php(209): Illuminate/Routing/Middleware/ThrottleRequests->handle(Object(Illuminate/Http/Request), Object(Closure), 'api')
#33 C:/Users/hamza/Desktop/PROYECTOS/APP/mightyfitness/fitness-backend/vendor/laravel/framework/src/Illuminate/Auth/Middleware/Authenticate.php(64): Illuminate/Pipeline/Pipeline->Illuminate/Pipeline/{closure}(Object(Illuminate/Http/Request))
#34 C:/Users/hamza/Desktop/PROYECTOS/APP/mightyfitness/fitness-backend/vendor/laravel/framework/src/Illuminate/Pipeline/Pipeline.php(209): Illuminate/Auth/Middleware/Authenticate->handle(Object(Illuminate/Http/Request), Object(Closure), 'sanctum')
#35 C:/Users/hamza/Desktop/PROYECTOS/APP/mightyfitness/fitness-backend/vendor/laravel/framework/src/Illuminate/Pipeline/Pipeline.php(127): Illuminate/Pipeline/Pipeline->Illuminate/Pipeline/{closure}(Object(Illuminate/Http/Request))
#36 C:/Users/hamza/Desktop/PROYECTOS/APP/mightyfitness/fitness-backend/vendor/laravel/framework/src/Illuminate/Routing/Router.php(807): Illuminate/Pipeline/Pipeline->then(Object(Closure))
#37 C:/Users/hamza/Desktop/PROYECTOS/APP/mightyfitness/fitness-backend/vendor/laravel/framework/src/Illuminate/Routing/Router.php(786): Illuminate/Routing/Router->runRouteWithinStack(Object(Illuminate/Routing/Route), Object(Illuminate/Http/Request))
#38 C:/Users/hamza/Desktop/PROYECTOS/APP/mightyfitness/fitness-backend/vendor/laravel/framework/src/Illuminate/Routing/Router.php(750): Illuminate/Routing/Router->runRoute(Object(Illuminate/Http/Request), Object(Illuminate/Routing/Route))
#39 C:/Users/hamza/Desktop/PROYECTOS/APP/mightyfitness/fitness-backend/vendor/laravel/framework/src/Illuminate/Routing/Router.php(739): Illuminate/Routing/Router->dispatchToRoute(Object(Illuminate/Http/Request))
#40 C:/Users/hamza/Desktop/PROYECTOS/APP/mightyfitness/fitness-backend/vendor/laravel/framework/src/Illuminate/Foundation/Http/Kernel.php(201): Illuminate/Routing/Router->dispatch(Object(Illuminate/Http/Request))
#41 C:/Users/hamza/Desktop/PROYECTOS/APP/mightyfitness/fitness-backend/vendor/laravel/framework/src/Illuminate/Pipeline/Pipeline.php(170): Illuminate/Foundation/Http/Kernel->Illuminate/Foundation/Http/{closure}(Object(Illuminate/Http/Request))
#42 C:/Users/hamza/Desktop/PROYECTOS/APP/mightyfitness/fitness-backend/vendor/livewire/livewire/src/Features/SupportDisablingBackButtonCache/DisableBackButtonCacheMiddleware.php(19): Illuminate/Pipeline/Pipeline->Illuminate/Pipeline/{closure}(Object(Illuminate/Http/Request))
#43 C:/Users/hamza/Desktop/PROYECTOS/APP/mightyfitness/fitness-backend/vendor/laravel/framework/src/Illuminate/Pipeline/Pipeline.php(209): Livewire/Features/SupportDisablingBackButtonCache/DisableBackButtonCacheMiddleware->handle(Object(Illuminate/Http/Request), Object(Closure))
#44 C:/Users/hamza/Desktop/PROYECTOS/APP/mightyfitness/fitness-backend/vendor/laravel/framework/src/Illuminate/Foundation/Http/Middleware/TransformsRequest.php(21): Illuminate/Pipeline/Pipeline->Illuminate/Pipeline/{closure}(Object(Illuminate/Http/Request))
#45 C:/Users/hamza/Desktop/PROYECTOS/APP/mightyfitness/fitness-backend/vendor/laravel/framework/src/Illuminate/Foundation/Http/Middleware/ConvertEmptyStringsToNull.php(31): Illuminate/Foundation/Http/Middleware/TransformsRequest->handle(Object(Illuminate/Http/Request), Object(Closure))
#46 C:/Users/hamza/Desktop/PROYECTOS/APP/mightyfitness/fitness-backend/vendor/laravel/framework/src/Illuminate/Pipeline/Pipeline.php(209): Illuminate/Foundation/Http/Middleware/ConvertEmptyStringsToNull->handle(Object(Illuminate/Http/Request), Object(Closure))
#47 C:/Users/hamza/Desktop/PROYECTOS/APP/mightyfitness/fitness-backend/vendor/laravel/framework/src/Illuminate/Foundation/Http/Middleware/TransformsRequest.php(21): Illuminate/Pipeline/Pipeline->Illuminate/Pipeline/{closure}(Object(Illuminate/Http/Request))
#48 C:/Users/hamza/Desktop/PROYECTOS/APP/mightyfitness/fitness-backend/vendor/laravel/framework/src/Illuminate/Foundation/Http/Middleware/TrimStrings.php(51): Illuminate/Foundation/Http/Middleware/TransformsRequest->handle(Object(Illuminate/Http/Request), Object(Closure))
#49 C:/Users/hamza/Desktop/PROYECTOS/APP/mightyfitness/fitness-backend/vendor/laravel/framework/src/Illuminate/Pipeline/Pipeline.php(209): Illuminate/Foundation/Http/Middleware/TrimStrings->handle(Object(Illuminate/Http/Request), Object(Closure))
#50 C:/Users/hamza/Desktop/PROYECTOS/APP/mightyfitness/fitness-backend/vendor/laravel/framework/src/Illuminate/Http/Middleware/ValidatePostSize.php(27): Illuminate/Pipeline/Pipeline->Illuminate/Pipeline/{closure}(Object(Illuminate/Http/Request))
#51 C:/Users/hamza/Desktop/PROYECTOS/APP/mightyfitness/fitness-backend/vendor/laravel/framework/src/Illuminate/Pipeline/Pipeline.php(209): Illuminate/Http/Middleware/ValidatePostSize->handle(Object(Illuminate/Http/Request), Object(Closure))
#52 C:/Users/hamza/Desktop/PROYECTOS/APP/mightyfitness/fitness-backend/vendor/laravel/framework/src/Illuminate/Foundation/Http/Middleware/PreventRequestsDuringMaintenance.php(110): Illuminate/Pipeline/Pipeline->Illuminate/Pipeline/{closure}(Object(Illuminate/Http/Request))
#53 C:/Users/hamza/Desktop/PROYECTOS/APP/mightyfitness/fitness-backend/vendor/laravel/framework/src/Illuminate/Pipeline/Pipeline.php(209): Illuminate/Foundation/Http/Middleware/PreventRequestsDuringMaintenance->handle(Object(Illuminate/Http/Request), Object(Closure))
#54 C:/Users/hamza/Desktop/PROYECTOS/APP/mightyfitness/fitness-backend/vendor/laravel/framework/src/Illuminate/Http/Middleware/HandleCors.php(62): Illuminate/Pipeline/Pipeline->Illuminate/Pipeline/{closure}(Object(Illuminate/Http/Request))
#55 C:/Users/hamza/Desktop/PROYECTOS/APP/mightyfitness/fitness-backend/vendor/laravel/framework/src/Illuminate/Pipeline/Pipeline.php(209): Illuminate/Http/Middleware/HandleCors->handle(Object(Illuminate/Http/Request), Object(Closure))
#56 C:/Users/hamza/Desktop/PROYECTOS/APP/mightyfitness/fitness-backend/vendor/laravel/framework/src/Illuminate/Pipeline/Pipeline.php(127): Illuminate/Pipeline/Pipeline->Illuminate/Pipeline/{closure}(Object(Illuminate/Http/Request))
#57 C:/Users/hamza/Desktop/PROYECTOS/APP/mightyfitness/fitness-backend/vendor/laravel/framework/src/Illuminate/Foundation/Http/Kernel.php(176): Illuminate/Pipeline/Pipeline->then(Object(Closure))
#58 C:/Users/hamza/Desktop/PROYECTOS/APP/mightyfitness/fitness-backend/vendor/laravel/framework/src/Illuminate/Foundation/Http/Kernel.php(145): Illuminate/Foundation/Http/Kernel->sendRequestThroughRouter(Object(Illuminate/Http/Request))
#59 C:/Users/hamza/Desktop/PROYECTOS/APP/mightyfitness/fitness-backend/public/index.php(51): Illuminate/Foundation/Http/Kernel->handle(Object(Illuminate/Http/Request))
#60 C:/Users/hamza/Desktop/PROYECTOS/APP/mightyfitness/fitness-backend/server.php(21): require_once('C://Users//hamza//...')
#61 {main}
"} 
[2026-08-06 13:22:02] local.ERROR: SQLSTATE[42S22]: Column not found: 1054 Unknown column 'client_tag_assignments.tag_id' in 'field list' (Connection: mysql, SQL: select `client_tags`.*, `client_tag_assignments`.`client_id` as `pivot_client_id`, `client_tag_assignments`.`tag_id` as `pivot_tag_id` from `client_tags` inner join `client_tag_assignments` on `client_tags`.`id` = `client_tag_assignments`.`tag_id` where `client_tag_assignments`.`client_id` in (8)) {"userId":2,"exception":"[object] (Illuminate\\Database\\QueryException(code: 42S22): SQLSTATE[42S22]: Column not found: 1054 Unknown column 'client_tag_assignments.tag_id' in 'field list' (Connection: mysql, SQL: select `client_tags`.*, `client_tag_assignments`.`client_id` as `pivot_client_id`, `client_tag_assignments`.`tag_id` as `pivot_tag_id` from `client_tags` inner join `client_tag_assignments` on `client_tags`.`id` = `client_tag_assignments`.`tag_id` where `client_tag_assignments`.`client_id` in (8)) at C:/Users/hamza/Desktop/PROYECTOS/APP/mightyfitness/fitness-backend/vendor/laravel/framework/src/Illuminate/Database/Connection.php:825)
[stacktrace]
#0 C:/Users/hamza/Desktop/PROYECTOS/APP/mightyfitness/fitness-backend/vendor/laravel/framework/src/Illuminate/Database/Connection.php(779): Illuminate/Database/Connection->runQueryCallback('select `client_...', Array, Object(Closure))
#1 C:/Users/hamza/Desktop/PROYECTOS/APP/mightyfitness/fitness-backend/vendor/laravel/framework/src/Illuminate/Database/Connection.php(398): Illuminate/Database/Connection->run('select `client_...', Array, Object(Closure))
#2 C:/Users/hamza/Desktop/PROYECTOS/APP/mightyfitness/fitness-backend/vendor/laravel/framework/src/Illuminate/Database/Query/Builder.php(3106): Illuminate/Database/Connection->select('select `client_...', Array, true)
#3 C:/Users/hamza/Desktop/PROYECTOS/APP/mightyfitness/fitness-backend/vendor/laravel/framework/src/Illuminate/Database/Query/Builder.php(3091): Illuminate/Database/Query/Builder->runSelect()
#4 C:/Users/hamza/Desktop/PROYECTOS/APP/mightyfitness/fitness-backend/vendor/laravel/framework/src/Illuminate/Database/Query/Builder.php(3676): Illuminate/Database/Query/Builder->Illuminate/Database/Query/{closure}()
#5 C:/Users/hamza/Desktop/PROYECTOS/APP/mightyfitness/fitness-backend/vendor/laravel/framework/src/Illuminate/Database/Query/Builder.php(3090): Illuminate/Database/Query/Builder->onceWithColumns(Array, Object(Closure))
#6 C:/Users/hamza/Desktop/PROYECTOS/APP/mightyfitness/fitness-backend/vendor/laravel/framework/src/Illuminate/Database/Eloquent/Builder.php(811): Illuminate/Database/Query/Builder->get(Array)
#7 C:/Users/hamza/Desktop/PROYECTOS/APP/mightyfitness/fitness-backend/vendor/laravel/framework/src/Illuminate/Database/Eloquent/Relations/BelongsToMany.php(887): Illuminate/Database/Eloquent/Builder->getModels()
#8 C:/Users/hamza/Desktop/PROYECTOS/APP/mightyfitness/fitness-backend/vendor/laravel/framework/src/Illuminate/Database/Eloquent/Relations/Relation.php(176): Illuminate/Database/Eloquent/Relations/BelongsToMany->get()
#9 C:/Users/hamza/Desktop/PROYECTOS/APP/mightyfitness/fitness-backend/vendor/laravel/framework/src/Illuminate/Database/Eloquent/Builder.php(859): Illuminate/Database/Eloquent/Relations/Relation->getEager()
#10 C:/Users/hamza/Desktop/PROYECTOS/APP/mightyfitness/fitness-backend/vendor/laravel/framework/src/Illuminate/Database/Eloquent/Builder.php(828): Illuminate/Database/Eloquent/Builder->eagerLoadRelation(Array, 'tags', Object(Closure))
#11 C:/Users/hamza/Desktop/PROYECTOS/APP/mightyfitness/fitness-backend/vendor/laravel/framework/src/Illuminate/Database/Eloquent/Builder.php(794): Illuminate/Database/Eloquent/Builder->eagerLoadRelations(Array)
#12 C:/Users/hamza/Desktop/PROYECTOS/APP/mightyfitness/fitness-backend/vendor/laravel/framework/src/Illuminate/Database/Concerns/BuildsQueries.php(343): Illuminate/Database/Eloquent/Builder->get(Array)
#13 C:/Users/hamza/Desktop/PROYECTOS/APP/mightyfitness/fitness-backend/vendor/laravel/framework/src/Illuminate/Database/Eloquent/Builder.php(477): Illuminate/Database/Eloquent/Builder->first(Array)
#14 C:/Users/hamza/Desktop/PROYECTOS/APP/mightyfitness/fitness-backend/app/Http/Controllers/API/ClientTagController.php(55): Illuminate/Database/Eloquent/Builder->find('8')
#15 C:/Users/hamza/Desktop/PROYECTOS/APP/mightyfitness/fitness-backend/vendor/laravel/framework/src/Illuminate/Routing/Controller.php(54): App/Http/Controllers/API/ClientTagController->getClientTags(Object(Illuminate/Http/Request))
#16 C:/Users/hamza/Desktop/PROYECTOS/APP/mightyfitness/fitness-backend/vendor/laravel/framework/src/Illuminate/Routing/ControllerDispatcher.php(44): Illuminate/Routing/Controller->callAction('getClientTags', Array)
#17 C:/Users/hamza/Desktop/PROYECTOS/APP/mightyfitness/fitness-backend/vendor/laravel/framework/src/Illuminate/Routing/Route.php(266): Illuminate/Routing/ControllerDispatcher->dispatch(Object(Illuminate/Routing/Route), Object(App/Http/Controllers/API/ClientTagController), 'getClientTags')
#18 C:/Users/hamza/Desktop/PROYECTOS/APP/mightyfitness/fitness-backend/vendor/laravel/framework/src/Illuminate/Routing/Route.php(212): Illuminate/Routing/Route->runController()
#19 C:/Users/hamza/Desktop/PROYECTOS/APP/mightyfitness/fitness-backend/vendor/laravel/framework/src/Illuminate/Routing/Router.php(808): Illuminate/Routing/Route->run()
#20 C:/Users/hamza/Desktop/PROYECTOS/APP/mightyfitness/fitness-backend/vendor/laravel/framework/src/Illuminate/Pipeline/Pipeline.php(170): Illuminate/Routing/Router->Illuminate/Routing/{closure}(Object(Illuminate/Http/Request))
#21 C:/Users/hamza/Desktop/PROYECTOS/APP/mightyfitness/fitness-backend/app/Http/Middleware/AdminApi.php(26): Illuminate/Pipeline/Pipeline->Illuminate/Pipeline/{closure}(Object(Illuminate/Http/Request))
#22 C:/Users/hamza/Desktop/PROYECTOS/APP/mightyfitness/fitness-backend/vendor/laravel/framework/src/Illuminate/Pipeline/Pipeline.php(209): App/Http/Middleware/AdminApi->handle(Object(Illuminate/Http/Request), Object(Closure))
#23 C:/Users/hamza/Desktop/PROYECTOS/APP/mightyfitness/fitness-backend/app/Http/Middleware/API/CheckUserStatus.php(26): Illuminate/Pipeline/Pipeline->Illuminate/Pipeline/{closure}(Object(Illuminate/Http/Request))
#24 C:/Users/hamza/Desktop/PROYECTOS/APP/mightyfitness/fitness-backend/vendor/laravel/framework/src/Illuminate/Pipeline/Pipeline.php(209): App/Http/Middleware/API/CheckUserStatus->handle(Object(Illuminate/Http/Request), Object(Closure))
#25 C:/Users/hamza/Desktop/PROYECTOS/APP/mightyfitness/fitness-backend/vendor/laravel/framework/src/Illuminate/Routing/Middleware/SubstituteBindings.php(51): Illuminate/Pipeline/Pipeline->Illuminate/Pipeline/{closure}(Object(Illuminate/Http/Request))
#26 C:/Users/hamza/Desktop/PROYECTOS/APP/mightyfitness/fitness-backend/vendor/laravel/framework/src/Illuminate/Pipeline/Pipeline.php(209): Illuminate/Routing/Middleware/SubstituteBindings->handle(Object(Illuminate/Http/Request), Object(Closure))
#27 C:/Users/hamza/Desktop/PROYECTOS/APP/mightyfitness/fitness-backend/vendor/laravel/framework/src/Illuminate/Routing/Middleware/ThrottleRequests.php(161): Illuminate/Pipeline/Pipeline->Illuminate/Pipeline/{closure}(Object(Illuminate/Http/Request))
#28 C:/Users/hamza/Desktop/PROYECTOS/APP/mightyfitness/fitness-backend/vendor/laravel/framework/src/Illuminate/Routing/Middleware/ThrottleRequests.php(127): Illuminate/Routing/Middleware/ThrottleRequests->handleRequest(Object(Illuminate/Http/Request), Object(Closure), Array)
#29 C:/Users/hamza/Desktop/PROYECTOS/APP/mightyfitness/fitness-backend/vendor/laravel/framework/src/Illuminate/Routing/Middleware/ThrottleRequests.php(89): Illuminate/Routing/Middleware/ThrottleRequests->handleRequestUsingNamedLimiter(Object(Illuminate/Http/Request), Object(Closure), 'api', Object(Closure))
#30 C:/Users/hamza/Desktop/PROYECTOS/APP/mightyfitness/fitness-backend/vendor/laravel/framework/src/Illuminate/Pipeline/Pipeline.php(209): Illuminate/Routing/Middleware/ThrottleRequests->handle(Object(Illuminate/Http/Request), Object(Closure), 'api')
#31 C:/Users/hamza/Desktop/PROYECTOS/APP/mightyfitness/fitness-backend/vendor/laravel/framework/src/Illuminate/Auth/Middleware/Authenticate.php(64): Illuminate/Pipeline/Pipeline->Illuminate/Pipeline/{closure}(Object(Illuminate/Http/Request))
#32 C:/Users/hamza/Desktop/PROYECTOS/APP/mightyfitness/fitness-backend/vendor/laravel/framework/src/Illuminate/Pipeline/Pipeline.php(209): Illuminate/Auth/Middleware/Authenticate->handle(Object(Illuminate/Http/Request), Object(Closure), 'sanctum')
#33 C:/Users/hamza/Desktop/PROYECTOS/APP/mightyfitness/fitness-backend/vendor/laravel/framework/src/Illuminate/Pipeline/Pipeline.php(127): Illuminate/Pipeline/Pipeline->Illuminate/Pipeline/{closure}(Object(Illuminate/Http/Request))
#34 C:/Users/hamza/Desktop/PROYECTOS/APP/mightyfitness/fitness-backend/vendor/laravel/framework/src/Illuminate/Routing/Router.php(807): Illuminate/Pipeline/Pipeline->then(Object(Closure))
#35 C:/Users/hamza/Desktop/PROYECTOS/APP/mightyfitness/fitness-backend/vendor/laravel/framework/src/Illuminate/Routing/Router.php(786): Illuminate/Routing/Router->runRouteWithinStack(Object(Illuminate/Routing/Route), Object(Illuminate/Http/Request))
#36 C:/Users/hamza/Desktop/PROYECTOS/APP/mightyfitness/fitness-backend/vendor/laravel/framework/src/Illuminate/Routing/Router.php(750): Illuminate/Routing/Router->runRoute(Object(Illuminate/Http/Request), Object(Illuminate/Routing/Route))
#37 C:/Users/hamza/Desktop/PROYECTOS/APP/mightyfitness/fitness-backend/vendor/laravel/framework/src/Illuminate/Routing/Router.php(739): Illuminate/Routing/Router->dispatchToRoute(Object(Illuminate/Http/Request))
#38 C:/Users/hamza/Desktop/PROYECTOS/APP/mightyfitness/fitness-backend/vendor/laravel/framework/src/Illuminate/Foundation/Http/Kernel.php(201): Illuminate/Routing/Router->dispatch(Object(Illuminate/Http/Request))
#39 C:/Users/hamza/Desktop/PROYECTOS/APP/mightyfitness/fitness-backend/vendor/laravel/framework/src/Illuminate/Pipeline/Pipeline.php(170): Illuminate/Foundation/Http/Kernel->Illuminate/Foundation/Http/{closure}(Object(Illuminate/Http/Request))
#40 C:/Users/hamza/Desktop/PROYECTOS/APP/mightyfitness/fitness-backend/vendor/livewire/livewire/src/Features/SupportDisablingBackButtonCache/DisableBackButtonCacheMiddleware.php(19): Illuminate/Pipeline/Pipeline->Illuminate/Pipeline/{closure}(Object(Illuminate/Http/Request))
#41 C:/Users/hamza/Desktop/PROYECTOS/APP/mightyfitness/fitness-backend/vendor/laravel/framework/src/Illuminate/Pipeline/Pipeline.php(209): Livewire/Features/SupportDisablingBackButtonCache/DisableBackButtonCacheMiddleware->handle(Object(Illuminate/Http/Request), Object(Closure))
#42 C:/Users/hamza/Desktop/PROYECTOS/APP/mightyfitness/fitness-backend/vendor/laravel/framework/src/Illuminate/Foundation/Http/Middleware/TransformsRequest.php(21): Illuminate/Pipeline/Pipeline->Illuminate/Pipeline/{closure}(Object(Illuminate/Http/Request))
#43 C:/Users/hamza/Desktop/PROYECTOS/APP/mightyfitness/fitness-backend/vendor/laravel/framework/src/Illuminate/Foundation/Http/Middleware/ConvertEmptyStringsToNull.php(31): Illuminate/Foundation/Http/Middleware/TransformsRequest->handle(Object(Illuminate/Http/Request), Object(Closure))
#44 C:/Users/hamza/Desktop/PROYECTOS/APP/mightyfitness/fitness-backend/vendor/laravel/framework/src/Illuminate/Pipeline/Pipeline.php(209): Illuminate/Foundation/Http/Middleware/ConvertEmptyStringsToNull->handle(Object(Illuminate/Http/Request), Object(Closure))
#45 C:/Users/hamza/Desktop/PROYECTOS/APP/mightyfitness/fitness-backend/vendor/laravel/framework/src/Illuminate/Foundation/Http/Middleware/TransformsRequest.php(21): Illuminate/Pipeline/Pipeline->Illuminate/Pipeline/{closure}(Object(Illuminate/Http/Request))
#46 C:/Users/hamza/Desktop/PROYECTOS/APP/mightyfitness/fitness-backend/vendor/laravel/framework/src/Illuminate/Foundation/Http/Middleware/TrimStrings.php(51): Illuminate/Foundation/Http/Middleware/TransformsRequest->handle(Object(Illuminate/Http/Request), Object(Closure))
#47 C:/Users/hamza/Desktop/PROYECTOS/APP/mightyfitness/fitness-backend/vendor/laravel/framework/src/Illuminate/Pipeline/Pipeline.php(209): Illuminate/Foundation/Http/Middleware/TrimStrings->handle(Object(Illuminate/Http/Request), Object(Closure))
#48 C:/Users/hamza/Desktop/PROYECTOS/APP/mightyfitness/fitness-backend/vendor/laravel/framework/src/Illuminate/Http/Middleware/ValidatePostSize.php(27): Illuminate/Pipeline/Pipeline->Illuminate/Pipeline/{closure}(Object(Illuminate/Http/Request))
#49 C:/Users/hamza/Desktop/PROYECTOS/APP/mightyfitness/fitness-backend/vendor/laravel/framework/src/Illuminate/Pipeline/Pipeline.php(209): Illuminate/Http/Middleware/ValidatePostSize->handle(Object(Illuminate/Http/Request), Object(Closure))
#50 C:/Users/hamza/Desktop/PROYECTOS/APP/mightyfitness/fitness-backend/vendor/laravel/framework/src/Illuminate/Foundation/Http/Middleware/PreventRequestsDuringMaintenance.php(110): Illuminate/Pipeline/Pipeline->Illuminate/Pipeline/{closure}(Object(Illuminate/Http/Request))
#51 C:/Users/hamza/Desktop/PROYECTOS/APP/mightyfitness/fitness-backend/vendor/laravel/framework/src/Illuminate/Pipeline/Pipeline.php(209): Illuminate/Foundation/Http/Middleware/PreventRequestsDuringMaintenance->handle(Object(Illuminate/Http/Request), Object(Closure))
#52 C:/Users/hamza/Desktop/PROYECTOS/APP/mightyfitness/fitness-backend/vendor/laravel/framework/src/Illuminate/Http/Middleware/HandleCors.php(62): Illuminate/Pipeline/Pipeline->Illuminate/Pipeline/{closure}(Object(Illuminate/Http/Request))
#53 C:/Users/hamza/Desktop/PROYECTOS/APP/mightyfitness/fitness-backend/vendor/laravel/framework/src/Illuminate/Pipeline/Pipeline.php(209): Illuminate/Http/Middleware/HandleCors->handle(Object(Illuminate/Http/Request), Object(Closure))
#54 C:/Users/hamza/Desktop/PROYECTOS/APP/mightyfitness/fitness-backend/vendor/laravel/framework/src/Illuminate/Pipeline/Pipeline.php(127): Illuminate/Pipeline/Pipeline->Illuminate/Pipeline/{closure}(Object(Illuminate/Http/Request))
#55 C:/Users/hamza/Desktop/PROYECTOS/APP/mightyfitness/fitness-backend/vendor/laravel/framework/src/Illuminate/Foundation/Http/Kernel.php(176): Illuminate/Pipeline/Pipeline->then(Object(Closure))
#56 C:/Users/hamza/Desktop/PROYECTOS/APP/mightyfitness/fitness-backend/vendor/laravel/framework/src/Illuminate/Foundation/Http/Kernel.php(145): Illuminate/Foundation/Http/Kernel->sendRequestThroughRouter(Object(Illuminate/Http/Request))
#57 C:/Users/hamza/Desktop/PROYECTOS/APP/mightyfitness/fitness-backend/public/index.php(51): Illuminate/Foundation/Http/Kernel->handle(Object(Illuminate/Http/Request))
#58 C:/Users/hamza/Desktop/PROYECTOS/APP/mightyfitness/fitness-backend/server.php(21): require_once('C://Users//hamza//...')
#59 {main}

[previous exception] [object] (PDOException(code: 42S22): SQLSTATE[42S22]: Column not found: 1054 Unknown column 'client_tag_assignments.tag_id' in 'field list' at C:/Users/hamza/Desktop/PROYECTOS/APP/mightyfitness/fitness-backend/vendor/laravel/framework/src/Illuminate/Database/Connection.php:407)
[stacktrace]
#0 C:/Users/hamza/Desktop/PROYECTOS/APP/mightyfitness/fitness-backend/vendor/laravel/framework/src/Illuminate/Database/Connection.php(407): PDO->prepare('select `client_...')
#1 C:/Users/hamza/Desktop/PROYECTOS/APP/mightyfitness/fitness-backend/vendor/laravel/framework/src/Illuminate/Database/Connection.php(812): Illuminate/Database/Connection->Illuminate/Database/{closure}('select `client_...', Array)
#2 C:/Users/hamza/Desktop/PROYECTOS/APP/mightyfitness/fitness-backend/vendor/laravel/framework/src/Illuminate/Database/Connection.php(779): Illuminate/Database/Connection->runQueryCallback('select `client_...', Array, Object(Closure))
#3 C:/Users/hamza/Desktop/PROYECTOS/APP/mightyfitness/fitness-backend/vendor/laravel/framework/src/Illuminate/Database/Connection.php(398): Illuminate/Database/Connection->run('select `client_...', Array, Object(Closure))
#4 C:/Users/hamza/Desktop/PROYECTOS/APP/mightyfitness/fitness-backend/vendor/laravel/framework/src/Illuminate/Database/Query/Builder.php(3106): Illuminate/Database/Connection->select('select `client_...', Array, true)
#5 C:/Users/hamza/Desktop/PROYECTOS/APP/mightyfitness/fitness-backend/vendor/laravel/framework/src/Illuminate/Database/Query/Builder.php(3091): Illuminate/Database/Query/Builder->runSelect()
#6 C:/Users/hamza/Desktop/PROYECTOS/APP/mightyfitness/fitness-backend/vendor/laravel/framework/src/Illuminate/Database/Query/Builder.php(3676): Illuminate/Database/Query/Builder->Illuminate/Database/Query/{closure}()
#7 C:/Users/hamza/Desktop/PROYECTOS/APP/mightyfitness/fitness-backend/vendor/laravel/framework/src/Illuminate/Database/Query/Builder.php(3090): Illuminate/Database/Query/Builder->onceWithColumns(Array, Object(Closure))
#8 C:/Users/hamza/Desktop/PROYECTOS/APP/mightyfitness/fitness-backend/vendor/laravel/framework/src/Illuminate/Database/Eloquent/Builder.php(811): Illuminate/Database/Query/Builder->get(Array)
#9 C:/Users/hamza/Desktop/PROYECTOS/APP/mightyfitness/fitness-backend/vendor/laravel/framework/src/Illuminate/Database/Eloquent/Relations/BelongsToMany.php(887): Illuminate/Database/Eloquent/Builder->getModels()
#10 C:/Users/hamza/Desktop/PROYECTOS/APP/mightyfitness/fitness-backend/vendor/laravel/framework/src/Illuminate/Database/Eloquent/Relations/Relation.php(176): Illuminate/Database/Eloquent/Relations/BelongsToMany->get()
#11 C:/Users/hamza/Desktop/PROYECTOS/APP/mightyfitness/fitness-backend/vendor/laravel/framework/src/Illuminate/Database/Eloquent/Builder.php(859): Illuminate/Database/Eloquent/Relations/Relation->getEager()
#12 C:/Users/hamza/Desktop/PROYECTOS/APP/mightyfitness/fitness-backend/vendor/laravel/framework/src/Illuminate/Database/Eloquent/Builder.php(828): Illuminate/Database/Eloquent/Builder->eagerLoadRelation(Array, 'tags', Object(Closure))
#13 C:/Users/hamza/Desktop/PROYECTOS/APP/mightyfitness/fitness-backend/vendor/laravel/framework/src/Illuminate/Database/Eloquent/Builder.php(794): Illuminate/Database/Eloquent/Builder->eagerLoadRelations(Array)
#14 C:/Users/hamza/Desktop/PROYECTOS/APP/mightyfitness/fitness-backend/vendor/laravel/framework/src/Illuminate/Database/Concerns/BuildsQueries.php(343): Illuminate/Database/Eloquent/Builder->get(Array)
#15 C:/Users/hamza/Desktop/PROYECTOS/APP/mightyfitness/fitness-backend/vendor/laravel/framework/src/Illuminate/Database/Eloquent/Builder.php(477): Illuminate/Database/Eloquent/Builder->first(Array)
#16 C:/Users/hamza/Desktop/PROYECTOS/APP/mightyfitness/fitness-backend/app/Http/Controllers/API/ClientTagController.php(55): Illuminate/Database/Eloquent/Builder->find('8')
#17 C:/Users/hamza/Desktop/PROYECTOS/APP/mightyfitness/fitness-backend/vendor/laravel/framework/src/Illuminate/Routing/Controller.php(54): App/Http/Controllers/API/ClientTagController->getClientTags(Object(Illuminate/Http/Request))
#18 C:/Users/hamza/Desktop/PROYECTOS/APP/mightyfitness/fitness-backend/vendor/laravel/framework/src/Illuminate/Routing/ControllerDispatcher.php(44): Illuminate/Routing/Controller->callAction('getClientTags', Array)
#19 C:/Users/hamza/Desktop/PROYECTOS/APP/mightyfitness/fitness-backend/vendor/laravel/framework/src/Illuminate/Routing/Route.php(266): Illuminate/Routing/ControllerDispatcher->dispatch(Object(Illuminate/Routing/Route), Object(App/Http/Controllers/API/ClientTagController), 'getClientTags')
#20 C:/Users/hamza/Desktop/PROYECTOS/APP/mightyfitness/fitness-backend/vendor/laravel/framework/src/Illuminate/Routing/Route.php(212): Illuminate/Routing/Route->runController()
#21 C:/Users/hamza/Desktop/PROYECTOS/APP/mightyfitness/fitness-backend/vendor/laravel/framework/src/Illuminate/Routing/Router.php(808): Illuminate/Routing/Route->run()
#22 C:/Users/hamza/Desktop/PROYECTOS/APP/mightyfitness/fitness-backend/vendor/laravel/framework/src/Illuminate/Pipeline/Pipeline.php(170): Illuminate/Routing/Router->Illuminate/Routing/{closure}(Object(Illuminate/Http/Request))
#23 C:/Users/hamza/Desktop/PROYECTOS/APP/mightyfitness/fitness-backend/app/Http/Middleware/AdminApi.php(26): Illuminate/Pipeline/Pipeline->Illuminate/Pipeline/{closure}(Object(Illuminate/Http/Request))
#24 C:/Users/hamza/Desktop/PROYECTOS/APP/mightyfitness/fitness-backend/vendor/laravel/framework/src/Illuminate/Pipeline/Pipeline.php(209): App/Http/Middleware/AdminApi->handle(Object(Illuminate/Http/Request), Object(Closure))
#25 C:/Users/hamza/Desktop/PROYECTOS/APP/mightyfitness/fitness-backend/app/Http/Middleware/API/CheckUserStatus.php(26): Illuminate/Pipeline/Pipeline->Illuminate/Pipeline/{closure}(Object(Illuminate/Http/Request))
#26 C:/Users/hamza/Desktop/PROYECTOS/APP/mightyfitness/fitness-backend/vendor/laravel/framework/src/Illuminate/Pipeline/Pipeline.php(209): App/Http/Middleware/API/CheckUserStatus->handle(Object(Illuminate/Http/Request), Object(Closure))
#27 C:/Users/hamza/Desktop/PROYECTOS/APP/mightyfitness/fitness-backend/vendor/laravel/framework/src/Illuminate/Routing/Middleware/SubstituteBindings.php(51): Illuminate/Pipeline/Pipeline->Illuminate/Pipeline/{closure}(Object(Illuminate/Http/Request))
#28 C:/Users/hamza/Desktop/PROYECTOS/APP/mightyfitness/fitness-backend/vendor/laravel/framework/src/Illuminate/Pipeline/Pipeline.php(209): Illuminate/Routing/Middleware/SubstituteBindings->handle(Object(Illuminate/Http/Request), Object(Closure))
#29 C:/Users/hamza/Desktop/PROYECTOS/APP/mightyfitness/fitness-backend/vendor/laravel/framework/src/Illuminate/Routing/Middleware/ThrottleRequests.php(161): Illuminate/Pipeline/Pipeline->Illuminate/Pipeline/{closure}(Object(Illuminate/Http/Request))
#30 C:/Users/hamza/Desktop/PROYECTOS/APP/mightyfitness/fitness-backend/vendor/laravel/framework/src/Illuminate/Routing/Middleware/ThrottleRequests.php(127): Illuminate/Routing/Middleware/ThrottleRequests->handleRequest(Object(Illuminate/Http/Request), Object(Closure), Array)
#31 C:/Users/hamza/Desktop/PROYECTOS/APP/mightyfitness/fitness-backend/vendor/laravel/framework/src/Illuminate/Routing/Middleware/ThrottleRequests.php(89): Illuminate/Routing/Middleware/ThrottleRequests->handleRequestUsingNamedLimiter(Object(Illuminate/Http/Request), Object(Closure), 'api', Object(Closure))
#32 C:/Users/hamza/Desktop/PROYECTOS/APP/mightyfitness/fitness-backend/vendor/laravel/framework/src/Illuminate/Pipeline/Pipeline.php(209): Illuminate/Routing/Middleware/ThrottleRequests->handle(Object(Illuminate/Http/Request), Object(Closure), 'api')
#33 C:/Users/hamza/Desktop/PROYECTOS/APP/mightyfitness/fitness-backend/vendor/laravel/framework/src/Illuminate/Auth/Middleware/Authenticate.php(64): Illuminate/Pipeline/Pipeline->Illuminate/Pipeline/{closure}(Object(Illuminate/Http/Request))
#34 C:/Users/hamza/Desktop/PROYECTOS/APP/mightyfitness/fitness-backend/vendor/laravel/framework/src/Illuminate/Pipeline/Pipeline.php(209): Illuminate/Auth/Middleware/Authenticate->handle(Object(Illuminate/Http/Request), Object(Closure), 'sanctum')
#35 C:/Users/hamza/Desktop/PROYECTOS/APP/mightyfitness/fitness-backend/vendor/laravel/framework/src/Illuminate/Pipeline/Pipeline.php(127): Illuminate/Pipeline/Pipeline->Illuminate/Pipeline/{closure}(Object(Illuminate/Http/Request))
#36 C:/Users/hamza/Desktop/PROYECTOS/APP/mightyfitness/fitness-backend/vendor/laravel/framework/src/Illuminate/Routing/Router.php(807): Illuminate/Pipeline/Pipeline->then(Object(Closure))
#37 C:/Users/hamza/Desktop/PROYECTOS/APP/mightyfitness/fitness-backend/vendor/laravel/framework/src/Illuminate/Routing/Router.php(786): Illuminate/Routing/Router->runRouteWithinStack(Object(Illuminate/Routing/Route), Object(Illuminate/Http/Request))
#38 C:/Users/hamza/Desktop/PROYECTOS/APP/mightyfitness/fitness-backend/vendor/laravel/framework/src/Illuminate/Routing/Router.php(750): Illuminate/Routing/Router->runRoute(Object(Illuminate/Http/Request), Object(Illuminate/Routing/Route))
#39 C:/Users/hamza/Desktop/PROYECTOS/APP/mightyfitness/fitness-backend/vendor/laravel/framework/src/Illuminate/Routing/Router.php(739): Illuminate/Routing/Router->dispatchToRoute(Object(Illuminate/Http/Request))
#40 C:/Users/hamza/Desktop/PROYECTOS/APP/mightyfitness/fitness-backend/vendor/laravel/framework/src/Illuminate/Foundation/Http/Kernel.php(201): Illuminate/Routing/Router->dispatch(Object(Illuminate/Http/Request))
#41 C:/Users/hamza/Desktop/PROYECTOS/APP/mightyfitness/fitness-backend/vendor/laravel/framework/src/Illuminate/Pipeline/Pipeline.php(170): Illuminate/Foundation/Http/Kernel->Illuminate/Foundation/Http/{closure}(Object(Illuminate/Http/Request))
#42 C:/Users/hamza/Desktop/PROYECTOS/APP/mightyfitness/fitness-backend/vendor/livewire/livewire/src/Features/SupportDisablingBackButtonCache/DisableBackButtonCacheMiddleware.php(19): Illuminate/Pipeline/Pipeline->Illuminate/Pipeline/{closure}(Object(Illuminate/Http/Request))
#43 C:/Users/hamza/Desktop/PROYECTOS/APP/mightyfitness/fitness-backend/vendor/laravel/framework/src/Illuminate/Pipeline/Pipeline.php(209): Livewire/Features/SupportDisablingBackButtonCache/DisableBackButtonCacheMiddleware->handle(Object(Illuminate/Http/Request), Object(Closure))
#44 C:/Users/hamza/Desktop/PROYECTOS/APP/mightyfitness/fitness-backend/vendor/laravel/framework/src/Illuminate/Foundation/Http/Middleware/TransformsRequest.php(21): Illuminate/Pipeline/Pipeline->Illuminate/Pipeline/{closure}(Object(Illuminate/Http/Request))
#45 C:/Users/hamza/Desktop/PROYECTOS/APP/mightyfitness/fitness-backend/vendor/laravel/framework/src/Illuminate/Foundation/Http/Middleware/ConvertEmptyStringsToNull.php(31): Illuminate/Foundation/Http/Middleware/TransformsRequest->handle(Object(Illuminate/Http/Request), Object(Closure))
#46 C:/Users/hamza/Desktop/PROYECTOS/APP/mightyfitness/fitness-backend/vendor/laravel/framework/src/Illuminate/Pipeline/Pipeline.php(209): Illuminate/Foundation/Http/Middleware/ConvertEmptyStringsToNull->handle(Object(Illuminate/Http/Request), Object(Closure))
#47 C:/Users/hamza/Desktop/PROYECTOS/APP/mightyfitness/fitness-backend/vendor/laravel/framework/src/Illuminate/Foundation/Http/Middleware/TransformsRequest.php(21): Illuminate/Pipeline/Pipeline->Illuminate/Pipeline/{closure}(Object(Illuminate/Http/Request))
#48 C:/Users/hamza/Desktop/PROYECTOS/APP/mightyfitness/fitness-backend/vendor/laravel/framework/src/Illuminate/Foundation/Http/Middleware/TrimStrings.php(51): Illuminate/Foundation/Http/Middleware/TransformsRequest->handle(Object(Illuminate/Http/Request), Object(Closure))
#49 C:/Users/hamza/Desktop/PROYECTOS/APP/mightyfitness/fitness-backend/vendor/laravel/framework/src/Illuminate/Pipeline/Pipeline.php(209): Illuminate/Foundation/Http/Middleware/TrimStrings->handle(Object(Illuminate/Http/Request), Object(Closure))
#50 C:/Users/hamza/Desktop/PROYECTOS/APP/mightyfitness/fitness-backend/vendor/laravel/framework/src/Illuminate/Http/Middleware/ValidatePostSize.php(27): Illuminate/Pipeline/Pipeline->Illuminate/Pipeline/{closure}(Object(Illuminate/Http/Request))
#51 C:/Users/hamza/Desktop/PROYECTOS/APP/mightyfitness/fitness-backend/vendor/laravel/framework/src/Illuminate/Pipeline/Pipeline.php(209): Illuminate/Http/Middleware/ValidatePostSize->handle(Object(Illuminate/Http/Request), Object(Closure))
#52 C:/Users/hamza/Desktop/PROYECTOS/APP/mightyfitness/fitness-backend/vendor/laravel/framework/src/Illuminate/Foundation/Http/Middleware/PreventRequestsDuringMaintenance.php(110): Illuminate/Pipeline/Pipeline->Illuminate/Pipeline/{closure}(Object(Illuminate/Http/Request))
#53 C:/Users/hamza/Desktop/PROYECTOS/APP/mightyfitness/fitness-backend/vendor/laravel/framework/src/Illuminate/Pipeline/Pipeline.php(209): Illuminate/Foundation/Http/Middleware/PreventRequestsDuringMaintenance->handle(Object(Illuminate/Http/Request), Object(Closure))
#54 C:/Users/hamza/Desktop/PROYECTOS/APP/mightyfitness/fitness-backend/vendor/laravel/framework/src/Illuminate/Http/Middleware/HandleCors.php(62): Illuminate/Pipeline/Pipeline->Illuminate/Pipeline/{closure}(Object(Illuminate/Http/Request))
#55 C:/Users/hamza/Desktop/PROYECTOS/APP/mightyfitness/fitness-backend/vendor/laravel/framework/src/Illuminate/Pipeline/Pipeline.php(209): Illuminate/Http/Middleware/HandleCors->handle(Object(Illuminate/Http/Request), Object(Closure))
#56 C:/Users/hamza/Desktop/PROYECTOS/APP/mightyfitness/fitness-backend/vendor/laravel/framework/src/Illuminate/Pipeline/Pipeline.php(127): Illuminate/Pipeline/Pipeline->Illuminate/Pipeline/{closure}(Object(Illuminate/Http/Request))
#57 C:/Users/hamza/Desktop/PROYECTOS/APP/mightyfitness/fitness-backend/vendor/laravel/framework/src/Illuminate/Foundation/Http/Kernel.php(176): Illuminate/Pipeline/Pipeline->then(Object(Closure))
#58 C:/Users/hamza/Desktop/PROYECTOS/APP/mightyfitness/fitness-backend/vendor/laravel/framework/src/Illuminate/Foundation/Http/Kernel.php(145): Illuminate/Foundation/Http/Kernel->sendRequestThroughRouter(Object(Illuminate/Http/Request))
#59 C:/Users/hamza/Desktop/PROYECTOS/APP/mightyfitness/fitness-backend/public/index.php(51): Illuminate/Foundation/Http/Kernel->handle(Object(Illuminate/Http/Request))
#60 C:/Users/hamza/Desktop/PROYECTOS/APP/mightyfitness/fitness-backend/server.php(21): require_once('C://Users//hamza//...')
#61 {main}
"} 
[2026-08-06 13:22:08] local.ERROR: SQLSTATE[42S22]: Column not found: 1054 Unknown column 'client_tag_assignments.tag_id' in 'field list' (Connection: mysql, SQL: select `client_tags`.*, `client_tag_assignments`.`client_id` as `pivot_client_id`, `client_tag_assignments`.`tag_id` as `pivot_tag_id` from `client_tags` inner join `client_tag_assignments` on `client_tags`.`id` = `client_tag_assignments`.`tag_id` where `client_tag_assignments`.`client_id` in (8)) {"userId":2,"exception":"[object] (Illuminate\\Database\\QueryException(code: 42S22): SQLSTATE[42S22]: Column not found: 1054 Unknown column 'client_tag_assignments.tag_id' in 'field list' (Connection: mysql, SQL: select `client_tags`.*, `client_tag_assignments`.`client_id` as `pivot_client_id`, `client_tag_assignments`.`tag_id` as `pivot_tag_id` from `client_tags` inner join `client_tag_assignments` on `client_tags`.`id` = `client_tag_assignments`.`tag_id` where `client_tag_assignments`.`client_id` in (8)) at C:/Users/hamza/Desktop/PROYECTOS/APP/mightyfitness/fitness-backend/vendor/laravel/framework/src/Illuminate/Database/Connection.php:825)
[stacktrace]
#0 C:/Users/hamza/Desktop/PROYECTOS/APP/mightyfitness/fitness-backend/vendor/laravel/framework/src/Illuminate/Database/Connection.php(779): Illuminate/Database/Connection->runQueryCallback('select `client_...', Array, Object(Closure))
#1 C:/Users/hamza/Desktop/PROYECTOS/APP/mightyfitness/fitness-backend/vendor/laravel/framework/src/Illuminate/Database/Connection.php(398): Illuminate/Database/Connection->run('select `client_...', Array, Object(Closure))
#2 C:/Users/hamza/Desktop/PROYECTOS/APP/mightyfitness/fitness-backend/vendor/laravel/framework/src/Illuminate/Database/Query/Builder.php(3106): Illuminate/Database/Connection->select('select `client_...', Array, true)
#3 C:/Users/hamza/Desktop/PROYECTOS/APP/mightyfitness/fitness-backend/vendor/laravel/framework/src/Illuminate/Database/Query/Builder.php(3091): Illuminate/Database/Query/Builder->runSelect()
#4 C:/Users/hamza/Desktop/PROYECTOS/APP/mightyfitness/fitness-backend/vendor/laravel/framework/src/Illuminate/Database/Query/Builder.php(3676): Illuminate/Database/Query/Builder->Illuminate/Database/Query/{closure}()
#5 C:/Users/hamza/Desktop/PROYECTOS/APP/mightyfitness/fitness-backend/vendor/laravel/framework/src/Illuminate/Database/Query/Builder.php(3090): Illuminate/Database/Query/Builder->onceWithColumns(Array, Object(Closure))
#6 C:/Users/hamza/Desktop/PROYECTOS/APP/mightyfitness/fitness-backend/vendor/laravel/framework/src/Illuminate/Database/Eloquent/Builder.php(811): Illuminate/Database/Query/Builder->get(Array)
#7 C:/Users/hamza/Desktop/PROYECTOS/APP/mightyfitness/fitness-backend/vendor/laravel/framework/src/Illuminate/Database/Eloquent/Relations/BelongsToMany.php(887): Illuminate/Database/Eloquent/Builder->getModels()
#8 C:/Users/hamza/Desktop/PROYECTOS/APP/mightyfitness/fitness-backend/vendor/laravel/framework/src/Illuminate/Database/Eloquent/Relations/Relation.php(176): Illuminate/Database/Eloquent/Relations/BelongsToMany->get()
#9 C:/Users/hamza/Desktop/PROYECTOS/APP/mightyfitness/fitness-backend/vendor/laravel/framework/src/Illuminate/Database/Eloquent/Builder.php(859): Illuminate/Database/Eloquent/Relations/Relation->getEager()
#10 C:/Users/hamza/Desktop/PROYECTOS/APP/mightyfitness/fitness-backend/vendor/laravel/framework/src/Illuminate/Database/Eloquent/Builder.php(828): Illuminate/Database/Eloquent/Builder->eagerLoadRelation(Array, 'tags', Object(Closure))
#11 C:/Users/hamza/Desktop/PROYECTOS/APP/mightyfitness/fitness-backend/vendor/laravel/framework/src/Illuminate/Database/Eloquent/Builder.php(794): Illuminate/Database/Eloquent/Builder->eagerLoadRelations(Array)
#12 C:/Users/hamza/Desktop/PROYECTOS/APP/mightyfitness/fitness-backend/vendor/laravel/framework/src/Illuminate/Database/Concerns/BuildsQueries.php(343): Illuminate/Database/Eloquent/Builder->get(Array)
#13 C:/Users/hamza/Desktop/PROYECTOS/APP/mightyfitness/fitness-backend/vendor/laravel/framework/src/Illuminate/Database/Eloquent/Builder.php(477): Illuminate/Database/Eloquent/Builder->first(Array)
#14 C:/Users/hamza/Desktop/PROYECTOS/APP/mightyfitness/fitness-backend/app/Http/Controllers/API/ClientTagController.php(55): Illuminate/Database/Eloquent/Builder->find('8')
#15 C:/Users/hamza/Desktop/PROYECTOS/APP/mightyfitness/fitness-backend/vendor/laravel/framework/src/Illuminate/Routing/Controller.php(54): App/Http/Controllers/API/ClientTagController->getClientTags(Object(Illuminate/Http/Request))
#16 C:/Users/hamza/Desktop/PROYECTOS/APP/mightyfitness/fitness-backend/vendor/laravel/framework/src/Illuminate/Routing/ControllerDispatcher.php(44): Illuminate/Routing/Controller->callAction('getClientTags', Array)
#17 C:/Users/hamza/Desktop/PROYECTOS/APP/mightyfitness/fitness-backend/vendor/laravel/framework/src/Illuminate/Routing/Route.php(266): Illuminate/Routing/ControllerDispatcher->dispatch(Object(Illuminate/Routing/Route), Object(App/Http/Controllers/API/ClientTagController), 'getClientTags')
#18 C:/Users/hamza/Desktop/PROYECTOS/APP/mightyfitness/fitness-backend/vendor/laravel/framework/src/Illuminate/Routing/Route.php(212): Illuminate/Routing/Route->runController()
#19 C:/Users/hamza/Desktop/PROYECTOS/APP/mightyfitness/fitness-backend/vendor/laravel/framework/src/Illuminate/Routing/Router.php(808): Illuminate/Routing/Route->run()
#20 C:/Users/hamza/Desktop/PROYECTOS/APP/mightyfitness/fitness-backend/vendor/laravel/framework/src/Illuminate/Pipeline/Pipeline.php(170): Illuminate/Routing/Router->Illuminate/Routing/{closure}(Object(Illuminate/Http/Request))
#21 C:/Users/hamza/Desktop/PROYECTOS/APP/mightyfitness/fitness-backend/app/Http/Middleware/AdminApi.php(26): Illuminate/Pipeline/Pipeline->Illuminate/Pipeline/{closure}(Object(Illuminate/Http/Request))
#22 C:/Users/hamza/Desktop/PROYECTOS/APP/mightyfitness/fitness-backend/vendor/laravel/framework/src/Illuminate/Pipeline/Pipeline.php(209): App/Http/Middleware/AdminApi->handle(Object(Illuminate/Http/Request), Object(Closure))
#23 C:/Users/hamza/Desktop/PROYECTOS/APP/mightyfitness/fitness-backend/app/Http/Middleware/API/CheckUserStatus.php(26): Illuminate/Pipeline/Pipeline->Illuminate/Pipeline/{closure}(Object(Illuminate/Http/Request))
#24 C:/Users/hamza/Desktop/PROYECTOS/APP/mightyfitness/fitness-backend/vendor/laravel/framework/src/Illuminate/Pipeline/Pipeline.php(209): App/Http/Middleware/API/CheckUserStatus->handle(Object(Illuminate/Http/Request), Object(Closure))
#25 C:/Users/hamza/Desktop/PROYECTOS/APP/mightyfitness/fitness-backend/vendor/laravel/framework/src/Illuminate/Routing/Middleware/SubstituteBindings.php(51): Illuminate/Pipeline/Pipeline->Illuminate/Pipeline/{closure}(Object(Illuminate/Http/Request))
#26 C:/Users/hamza/Desktop/PROYECTOS/APP/mightyfitness/fitness-backend/vendor/laravel/framework/src/Illuminate/Pipeline/Pipeline.php(209): Illuminate/Routing/Middleware/SubstituteBindings->handle(Object(Illuminate/Http/Request), Object(Closure))
#27 C:/Users/hamza/Desktop/PROYECTOS/APP/mightyfitness/fitness-backend/vendor/laravel/framework/src/Illuminate/Routing/Middleware/ThrottleRequests.php(161): Illuminate/Pipeline/Pipeline->Illuminate/Pipeline/{closure}(Object(Illuminate/Http/Request))
#28 C:/Users/hamza/Desktop/PROYECTOS/APP/mightyfitness/fitness-backend/vendor/laravel/framework/src/Illuminate/Routing/Middleware/ThrottleRequests.php(127): Illuminate/Routing/Middleware/ThrottleRequests->handleRequest(Object(Illuminate/Http/Request), Object(Closure), Array)
#29 C:/Users/hamza/Desktop/PROYECTOS/APP/mightyfitness/fitness-backend/vendor/laravel/framework/src/Illuminate/Routing/Middleware/ThrottleRequests.php(89): Illuminate/Routing/Middleware/ThrottleRequests->handleRequestUsingNamedLimiter(Object(Illuminate/Http/Request), Object(Closure), 'api', Object(Closure))
#30 C:/Users/hamza/Desktop/PROYECTOS/APP/mightyfitness/fitness-backend/vendor/laravel/framework/src/Illuminate/Pipeline/Pipeline.php(209): Illuminate/Routing/Middleware/ThrottleRequests->handle(Object(Illuminate/Http/Request), Object(Closure), 'api')
#31 C:/Users/hamza/Desktop/PROYECTOS/APP/mightyfitness/fitness-backend/vendor/laravel/framework/src/Illuminate/Auth/Middleware/Authenticate.php(64): Illuminate/Pipeline/Pipeline->Illuminate/Pipeline/{closure}(Object(Illuminate/Http/Request))
#32 C:/Users/hamza/Desktop/PROYECTOS/APP/mightyfitness/fitness-backend/vendor/laravel/framework/src/Illuminate/Pipeline/Pipeline.php(209): Illuminate/Auth/Middleware/Authenticate->handle(Object(Illuminate/Http/Request), Object(Closure), 'sanctum')
#33 C:/Users/hamza/Desktop/PROYECTOS/APP/mightyfitness/fitness-backend/vendor/laravel/framework/src/Illuminate/Pipeline/Pipeline.php(127): Illuminate/Pipeline/Pipeline->Illuminate/Pipeline/{closure}(Object(Illuminate/Http/Request))
#34 C:/Users/hamza/Desktop/PROYECTOS/APP/mightyfitness/fitness-backend/vendor/laravel/framework/src/Illuminate/Routing/Router.php(807): Illuminate/Pipeline/Pipeline->then(Object(Closure))
#35 C:/Users/hamza/Desktop/PROYECTOS/APP/mightyfitness/fitness-backend/vendor/laravel/framework/src/Illuminate/Routing/Router.php(786): Illuminate/Routing/Router->runRouteWithinStack(Object(Illuminate/Routing/Route), Object(Illuminate/Http/Request))
#36 C:/Users/hamza/Desktop/PROYECTOS/APP/mightyfitness/fitness-backend/vendor/laravel/framework/src/Illuminate/Routing/Router.php(750): Illuminate/Routing/Router->runRoute(Object(Illuminate/Http/Request), Object(Illuminate/Routing/Route))
#37 C:/Users/hamza/Desktop/PROYECTOS/APP/mightyfitness/fitness-backend/vendor/laravel/framework/src/Illuminate/Routing/Router.php(739): Illuminate/Routing/Router->dispatchToRoute(Object(Illuminate/Http/Request))
#38 C:/Users/hamza/Desktop/PROYECTOS/APP/mightyfitness/fitness-backend/vendor/laravel/framework/src/Illuminate/Foundation/Http/Kernel.php(201): Illuminate/Routing/Router->dispatch(Object(Illuminate/Http/Request))
#39 C:/Users/hamza/Desktop/PROYECTOS/APP/mightyfitness/fitness-backend/vendor/laravel/framework/src/Illuminate/Pipeline/Pipeline.php(170): Illuminate/Foundation/Http/Kernel->Illuminate/Foundation/Http/{closure}(Object(Illuminate/Http/Request))
#40 C:/Users/hamza/Desktop/PROYECTOS/APP/mightyfitness/fitness-backend/vendor/livewire/livewire/src/Features/SupportDisablingBackButtonCache/DisableBackButtonCacheMiddleware.php(19): Illuminate/Pipeline/Pipeline->Illuminate/Pipeline/{closure}(Object(Illuminate/Http/Request))
#41 C:/Users/hamza/Desktop/PROYECTOS/APP/mightyfitness/fitness-backend/vendor/laravel/framework/src/Illuminate/Pipeline/Pipeline.php(209): Livewire/Features/SupportDisablingBackButtonCache/DisableBackButtonCacheMiddleware->handle(Object(Illuminate/Http/Request), Object(Closure))
#42 C:/Users/hamza/Desktop/PROYECTOS/APP/mightyfitness/fitness-backend/vendor/laravel/framework/src/Illuminate/Foundation/Http/Middleware/TransformsRequest.php(21): Illuminate/Pipeline/Pipeline->Illuminate/Pipeline/{closure}(Object(Illuminate/Http/Request))
#43 C:/Users/hamza/Desktop/PROYECTOS/APP/mightyfitness/fitness-backend/vendor/laravel/framework/src/Illuminate/Foundation/Http/Middleware/ConvertEmptyStringsToNull.php(31): Illuminate/Foundation/Http/Middleware/TransformsRequest->handle(Object(Illuminate/Http/Request), Object(Closure))
#44 C:/Users/hamza/Desktop/PROYECTOS/APP/mightyfitness/fitness-backend/vendor/laravel/framework/src/Illuminate/Pipeline/Pipeline.php(209): Illuminate/Foundation/Http/Middleware/ConvertEmptyStringsToNull->handle(Object(Illuminate/Http/Request), Object(Closure))
#45 C:/Users/hamza/Desktop/PROYECTOS/APP/mightyfitness/fitness-backend/vendor/laravel/framework/src/Illuminate/Foundation/Http/Middleware/TransformsRequest.php(21): Illuminate/Pipeline/Pipeline->Illuminate/Pipeline/{closure}(Object(Illuminate/Http/Request))
#46 C:/Users/hamza/Desktop/PROYECTOS/APP/mightyfitness/fitness-backend/vendor/laravel/framework/src/Illuminate/Foundation/Http/Middleware/TrimStrings.php(51): Illuminate/Foundation/Http/Middleware/TransformsRequest->handle(Object(Illuminate/Http/Request), Object(Closure))
#47 C:/Users/hamza/Desktop/PROYECTOS/APP/mightyfitness/fitness-backend/vendor/laravel/framework/src/Illuminate/Pipeline/Pipeline.php(209): Illuminate/Foundation/Http/Middleware/TrimStrings->handle(Object(Illuminate/Http/Request), Object(Closure))
#48 C:/Users/hamza/Desktop/PROYECTOS/APP/mightyfitness/fitness-backend/vendor/laravel/framework/src/Illuminate/Http/Middleware/ValidatePostSize.php(27): Illuminate/Pipeline/Pipeline->Illuminate/Pipeline/{closure}(Object(Illuminate/Http/Request))
#49 C:/Users/hamza/Desktop/PROYECTOS/APP/mightyfitness/fitness-backend/vendor/laravel/framework/src/Illuminate/Pipeline/Pipeline.php(209): Illuminate/Http/Middleware/ValidatePostSize->handle(Object(Illuminate/Http/Request), Object(Closure))
#50 C:/Users/hamza/Desktop/PROYECTOS/APP/mightyfitness/fitness-backend/vendor/laravel/framework/src/Illuminate/Foundation/Http/Middleware/PreventRequestsDuringMaintenance.php(110): Illuminate/Pipeline/Pipeline->Illuminate/Pipeline/{closure}(Object(Illuminate/Http/Request))
#51 C:/Users/hamza/Desktop/PROYECTOS/APP/mightyfitness/fitness-backend/vendor/laravel/framework/src/Illuminate/Pipeline/Pipeline.php(209): Illuminate/Foundation/Http/Middleware/PreventRequestsDuringMaintenance->handle(Object(Illuminate/Http/Request), Object(Closure))
#52 C:/Users/hamza/Desktop/PROYECTOS/APP/mightyfitness/fitness-backend/vendor/laravel/framework/src/Illuminate/Http/Middleware/HandleCors.php(62): Illuminate/Pipeline/Pipeline->Illuminate/Pipeline/{closure}(Object(Illuminate/Http/Request))
#53 C:/Users/hamza/Desktop/PROYECTOS/APP/mightyfitness/fitness-backend/vendor/laravel/framework/src/Illuminate/Pipeline/Pipeline.php(209): Illuminate/Http/Middleware/HandleCors->handle(Object(Illuminate/Http/Request), Object(Closure))
#54 C:/Users/hamza/Desktop/PROYECTOS/APP/mightyfitness/fitness-backend/vendor/laravel/framework/src/Illuminate/Pipeline/Pipeline.php(127): Illuminate/Pipeline/Pipeline->Illuminate/Pipeline/{closure}(Object(Illuminate/Http/Request))
#55 C:/Users/hamza/Desktop/PROYECTOS/APP/mightyfitness/fitness-backend/vendor/laravel/framework/src/Illuminate/Foundation/Http/Kernel.php(176): Illuminate/Pipeline/Pipeline->then(Object(Closure))
#56 C:/Users/hamza/Desktop/PROYECTOS/APP/mightyfitness/fitness-backend/vendor/laravel/framework/src/Illuminate/Foundation/Http/Kernel.php(145): Illuminate/Foundation/Http/Kernel->sendRequestThroughRouter(Object(Illuminate/Http/Request))
#57 C:/Users/hamza/Desktop/PROYECTOS/APP/mightyfitness/fitness-backend/public/index.php(51): Illuminate/Foundation/Http/Kernel->handle(Object(Illuminate/Http/Request))
#58 C:/Users/hamza/Desktop/PROYECTOS/APP/mightyfitness/fitness-backend/server.php(21): require_once('C://Users//hamza//...')
#59 {main}

[previous exception] [object] (PDOException(code: 42S22): SQLSTATE[42S22]: Column not found: 1054 Unknown column 'client_tag_assignments.tag_id' in 'field list' at C:/Users/hamza/Desktop/PROYECTOS/APP/mightyfitness/fitness-backend/vendor/laravel/framework/src/Illuminate/Database/Connection.php:407)
[stacktrace]
#0 C:/Users/hamza/Desktop/PROYECTOS/APP/mightyfitness/fitness-backend/vendor/laravel/framework/src/Illuminate/Database/Connection.php(407): PDO->prepare('select `client_...')
#1 C:/Users/hamza/Desktop/PROYECTOS/APP/mightyfitness/fitness-backend/vendor/laravel/framework/src/Illuminate/Database/Connection.php(812): Illuminate/Database/Connection->Illuminate/Database/{closure}('select `client_...', Array)
#2 C:/Users/hamza/Desktop/PROYECTOS/APP/mightyfitness/fitness-backend/vendor/laravel/framework/src/Illuminate/Database/Connection.php(779): Illuminate/Database/Connection->runQueryCallback('select `client_...', Array, Object(Closure))
#3 C:/Users/hamza/Desktop/PROYECTOS/APP/mightyfitness/fitness-backend/vendor/laravel/framework/src/Illuminate/Database/Connection.php(398): Illuminate/Database/Connection->run('select `client_...', Array, Object(Closure))
#4 C:/Users/hamza/Desktop/PROYECTOS/APP/mightyfitness/fitness-backend/vendor/laravel/framework/src/Illuminate/Database/Query/Builder.php(3106): Illuminate/Database/Connection->select('select `client_...', Array, true)
#5 C:/Users/hamza/Desktop/PROYECTOS/APP/mightyfitness/fitness-backend/vendor/laravel/framework/src/Illuminate/Database/Query/Builder.php(3091): Illuminate/Database/Query/Builder->runSelect()
#6 C:/Users/hamza/Desktop/PROYECTOS/APP/mightyfitness/fitness-backend/vendor/laravel/framework/src/Illuminate/Database/Query/Builder.php(3676): Illuminate/Database/Query/Builder->Illuminate/Database/Query/{closure}()
#7 C:/Users/hamza/Desktop/PROYECTOS/APP/mightyfitness/fitness-backend/vendor/laravel/framework/src/Illuminate/Database/Query/Builder.php(3090): Illuminate/Database/Query/Builder->onceWithColumns(Array, Object(Closure))
#8 C:/Users/hamza/Desktop/PROYECTOS/APP/mightyfitness/fitness-backend/vendor/laravel/framework/src/Illuminate/Database/Eloquent/Builder.php(811): Illuminate/Database/Query/Builder->get(Array)
#9 C:/Users/hamza/Desktop/PROYECTOS/APP/mightyfitness/fitness-backend/vendor/laravel/framework/src/Illuminate/Database/Eloquent/Relations/BelongsToMany.php(887): Illuminate/Database/Eloquent/Builder->getModels()
#10 C:/Users/hamza/Desktop/PROYECTOS/APP/mightyfitness/fitness-backend/vendor/laravel/framework/src/Illuminate/Database/Eloquent/Relations/Relation.php(176): Illuminate/Database/Eloquent/Relations/BelongsToMany->get()
#11 C:/Users/hamza/Desktop/PROYECTOS/APP/mightyfitness/fitness-backend/vendor/laravel/framework/src/Illuminate/Database/Eloquent/Builder.php(859): Illuminate/Database/Eloquent/Relations/Relation->getEager()
#12 C:/Users/hamza/Desktop/PROYECTOS/APP/mightyfitness/fitness-backend/vendor/laravel/framework/src/Illuminate/Database/Eloquent/Builder.php(828): Illuminate/Database/Eloquent/Builder->eagerLoadRelation(Array, 'tags', Object(Closure))
#13 C:/Users/hamza/Desktop/PROYECTOS/APP/mightyfitness/fitness-backend/vendor/laravel/framework/src/Illuminate/Database/Eloquent/Builder.php(794): Illuminate/Database/Eloquent/Builder->eagerLoadRelations(Array)
#14 C:/Users/hamza/Desktop/PROYECTOS/APP/mightyfitness/fitness-backend/vendor/laravel/framework/src/Illuminate/Database/Concerns/BuildsQueries.php(343): Illuminate/Database/Eloquent/Builder->get(Array)
#15 C:/Users/hamza/Desktop/PROYECTOS/APP/mightyfitness/fitness-backend/vendor/laravel/framework/src/Illuminate/Database/Eloquent/Builder.php(477): Illuminate/Database/Eloquent/Builder->first(Array)
#16 C:/Users/hamza/Desktop/PROYECTOS/APP/mightyfitness/fitness-backend/app/Http/Controllers/API/ClientTagController.php(55): Illuminate/Database/Eloquent/Builder->find('8')
#17 C:/Users/hamza/Desktop/PROYECTOS/APP/mightyfitness/fitness-backend/vendor/laravel/framework/src/Illuminate/Routing/Controller.php(54): App/Http/Controllers/API/ClientTagController->getClientTags(Object(Illuminate/Http/Request))
#18 C:/Users/hamza/Desktop/PROYECTOS/APP/mightyfitness/fitness-backend/vendor/laravel/framework/src/Illuminate/Routing/ControllerDispatcher.php(44): Illuminate/Routing/Controller->callAction('getClientTags', Array)
#19 C:/Users/hamza/Desktop/PROYECTOS/APP/mightyfitness/fitness-backend/vendor/laravel/framework/src/Illuminate/Routing/Route.php(266): Illuminate/Routing/ControllerDispatcher->dispatch(Object(Illuminate/Routing/Route), Object(App/Http/Controllers/API/ClientTagController), 'getClientTags')
#20 C:/Users/hamza/Desktop/PROYECTOS/APP/mightyfitness/fitness-backend/vendor/laravel/framework/src/Illuminate/Routing/Route.php(212): Illuminate/Routing/Route->runController()
#21 C:/Users/hamza/Desktop/PROYECTOS/APP/mightyfitness/fitness-backend/vendor/laravel/framework/src/Illuminate/Routing/Router.php(808): Illuminate/Routing/Route->run()
#22 C:/Users/hamza/Desktop/PROYECTOS/APP/mightyfitness/fitness-backend/vendor/laravel/framework/src/Illuminate/Pipeline/Pipeline.php(170): Illuminate/Routing/Router->Illuminate/Routing/{closure}(Object(Illuminate/Http/Request))
#23 C:/Users/hamza/Desktop/PROYECTOS/APP/mightyfitness/fitness-backend/app/Http/Middleware/AdminApi.php(26): Illuminate/Pipeline/Pipeline->Illuminate/Pipeline/{closure}(Object(Illuminate/Http/Request))
#24 C:/Users/hamza/Desktop/PROYECTOS/APP/mightyfitness/fitness-backend/vendor/laravel/framework/src/Illuminate/Pipeline/Pipeline.php(209): App/Http/Middleware/AdminApi->handle(Object(Illuminate/Http/Request), Object(Closure))
#25 C:/Users/hamza/Desktop/PROYECTOS/APP/mightyfitness/fitness-backend/app/Http/Middleware/API/CheckUserStatus.php(26): Illuminate/Pipeline/Pipeline->Illuminate/Pipeline/{closure}(Object(Illuminate/Http/Request))
#26 C:/Users/hamza/Desktop/PROYECTOS/APP/mightyfitness/fitness-backend/vendor/laravel/framework/src/Illuminate/Pipeline/Pipeline.php(209): App/Http/Middleware/API/CheckUserStatus->handle(Object(Illuminate/Http/Request), Object(Closure))
#27 C:/Users/hamza/Desktop/PROYECTOS/APP/mightyfitness/fitness-backend/vendor/laravel/framework/src/Illuminate/Routing/Middleware/SubstituteBindings.php(51): Illuminate/Pipeline/Pipeline->Illuminate/Pipeline/{closure}(Object(Illuminate/Http/Request))
#28 C:/Users/hamza/Desktop/PROYECTOS/APP/mightyfitness/fitness-backend/vendor/laravel/framework/src/Illuminate/Pipeline/Pipeline.php(209): Illuminate/Routing/Middleware/SubstituteBindings->handle(Object(Illuminate/Http/Request), Object(Closure))
#29 C:/Users/hamza/Desktop/PROYECTOS/APP/mightyfitness/fitness-backend/vendor/laravel/framework/src/Illuminate/Routing/Middleware/ThrottleRequests.php(161): Illuminate/Pipeline/Pipeline->Illuminate/Pipeline/{closure}(Object(Illuminate/Http/Request))
#30 C:/Users/hamza/Desktop/PROYECTOS/APP/mightyfitness/fitness-backend/vendor/laravel/framework/src/Illuminate/Routing/Middleware/ThrottleRequests.php(127): Illuminate/Routing/Middleware/ThrottleRequests->handleRequest(Object(Illuminate/Http/Request), Object(Closure), Array)
#31 C:/Users/hamza/Desktop/PROYECTOS/APP/mightyfitness/fitness-backend/vendor/laravel/framework/src/Illuminate/Routing/Middleware/ThrottleRequests.php(89): Illuminate/Routing/Middleware/ThrottleRequests->handleRequestUsingNamedLimiter(Object(Illuminate/Http/Request), Object(Closure), 'api', Object(Closure))
#32 C:/Users/hamza/Desktop/PROYECTOS/APP/mightyfitness/fitness-backend/vendor/laravel/framework/src/Illuminate/Pipeline/Pipeline.php(209): Illuminate/Routing/Middleware/ThrottleRequests->handle(Object(Illuminate/Http/Request), Object(Closure), 'api')
#33 C:/Users/hamza/Desktop/PROYECTOS/APP/mightyfitness/fitness-backend/vendor/laravel/framework/src/Illuminate/Auth/Middleware/Authenticate.php(64): Illuminate/Pipeline/Pipeline->Illuminate/Pipeline/{closure}(Object(Illuminate/Http/Request))
#34 C:/Users/hamza/Desktop/PROYECTOS/APP/mightyfitness/fitness-backend/vendor/laravel/framework/src/Illuminate/Pipeline/Pipeline.php(209): Illuminate/Auth/Middleware/Authenticate->handle(Object(Illuminate/Http/Request), Object(Closure), 'sanctum')
#35 C:/Users/hamza/Desktop/PROYECTOS/APP/mightyfitness/fitness-backend/vendor/laravel/framework/src/Illuminate/Pipeline/Pipeline.php(127): Illuminate/Pipeline/Pipeline->Illuminate/Pipeline/{closure}(Object(Illuminate/Http/Request))
#36 C:/Users/hamza/Desktop/PROYECTOS/APP/mightyfitness/fitness-backend/vendor/laravel/framework/src/Illuminate/Routing/Router.php(807): Illuminate/Pipeline/Pipeline->then(Object(Closure))
#37 C:/Users/hamza/Desktop/PROYECTOS/APP/mightyfitness/fitness-backend/vendor/laravel/framework/src/Illuminate/Routing/Router.php(786): Illuminate/Routing/Router->runRouteWithinStack(Object(Illuminate/Routing/Route), Object(Illuminate/Http/Request))
#38 C:/Users/hamza/Desktop/PROYECTOS/APP/mightyfitness/fitness-backend/vendor/laravel/framework/src/Illuminate/Routing/Router.php(750): Illuminate/Routing/Router->runRoute(Object(Illuminate/Http/Request), Object(Illuminate/Routing/Route))
#39 C:/Users/hamza/Desktop/PROYECTOS/APP/mightyfitness/fitness-backend/vendor/laravel/framework/src/Illuminate/Routing/Router.php(739): Illuminate/Routing/Router->dispatchToRoute(Object(Illuminate/Http/Request))
#40 C:/Users/hamza/Desktop/PROYECTOS/APP/mightyfitness/fitness-backend/vendor/laravel/framework/src/Illuminate/Foundation/Http/Kernel.php(201): Illuminate/Routing/Router->dispatch(Object(Illuminate/Http/Request))
#41 C:/Users/hamza/Desktop/PROYECTOS/APP/mightyfitness/fitness-backend/vendor/laravel/framework/src/Illuminate/Pipeline/Pipeline.php(170): Illuminate/Foundation/Http/Kernel->Illuminate/Foundation/Http/{closure}(Object(Illuminate/Http/Request))
#42 C:/Users/hamza/Desktop/PROYECTOS/APP/mightyfitness/fitness-backend/vendor/livewire/livewire/src/Features/SupportDisablingBackButtonCache/DisableBackButtonCacheMiddleware.php(19): Illuminate/Pipeline/Pipeline->Illuminate/Pipeline/{closure}(Object(Illuminate/Http/Request))
#43 C:/Users/hamza/Desktop/PROYECTOS/APP/mightyfitness/fitness-backend/vendor/laravel/framework/src/Illuminate/Pipeline/Pipeline.php(209): Livewire/Features/SupportDisablingBackButtonCache/DisableBackButtonCacheMiddleware->handle(Object(Illuminate/Http/Request), Object(Closure))
#44 C:/Users/hamza/Desktop/PROYECTOS/APP/mightyfitness/fitness-backend/vendor/laravel/framework/src/Illuminate/Foundation/Http/Middleware/TransformsRequest.php(21): Illuminate/Pipeline/Pipeline->Illuminate/Pipeline/{closure}(Object(Illuminate/Http/Request))
#45 C:/Users/hamza/Desktop/PROYECTOS/APP/mightyfitness/fitness-backend/vendor/laravel/framework/src/Illuminate/Foundation/Http/Middleware/ConvertEmptyStringsToNull.php(31): Illuminate/Foundation/Http/Middleware/TransformsRequest->handle(Object(Illuminate/Http/Request), Object(Closure))
#46 C:/Users/hamza/Desktop/PROYECTOS/APP/mightyfitness/fitness-backend/vendor/laravel/framework/src/Illuminate/Pipeline/Pipeline.php(209): Illuminate/Foundation/Http/Middleware/ConvertEmptyStringsToNull->handle(Object(Illuminate/Http/Request), Object(Closure))
#47 C:/Users/hamza/Desktop/PROYECTOS/APP/mightyfitness/fitness-backend/vendor/laravel/framework/src/Illuminate/Foundation/Http/Middleware/TransformsRequest.php(21): Illuminate/Pipeline/Pipeline->Illuminate/Pipeline/{closure}(Object(Illuminate/Http/Request))
#48 C:/Users/hamza/Desktop/PROYECTOS/APP/mightyfitness/fitness-backend/vendor/laravel/framework/src/Illuminate/Foundation/Http/Middleware/TrimStrings.php(51): Illuminate/Foundation/Http/Middleware/TransformsRequest->handle(Object(Illuminate/Http/Request), Object(Closure))
#49 C:/Users/hamza/Desktop/PROYECTOS/APP/mightyfitness/fitness-backend/vendor/laravel/framework/src/Illuminate/Pipeline/Pipeline.php(209): Illuminate/Foundation/Http/Middleware/TrimStrings->handle(Object(Illuminate/Http/Request), Object(Closure))
#50 C:/Users/hamza/Desktop/PROYECTOS/APP/mightyfitness/fitness-backend/vendor/laravel/framework/src/Illuminate/Http/Middleware/ValidatePostSize.php(27): Illuminate/Pipeline/Pipeline->Illuminate/Pipeline/{closure}(Object(Illuminate/Http/Request))
#51 C:/Users/hamza/Desktop/PROYECTOS/APP/mightyfitness/fitness-backend/vendor/laravel/framework/src/Illuminate/Pipeline/Pipeline.php(209): Illuminate/Http/Middleware/ValidatePostSize->handle(Object(Illuminate/Http/Request), Object(Closure))
#52 C:/Users/hamza/Desktop/PROYECTOS/APP/mightyfitness/fitness-backend/vendor/laravel/framework/src/Illuminate/Foundation/Http/Middleware/PreventRequestsDuringMaintenance.php(110): Illuminate/Pipeline/Pipeline->Illuminate/Pipeline/{closure}(Object(Illuminate/Http/Request))
#53 C:/Users/hamza/Desktop/PROYECTOS/APP/mightyfitness/fitness-backend/vendor/laravel/framework/src/Illuminate/Pipeline/Pipeline.php(209): Illuminate/Foundation/Http/Middleware/PreventRequestsDuringMaintenance->handle(Object(Illuminate/Http/Request), Object(Closure))
#54 C:/Users/hamza/Desktop/PROYECTOS/APP/mightyfitness/fitness-backend/vendor/laravel/framework/src/Illuminate/Http/Middleware/HandleCors.php(62): Illuminate/Pipeline/Pipeline->Illuminate/Pipeline/{closure}(Object(Illuminate/Http/Request))
#55 C:/Users/hamza/Desktop/PROYECTOS/APP/mightyfitness/fitness-backend/vendor/laravel/framework/src/Illuminate/Pipeline/Pipeline.php(209): Illuminate/Http/Middleware/HandleCors->handle(Object(Illuminate/Http/Request), Object(Closure))
#56 C:/Users/hamza/Desktop/PROYECTOS/APP/mightyfitness/fitness-backend/vendor/laravel/framework/src/Illuminate/Pipeline/Pipeline.php(127): Illuminate/Pipeline/Pipeline->Illuminate/Pipeline/{closure}(Object(Illuminate/Http/Request))
#57 C:/Users/hamza/Desktop/PROYECTOS/APP/mightyfitness/fitness-backend/vendor/laravel/framework/src/Illuminate/Foundation/Http/Kernel.php(176): Illuminate/Pipeline/Pipeline->then(Object(Closure))
#58 C:/Users/hamza/Desktop/PROYECTOS/APP/mightyfitness/fitness-backend/vendor/laravel/framework/src/Illuminate/Foundation/Http/Kernel.php(145): Illuminate/Foundation/Http/Kernel->sendRequestThroughRouter(Object(Illuminate/Http/Request))
#59 C:/Users/hamza/Desktop/PROYECTOS/APP/mightyfitness/fitness-backend/public/index.php(51): Illuminate/Foundation/Http/Kernel->handle(Object(Illuminate/Http/Request))
#60 C:/Users/hamza/Desktop/PROYECTOS/APP/mightyfitness/fitness-backend/server.php(21): require_once('C://Users//hamza//...')
#61 {main}
"} 
[2026-08-06 13:26:19] local.ERROR: SQLSTATE[42S22]: Column not found: 1054 Unknown column 'client_tag_assignments.tag_id' in 'field list' (Connection: mysql, SQL: select `client_tags`.*, `client_tag_assignments`.`client_id` as `pivot_client_id`, `client_tag_assignments`.`tag_id` as `pivot_tag_id` from `client_tags` inner join `client_tag_assignments` on `client_tags`.`id` = `client_tag_assignments`.`tag_id` where `client_tag_assignments`.`client_id` in (8)) {"userId":2,"exception":"[object] (Illuminate\\Database\\QueryException(code: 42S22): SQLSTATE[42S22]: Column not found: 1054 Unknown column 'client_tag_assignments.tag_id' in 'field list' (Connection: mysql, SQL: select `client_tags`.*, `client_tag_assignments`.`client_id` as `pivot_client_id`, `client_tag_assignments`.`tag_id` as `pivot_tag_id` from `client_tags` inner join `client_tag_assignments` on `client_tags`.`id` = `client_tag_assignments`.`tag_id` where `client_tag_assignments`.`client_id` in (8)) at C:/Users/hamza/Desktop/PROYECTOS/APP/mightyfitness/fitness-backend/vendor/laravel/framework/src/Illuminate/Database/Connection.php:825)
[stacktrace]
#0 C:/Users/hamza/Desktop/PROYECTOS/APP/mightyfitness/fitness-backend/vendor/laravel/framework/src/Illuminate/Database/Connection.php(779): Illuminate/Database/Connection->runQueryCallback('select `client_...', Array, Object(Closure))
#1 C:/Users/hamza/Desktop/PROYECTOS/APP/mightyfitness/fitness-backend/vendor/laravel/framework/src/Illuminate/Database/Connection.php(398): Illuminate/Database/Connection->run('select `client_...', Array, Object(Closure))
#2 C:/Users/hamza/Desktop/PROYECTOS/APP/mightyfitness/fitness-backend/vendor/laravel/framework/src/Illuminate/Database/Query/Builder.php(3106): Illuminate/Database/Connection->select('select `client_...', Array, true)
#3 C:/Users/hamza/Desktop/PROYECTOS/APP/mightyfitness/fitness-backend/vendor/laravel/framework/src/Illuminate/Database/Query/Builder.php(3091): Illuminate/Database/Query/Builder->runSelect()
#4 C:/Users/hamza/Desktop/PROYECTOS/APP/mightyfitness/fitness-backend/vendor/laravel/framework/src/Illuminate/Database/Query/Builder.php(3676): Illuminate/Database/Query/Builder->Illuminate/Database/Query/{closure}()
#5 C:/Users/hamza/Desktop/PROYECTOS/APP/mightyfitness/fitness-backend/vendor/laravel/framework/src/Illuminate/Database/Query/Builder.php(3090): Illuminate/Database/Query/Builder->onceWithColumns(Array, Object(Closure))
#6 C:/Users/hamza/Desktop/PROYECTOS/APP/mightyfitness/fitness-backend/vendor/laravel/framework/src/Illuminate/Database/Eloquent/Builder.php(811): Illuminate/Database/Query/Builder->get(Array)
#7 C:/Users/hamza/Desktop/PROYECTOS/APP/mightyfitness/fitness-backend/vendor/laravel/framework/src/Illuminate/Database/Eloquent/Relations/BelongsToMany.php(887): Illuminate/Database/Eloquent/Builder->getModels()
#8 C:/Users/hamza/Desktop/PROYECTOS/APP/mightyfitness/fitness-backend/vendor/laravel/framework/src/Illuminate/Database/Eloquent/Relations/Relation.php(176): Illuminate/Database/Eloquent/Relations/BelongsToMany->get()
#9 C:/Users/hamza/Desktop/PROYECTOS/APP/mightyfitness/fitness-backend/vendor/laravel/framework/src/Illuminate/Database/Eloquent/Builder.php(859): Illuminate/Database/Eloquent/Relations/Relation->getEager()
#10 C:/Users/hamza/Desktop/PROYECTOS/APP/mightyfitness/fitness-backend/vendor/laravel/framework/src/Illuminate/Database/Eloquent/Builder.php(828): Illuminate/Database/Eloquent/Builder->eagerLoadRelation(Array, 'tags', Object(Closure))
#11 C:/Users/hamza/Desktop/PROYECTOS/APP/mightyfitness/fitness-backend/vendor/laravel/framework/src/Illuminate/Database/Eloquent/Builder.php(794): Illuminate/Database/Eloquent/Builder->eagerLoadRelations(Array)
#12 C:/Users/hamza/Desktop/PROYECTOS/APP/mightyfitness/fitness-backend/vendor/laravel/framework/src/Illuminate/Database/Concerns/BuildsQueries.php(343): Illuminate/Database/Eloquent/Builder->get(Array)
#13 C:/Users/hamza/Desktop/PROYECTOS/APP/mightyfitness/fitness-backend/vendor/laravel/framework/src/Illuminate/Database/Eloquent/Builder.php(477): Illuminate/Database/Eloquent/Builder->first(Array)
#14 C:/Users/hamza/Desktop/PROYECTOS/APP/mightyfitness/fitness-backend/app/Http/Controllers/API/ClientTagController.php(55): Illuminate/Database/Eloquent/Builder->find('8')
#15 C:/Users/hamza/Desktop/PROYECTOS/APP/mightyfitness/fitness-backend/vendor/laravel/framework/src/Illuminate/Routing/Controller.php(54): App/Http/Controllers/API/ClientTagController->getClientTags(Object(Illuminate/Http/Request))
#16 C:/Users/hamza/Desktop/PROYECTOS/APP/mightyfitness/fitness-backend/vendor/laravel/framework/src/Illuminate/Routing/ControllerDispatcher.php(44): Illuminate/Routing/Controller->callAction('getClientTags', Array)
#17 C:/Users/hamza/Desktop/PROYECTOS/APP/mightyfitness/fitness-backend/vendor/laravel/framework/src/Illuminate/Routing/Route.php(266): Illuminate/Routing/ControllerDispatcher->dispatch(Object(Illuminate/Routing/Route), Object(App/Http/Controllers/API/ClientTagController), 'getClientTags')
#18 C:/Users/hamza/Desktop/PROYECTOS/APP/mightyfitness/fitness-backend/vendor/laravel/framework/src/Illuminate/Routing/Route.php(212): Illuminate/Routing/Route->runController()
#19 C:/Users/hamza/Desktop/PROYECTOS/APP/mightyfitness/fitness-backend/vendor/laravel/framework/src/Illuminate/Routing/Router.php(808): Illuminate/Routing/Route->run()
#20 C:/Users/hamza/Desktop/PROYECTOS/APP/mightyfitness/fitness-backend/vendor/laravel/framework/src/Illuminate/Pipeline/Pipeline.php(170): Illuminate/Routing/Router->Illuminate/Routing/{closure}(Object(Illuminate/Http/Request))
#21 C:/Users/hamza/Desktop/PROYECTOS/APP/mightyfitness/fitness-backend/app/Http/Middleware/AdminApi.php(26): Illuminate/Pipeline/Pipeline->Illuminate/Pipeline/{closure}(Object(Illuminate/Http/Request))
#22 C:/Users/hamza/Desktop/PROYECTOS/APP/mightyfitness/fitness-backend/vendor/laravel/framework/src/Illuminate/Pipeline/Pipeline.php(209): App/Http/Middleware/AdminApi->handle(Object(Illuminate/Http/Request), Object(Closure))
#23 C:/Users/hamza/Desktop/PROYECTOS/APP/mightyfitness/fitness-backend/app/Http/Middleware/API/CheckUserStatus.php(26): Illuminate/Pipeline/Pipeline->Illuminate/Pipeline/{closure}(Object(Illuminate/Http/Request))
#24 C:/Users/hamza/Desktop/PROYECTOS/APP/mightyfitness/fitness-backend/vendor/laravel/framework/src/Illuminate/Pipeline/Pipeline.php(209): App/Http/Middleware/API/CheckUserStatus->handle(Object(Illuminate/Http/Request), Object(Closure))
#25 C:/Users/hamza/Desktop/PROYECTOS/APP/mightyfitness/fitness-backend/vendor/laravel/framework/src/Illuminate/Routing/Middleware/SubstituteBindings.php(51): Illuminate/Pipeline/Pipeline->Illuminate/Pipeline/{closure}(Object(Illuminate/Http/Request))
#26 C:/Users/hamza/Desktop/PROYECTOS/APP/mightyfitness/fitness-backend/vendor/laravel/framework/src/Illuminate/Pipeline/Pipeline.php(209): Illuminate/Routing/Middleware/SubstituteBindings->handle(Object(Illuminate/Http/Request), Object(Closure))
#27 C:/Users/hamza/Desktop/PROYECTOS/APP/mightyfitness/fitness-backend/vendor/laravel/framework/src/Illuminate/Routing/Middleware/ThrottleRequests.php(161): Illuminate/Pipeline/Pipeline->Illuminate/Pipeline/{closure}(Object(Illuminate/Http/Request))
#28 C:/Users/hamza/Desktop/PROYECTOS/APP/mightyfitness/fitness-backend/vendor/laravel/framework/src/Illuminate/Routing/Middleware/ThrottleRequests.php(127): Illuminate/Routing/Middleware/ThrottleRequests->handleRequest(Object(Illuminate/Http/Request), Object(Closure), Array)
#29 C:/Users/hamza/Desktop/PROYECTOS/APP/mightyfitness/fitness-backend/vendor/laravel/framework/src/Illuminate/Routing/Middleware/ThrottleRequests.php(89): Illuminate/Routing/Middleware/ThrottleRequests->handleRequestUsingNamedLimiter(Object(Illuminate/Http/Request), Object(Closure), 'api', Object(Closure))
#30 C:/Users/hamza/Desktop/PROYECTOS/APP/mightyfitness/fitness-backend/vendor/laravel/framework/src/Illuminate/Pipeline/Pipeline.php(209): Illuminate/Routing/Middleware/ThrottleRequests->handle(Object(Illuminate/Http/Request), Object(Closure), 'api')
#31 C:/Users/hamza/Desktop/PROYECTOS/APP/mightyfitness/fitness-backend/vendor/laravel/framework/src/Illuminate/Auth/Middleware/Authenticate.php(64): Illuminate/Pipeline/Pipeline->Illuminate/Pipeline/{closure}(Object(Illuminate/Http/Request))
#32 C:/Users/hamza/Desktop/PROYECTOS/APP/mightyfitness/fitness-backend/vendor/laravel/framework/src/Illuminate/Pipeline/Pipeline.php(209): Illuminate/Auth/Middleware/Authenticate->handle(Object(Illuminate/Http/Request), Object(Closure), 'sanctum')
#33 C:/Users/hamza/Desktop/PROYECTOS/APP/mightyfitness/fitness-backend/vendor/laravel/framework/src/Illuminate/Pipeline/Pipeline.php(127): Illuminate/Pipeline/Pipeline->Illuminate/Pipeline/{closure}(Object(Illuminate/Http/Request))
#34 C:/Users/hamza/Desktop/PROYECTOS/APP/mightyfitness/fitness-backend/vendor/laravel/framework/src/Illuminate/Routing/Router.php(807): Illuminate/Pipeline/Pipeline->then(Object(Closure))
#35 C:/Users/hamza/Desktop/PROYECTOS/APP/mightyfitness/fitness-backend/vendor/laravel/framework/src/Illuminate/Routing/Router.php(786): Illuminate/Routing/Router->runRouteWithinStack(Object(Illuminate/Routing/Route), Object(Illuminate/Http/Request))
#36 C:/Users/hamza/Desktop/PROYECTOS/APP/mightyfitness/fitness-backend/vendor/laravel/framework/src/Illuminate/Routing/Router.php(750): Illuminate/Routing/Router->runRoute(Object(Illuminate/Http/Request), Object(Illuminate/Routing/Route))
#37 C:/Users/hamza/Desktop/PROYECTOS/APP/mightyfitness/fitness-backend/vendor/laravel/framework/src/Illuminate/Routing/Router.php(739): Illuminate/Routing/Router->dispatchToRoute(Object(Illuminate/Http/Request))
#38 C:/Users/hamza/Desktop/PROYECTOS/APP/mightyfitness/fitness-backend/vendor/laravel/framework/src/Illuminate/Foundation/Http/Kernel.php(201): Illuminate/Routing/Router->dispatch(Object(Illuminate/Http/Request))
#39 C:/Users/hamza/Desktop/PROYECTOS/APP/mightyfitness/fitness-backend/vendor/laravel/framework/src/Illuminate/Pipeline/Pipeline.php(170): Illuminate/Foundation/Http/Kernel->Illuminate/Foundation/Http/{closure}(Object(Illuminate/Http/Request))
#40 C:/Users/hamza/Desktop/PROYECTOS/APP/mightyfitness/fitness-backend/vendor/livewire/livewire/src/Features/SupportDisablingBackButtonCache/DisableBackButtonCacheMiddleware.php(19): Illuminate/Pipeline/Pipeline->Illuminate/Pipeline/{closure}(Object(Illuminate/Http/Request))
#41 C:/Users/hamza/Desktop/PROYECTOS/APP/mightyfitness/fitness-backend/vendor/laravel/framework/src/Illuminate/Pipeline/Pipeline.php(209): Livewire/Features/SupportDisablingBackButtonCache/DisableBackButtonCacheMiddleware->handle(Object(Illuminate/Http/Request), Object(Closure))
#42 C:/Users/hamza/Desktop/PROYECTOS/APP/mightyfitness/fitness-backend/vendor/laravel/framework/src/Illuminate/Foundation/Http/Middleware/TransformsRequest.php(21): Illuminate/Pipeline/Pipeline->Illuminate/Pipeline/{closure}(Object(Illuminate/Http/Request))
#43 C:/Users/hamza/Desktop/PROYECTOS/APP/mightyfitness/fitness-backend/vendor/laravel/framework/src/Illuminate/Foundation/Http/Middleware/ConvertEmptyStringsToNull.php(31): Illuminate/Foundation/Http/Middleware/TransformsRequest->handle(Object(Illuminate/Http/Request), Object(Closure))
#44 C:/Users/hamza/Desktop/PROYECTOS/APP/mightyfitness/fitness-backend/vendor/laravel/framework/src/Illuminate/Pipeline/Pipeline.php(209): Illuminate/Foundation/Http/Middleware/ConvertEmptyStringsToNull->handle(Object(Illuminate/Http/Request), Object(Closure))
#45 C:/Users/hamza/Desktop/PROYECTOS/APP/mightyfitness/fitness-backend/vendor/laravel/framework/src/Illuminate/Foundation/Http/Middleware/TransformsRequest.php(21): Illuminate/Pipeline/Pipeline->Illuminate/Pipeline/{closure}(Object(Illuminate/Http/Request))
#46 C:/Users/hamza/Desktop/PROYECTOS/APP/mightyfitness/fitness-backend/vendor/laravel/framework/src/Illuminate/Foundation/Http/Middleware/TrimStrings.php(51): Illuminate/Foundation/Http/Middleware/TransformsRequest->handle(Object(Illuminate/Http/Request), Object(Closure))
#47 C:/Users/hamza/Desktop/PROYECTOS/APP/mightyfitness/fitness-backend/vendor/laravel/framework/src/Illuminate/Pipeline/Pipeline.php(209): Illuminate/Foundation/Http/Middleware/TrimStrings->handle(Object(Illuminate/Http/Request), Object(Closure))
#48 C:/Users/hamza/Desktop/PROYECTOS/APP/mightyfitness/fitness-backend/vendor/laravel/framework/src/Illuminate/Http/Middleware/ValidatePostSize.php(27): Illuminate/Pipeline/Pipeline->Illuminate/Pipeline/{closure}(Object(Illuminate/Http/Request))
#49 C:/Users/hamza/Desktop/PROYECTOS/APP/mightyfitness/fitness-backend/vendor/laravel/framework/src/Illuminate/Pipeline/Pipeline.php(209): Illuminate/Http/Middleware/ValidatePostSize->handle(Object(Illuminate/Http/Request), Object(Closure))
#50 C:/Users/hamza/Desktop/PROYECTOS/APP/mightyfitness/fitness-backend/vendor/laravel/framework/src/Illuminate/Foundation/Http/Middleware/PreventRequestsDuringMaintenance.php(110): Illuminate/Pipeline/Pipeline->Illuminate/Pipeline/{closure}(Object(Illuminate/Http/Request))
#51 C:/Users/hamza/Desktop/PROYECTOS/APP/mightyfitness/fitness-backend/vendor/laravel/framework/src/Illuminate/Pipeline/Pipeline.php(209): Illuminate/Foundation/Http/Middleware/PreventRequestsDuringMaintenance->handle(Object(Illuminate/Http/Request), Object(Closure))
#52 C:/Users/hamza/Desktop/PROYECTOS/APP/mightyfitness/fitness-backend/vendor/laravel/framework/src/Illuminate/Http/Middleware/HandleCors.php(62): Illuminate/Pipeline/Pipeline->Illuminate/Pipeline/{closure}(Object(Illuminate/Http/Request))
#53 C:/Users/hamza/Desktop/PROYECTOS/APP/mightyfitness/fitness-backend/vendor/laravel/framework/src/Illuminate/Pipeline/Pipeline.php(209): Illuminate/Http/Middleware/HandleCors->handle(Object(Illuminate/Http/Request), Object(Closure))
#54 C:/Users/hamza/Desktop/PROYECTOS/APP/mightyfitness/fitness-backend/vendor/laravel/framework/src/Illuminate/Pipeline/Pipeline.php(127): Illuminate/Pipeline/Pipeline->Illuminate/Pipeline/{closure}(Object(Illuminate/Http/Request))
#55 C:/Users/hamza/Desktop/PROYECTOS/APP/mightyfitness/fitness-backend/vendor/laravel/framework/src/Illuminate/Foundation/Http/Kernel.php(176): Illuminate/Pipeline/Pipeline->then(Object(Closure))
#56 C:/Users/hamza/Desktop/PROYECTOS/APP/mightyfitness/fitness-backend/vendor/laravel/framework/src/Illuminate/Foundation/Http/Kernel.php(145): Illuminate/Foundation/Http/Kernel->sendRequestThroughRouter(Object(Illuminate/Http/Request))
#57 C:/Users/hamza/Desktop/PROYECTOS/APP/mightyfitness/fitness-backend/public/index.php(51): Illuminate/Foundation/Http/Kernel->handle(Object(Illuminate/Http/Request))
#58 C:/Users/hamza/Desktop/PROYECTOS/APP/mightyfitness/fitness-backend/server.php(21): require_once('C://Users//hamza//...')
#59 {main}

[previous exception] [object] (PDOException(code: 42S22): SQLSTATE[42S22]: Column not found: 1054 Unknown column 'client_tag_assignments.tag_id' in 'field list' at C:/Users/hamza/Desktop/PROYECTOS/APP/mightyfitness/fitness-backend/vendor/laravel/framework/src/Illuminate/Database/Connection.php:407)
[stacktrace]
#0 C:/Users/hamza/Desktop/PROYECTOS/APP/mightyfitness/fitness-backend/vendor/laravel/framework/src/Illuminate/Database/Connection.php(407): PDO->prepare('select `client_...')
#1 C:/Users/hamza/Desktop/PROYECTOS/APP/mightyfitness/fitness-backend/vendor/laravel/framework/src/Illuminate/Database/Connection.php(812): Illuminate/Database/Connection->Illuminate/Database/{closure}('select `client_...', Array)
#2 C:/Users/hamza/Desktop/PROYECTOS/APP/mightyfitness/fitness-backend/vendor/laravel/framework/src/Illuminate/Database/Connection.php(779): Illuminate/Database/Connection->runQueryCallback('select `client_...', Array, Object(Closure))
#3 C:/Users/hamza/Desktop/PROYECTOS/APP/mightyfitness/fitness-backend/vendor/laravel/framework/src/Illuminate/Database/Connection.php(398): Illuminate/Database/Connection->run('select `client_...', Array, Object(Closure))
#4 C:/Users/hamza/Desktop/PROYECTOS/APP/mightyfitness/fitness-backend/vendor/laravel/framework/src/Illuminate/Database/Query/Builder.php(3106): Illuminate/Database/Connection->select('select `client_...', Array, true)
#5 C:/Users/hamza/Desktop/PROYECTOS/APP/mightyfitness/fitness-backend/vendor/laravel/framework/src/Illuminate/Database/Query/Builder.php(3091): Illuminate/Database/Query/Builder->runSelect()
#6 C:/Users/hamza/Desktop/PROYECTOS/APP/mightyfitness/fitness-backend/vendor/laravel/framework/src/Illuminate/Database/Query/Builder.php(3676): Illuminate/Database/Query/Builder->Illuminate/Database/Query/{closure}()
#7 C:/Users/hamza/Desktop/PROYECTOS/APP/mightyfitness/fitness-backend/vendor/laravel/framework/src/Illuminate/Database/Query/Builder.php(3090): Illuminate/Database/Query/Builder->onceWithColumns(Array, Object(Closure))
#8 C:/Users/hamza/Desktop/PROYECTOS/APP/mightyfitness/fitness-backend/vendor/laravel/framework/src/Illuminate/Database/Eloquent/Builder.php(811): Illuminate/Database/Query/Builder->get(Array)
#9 C:/Users/hamza/Desktop/PROYECTOS/APP/mightyfitness/fitness-backend/vendor/laravel/framework/src/Illuminate/Database/Eloquent/Relations/BelongsToMany.php(887): Illuminate/Database/Eloquent/Builder->getModels()
#10 C:/Users/hamza/Desktop/PROYECTOS/APP/mightyfitness/fitness-backend/vendor/laravel/framework/src/Illuminate/Database/Eloquent/Relations/Relation.php(176): Illuminate/Database/Eloquent/Relations/BelongsToMany->get()
#11 C:/Users/hamza/Desktop/PROYECTOS/APP/mightyfitness/fitness-backend/vendor/laravel/framework/src/Illuminate/Database/Eloquent/Builder.php(859): Illuminate/Database/Eloquent/Relations/Relation->getEager()
#12 C:/Users/hamza/Desktop/PROYECTOS/APP/mightyfitness/fitness-backend/vendor/laravel/framework/src/Illuminate/Database/Eloquent/Builder.php(828): Illuminate/Database/Eloquent/Builder->eagerLoadRelation(Array, 'tags', Object(Closure))
#13 C:/Users/hamza/Desktop/PROYECTOS/APP/mightyfitness/fitness-backend/vendor/laravel/framework/src/Illuminate/Database/Eloquent/Builder.php(794): Illuminate/Database/Eloquent/Builder->eagerLoadRelations(Array)
#14 C:/Users/hamza/Desktop/PROYECTOS/APP/mightyfitness/fitness-backend/vendor/laravel/framework/src/Illuminate/Database/Concerns/BuildsQueries.php(343): Illuminate/Database/Eloquent/Builder->get(Array)
#15 C:/Users/hamza/Desktop/PROYECTOS/APP/mightyfitness/fitness-backend/vendor/laravel/framework/src/Illuminate/Database/Eloquent/Builder.php(477): Illuminate/Database/Eloquent/Builder->first(Array)
#16 C:/Users/hamza/Desktop/PROYECTOS/APP/mightyfitness/fitness-backend/app/Http/Controllers/API/ClientTagController.php(55): Illuminate/Database/Eloquent/Builder->find('8')
#17 C:/Users/hamza/Desktop/PROYECTOS/APP/mightyfitness/fitness-backend/vendor/laravel/framework/src/Illuminate/Routing/Controller.php(54): App/Http/Controllers/API/ClientTagController->getClientTags(Object(Illuminate/Http/Request))
#18 C:/Users/hamza/Desktop/PROYECTOS/APP/mightyfitness/fitness-backend/vendor/laravel/framework/src/Illuminate/Routing/ControllerDispatcher.php(44): Illuminate/Routing/Controller->callAction('getClientTags', Array)
#19 C:/Users/hamza/Desktop/PROYECTOS/APP/mightyfitness/fitness-backend/vendor/laravel/framework/src/Illuminate/Routing/Route.php(266): Illuminate/Routing/ControllerDispatcher->dispatch(Object(Illuminate/Routing/Route), Object(App/Http/Controllers/API/ClientTagController), 'getClientTags')
#20 C:/Users/hamza/Desktop/PROYECTOS/APP/mightyfitness/fitness-backend/vendor/laravel/framework/src/Illuminate/Routing/Route.php(212): Illuminate/Routing/Route->runController()
#21 C:/Users/hamza/Desktop/PROYECTOS/APP/mightyfitness/fitness-backend/vendor/laravel/framework/src/Illuminate/Routing/Router.php(808): Illuminate/Routing/Route->run()
#22 C:/Users/hamza/Desktop/PROYECTOS/APP/mightyfitness/fitness-backend/vendor/laravel/framework/src/Illuminate/Pipeline/Pipeline.php(170): Illuminate/Routing/Router->Illuminate/Routing/{closure}(Object(Illuminate/Http/Request))
#23 C:/Users/hamza/Desktop/PROYECTOS/APP/mightyfitness/fitness-backend/app/Http/Middleware/AdminApi.php(26): Illuminate/Pipeline/Pipeline->Illuminate/Pipeline/{closure}(Object(Illuminate/Http/Request))
#24 C:/Users/hamza/Desktop/PROYECTOS/APP/mightyfitness/fitness-backend/vendor/laravel/framework/src/Illuminate/Pipeline/Pipeline.php(209): App/Http/Middleware/AdminApi->handle(Object(Illuminate/Http/Request), Object(Closure))
#25 C:/Users/hamza/Desktop/PROYECTOS/APP/mightyfitness/fitness-backend/app/Http/Middleware/API/CheckUserStatus.php(26): Illuminate/Pipeline/Pipeline->Illuminate/Pipeline/{closure}(Object(Illuminate/Http/Request))
#26 C:/Users/hamza/Desktop/PROYECTOS/APP/mightyfitness/fitness-backend/vendor/laravel/framework/src/Illuminate/Pipeline/Pipeline.php(209): App/Http/Middleware/API/CheckUserStatus->handle(Object(Illuminate/Http/Request), Object(Closure))
#27 C:/Users/hamza/Desktop/PROYECTOS/APP/mightyfitness/fitness-backend/vendor/laravel/framework/src/Illuminate/Routing/Middleware/SubstituteBindings.php(51): Illuminate/Pipeline/Pipeline->Illuminate/Pipeline/{closure}(Object(Illuminate/Http/Request))
#28 C:/Users/hamza/Desktop/PROYECTOS/APP/mightyfitness/fitness-backend/vendor/laravel/framework/src/Illuminate/Pipeline/Pipeline.php(209): Illuminate/Routing/Middleware/SubstituteBindings->handle(Object(Illuminate/Http/Request), Object(Closure))
#29 C:/Users/hamza/Desktop/PROYECTOS/APP/mightyfitness/fitness-backend/vendor/laravel/framework/src/Illuminate/Routing/Middleware/ThrottleRequests.php(161): Illuminate/Pipeline/Pipeline->Illuminate/Pipeline/{closure}(Object(Illuminate/Http/Request))
#30 C:/Users/hamza/Desktop/PROYECTOS/APP/mightyfitness/fitness-backend/vendor/laravel/framework/src/Illuminate/Routing/Middleware/ThrottleRequests.php(127): Illuminate/Routing/Middleware/ThrottleRequests->handleRequest(Object(Illuminate/Http/Request), Object(Closure), Array)
#31 C:/Users/hamza/Desktop/PROYECTOS/APP/mightyfitness/fitness-backend/vendor/laravel/framework/src/Illuminate/Routing/Middleware/ThrottleRequests.php(89): Illuminate/Routing/Middleware/ThrottleRequests->handleRequestUsingNamedLimiter(Object(Illuminate/Http/Request), Object(Closure), 'api', Object(Closure))
#32 C:/Users/hamza/Desktop/PROYECTOS/APP/mightyfitness/fitness-backend/vendor/laravel/framework/src/Illuminate/Pipeline/Pipeline.php(209): Illuminate/Routing/Middleware/ThrottleRequests->handle(Object(Illuminate/Http/Request), Object(Closure), 'api')
#33 C:/Users/hamza/Desktop/PROYECTOS/APP/mightyfitness/fitness-backend/vendor/laravel/framework/src/Illuminate/Auth/Middleware/Authenticate.php(64): Illuminate/Pipeline/Pipeline->Illuminate/Pipeline/{closure}(Object(Illuminate/Http/Request))
#34 C:/Users/hamza/Desktop/PROYECTOS/APP/mightyfitness/fitness-backend/vendor/laravel/framework/src/Illuminate/Pipeline/Pipeline.php(209): Illuminate/Auth/Middleware/Authenticate->handle(Object(Illuminate/Http/Request), Object(Closure), 'sanctum')
#35 C:/Users/hamza/Desktop/PROYECTOS/APP/mightyfitness/fitness-backend/vendor/laravel/framework/src/Illuminate/Pipeline/Pipeline.php(127): Illuminate/Pipeline/Pipeline->Illuminate/Pipeline/{closure}(Object(Illuminate/Http/Request))
#36 C:/Users/hamza/Desktop/PROYECTOS/APP/mightyfitness/fitness-backend/vendor/laravel/framework/src/Illuminate/Routing/Router.php(807): Illuminate/Pipeline/Pipeline->then(Object(Closure))
#37 C:/Users/hamza/Desktop/PROYECTOS/APP/mightyfitness/fitness-backend/vendor/laravel/framework/src/Illuminate/Routing/Router.php(786): Illuminate/Routing/Router->runRouteWithinStack(Object(Illuminate/Routing/Route), Object(Illuminate/Http/Request))
#38 C:/Users/hamza/Desktop/PROYECTOS/APP/mightyfitness/fitness-backend/vendor/laravel/framework/src/Illuminate/Routing/Router.php(750): Illuminate/Routing/Router->runRoute(Object(Illuminate/Http/Request), Object(Illuminate/Routing/Route))
#39 C:/Users/hamza/Desktop/PROYECTOS/APP/mightyfitness/fitness-backend/vendor/laravel/framework/src/Illuminate/Routing/Router.php(739): Illuminate/Routing/Router->dispatchToRoute(Object(Illuminate/Http/Request))
#40 C:/Users/hamza/Desktop/PROYECTOS/APP/mightyfitness/fitness-backend/vendor/laravel/framework/src/Illuminate/Foundation/Http/Kernel.php(201): Illuminate/Routing/Router->dispatch(Object(Illuminate/Http/Request))
#41 C:/Users/hamza/Desktop/PROYECTOS/APP/mightyfitness/fitness-backend/vendor/laravel/framework/src/Illuminate/Pipeline/Pipeline.php(170): Illuminate/Foundation/Http/Kernel->Illuminate/Foundation/Http/{closure}(Object(Illuminate/Http/Request))
#42 C:/Users/hamza/Desktop/PROYECTOS/APP/mightyfitness/fitness-backend/vendor/livewire/livewire/src/Features/SupportDisablingBackButtonCache/DisableBackButtonCacheMiddleware.php(19): Illuminate/Pipeline/Pipeline->Illuminate/Pipeline/{closure}(Object(Illuminate/Http/Request))
#43 C:/Users/hamza/Desktop/PROYECTOS/APP/mightyfitness/fitness-backend/vendor/laravel/framework/src/Illuminate/Pipeline/Pipeline.php(209): Livewire/Features/SupportDisablingBackButtonCache/DisableBackButtonCacheMiddleware->handle(Object(Illuminate/Http/Request), Object(Closure))
#44 C:/Users/hamza/Desktop/PROYECTOS/APP/mightyfitness/fitness-backend/vendor/laravel/framework/src/Illuminate/Foundation/Http/Middleware/TransformsRequest.php(21): Illuminate/Pipeline/Pipeline->Illuminate/Pipeline/{closure}(Object(Illuminate/Http/Request))
#45 C:/Users/hamza/Desktop/PROYECTOS/APP/mightyfitness/fitness-backend/vendor/laravel/framework/src/Illuminate/Foundation/Http/Middleware/ConvertEmptyStringsToNull.php(31): Illuminate/Foundation/Http/Middleware/TransformsRequest->handle(Object(Illuminate/Http/Request), Object(Closure))
#46 C:/Users/hamza/Desktop/PROYECTOS/APP/mightyfitness/fitness-backend/vendor/laravel/framework/src/Illuminate/Pipeline/Pipeline.php(209): Illuminate/Foundation/Http/Middleware/ConvertEmptyStringsToNull->handle(Object(Illuminate/Http/Request), Object(Closure))
#47 C:/Users/hamza/Desktop/PROYECTOS/APP/mightyfitness/fitness-backend/vendor/laravel/framework/src/Illuminate/Foundation/Http/Middleware/TransformsRequest.php(21): Illuminate/Pipeline/Pipeline->Illuminate/Pipeline/{closure}(Object(Illuminate/Http/Request))
#48 C:/Users/hamza/Desktop/PROYECTOS/APP/mightyfitness/fitness-backend/vendor/laravel/framework/src/Illuminate/Foundation/Http/Middleware/TrimStrings.php(51): Illuminate/Foundation/Http/Middleware/TransformsRequest->handle(Object(Illuminate/Http/Request), Object(Closure))
#49 C:/Users/hamza/Desktop/PROYECTOS/APP/mightyfitness/fitness-backend/vendor/laravel/framework/src/Illuminate/Pipeline/Pipeline.php(209): Illuminate/Foundation/Http/Middleware/TrimStrings->handle(Object(Illuminate/Http/Request), Object(Closure))
#50 C:/Users/hamza/Desktop/PROYECTOS/APP/mightyfitness/fitness-backend/vendor/laravel/framework/src/Illuminate/Http/Middleware/ValidatePostSize.php(27): Illuminate/Pipeline/Pipeline->Illuminate/Pipeline/{closure}(Object(Illuminate/Http/Request))
#51 C:/Users/hamza/Desktop/PROYECTOS/APP/mightyfitness/fitness-backend/vendor/laravel/framework/src/Illuminate/Pipeline/Pipeline.php(209): Illuminate/Http/Middleware/ValidatePostSize->handle(Object(Illuminate/Http/Request), Object(Closure))
#52 C:/Users/hamza/Desktop/PROYECTOS/APP/mightyfitness/fitness-backend/vendor/laravel/framework/src/Illuminate/Foundation/Http/Middleware/PreventRequestsDuringMaintenance.php(110): Illuminate/Pipeline/Pipeline->Illuminate/Pipeline/{closure}(Object(Illuminate/Http/Request))
#53 C:/Users/hamza/Desktop/PROYECTOS/APP/mightyfitness/fitness-backend/vendor/laravel/framework/src/Illuminate/Pipeline/Pipeline.php(209): Illuminate/Foundation/Http/Middleware/PreventRequestsDuringMaintenance->handle(Object(Illuminate/Http/Request), Object(Closure))
#54 C:/Users/hamza/Desktop/PROYECTOS/APP/mightyfitness/fitness-backend/vendor/laravel/framework/src/Illuminate/Http/Middleware/HandleCors.php(62): Illuminate/Pipeline/Pipeline->Illuminate/Pipeline/{closure}(Object(Illuminate/Http/Request))
#55 C:/Users/hamza/Desktop/PROYECTOS/APP/mightyfitness/fitness-backend/vendor/laravel/framework/src/Illuminate/Pipeline/Pipeline.php(209): Illuminate/Http/Middleware/HandleCors->handle(Object(Illuminate/Http/Request), Object(Closure))
#56 C:/Users/hamza/Desktop/PROYECTOS/APP/mightyfitness/fitness-backend/vendor/laravel/framework/src/Illuminate/Pipeline/Pipeline.php(127): Illuminate/Pipeline/Pipeline->Illuminate/Pipeline/{closure}(Object(Illuminate/Http/Request))
#57 C:/Users/hamza/Desktop/PROYECTOS/APP/mightyfitness/fitness-backend/vendor/laravel/framework/src/Illuminate/Foundation/Http/Kernel.php(176): Illuminate/Pipeline/Pipeline->then(Object(Closure))
#58 C:/Users/hamza/Desktop/PROYECTOS/APP/mightyfitness/fitness-backend/vendor/laravel/framework/src/Illuminate/Foundation/Http/Kernel.php(145): Illuminate/Foundation/Http/Kernel->sendRequestThroughRouter(Object(Illuminate/Http/Request))
#59 C:/Users/hamza/Desktop/PROYECTOS/APP/mightyfitness/fitness-backend/public/index.php(51): Illuminate/Foundation/Http/Kernel->handle(Object(Illuminate/Http/Request))
#60 C:/Users/hamza/Desktop/PROYECTOS/APP/mightyfitness/fitness-backend/server.php(21): require_once('C://Users//hamza//...')
#61 {main}
"} 
[2026-08-06 13:37:05] local.ERROR: Undefined array key 1 {"exception":"[object] (ErrorException(code: 0): Undefined array key 1 at C:/Users/hamza/Desktop/PROYECTOS/APP/mightyfitness/fitness-backend/debug_expand.php:20)
[stacktrace]
#0 C:/Users/hamza/Desktop/PROYECTOS/APP/mightyfitness/fitness-backend/vendor/laravel/framework/src/Illuminate/Foundation/Bootstrap/HandleExceptions.php(258): Illuminate/Foundation/Bootstrap/HandleExceptions->handleError(2, 'Undefined array...', 'C://Users//hamza//...', 20)
#1 C:/Users/hamza/Desktop/PROYECTOS/APP/mightyfitness/fitness-backend/debug_expand.php(20): Illuminate/Foundation/Bootstrap/HandleExceptions->Illuminate/Foundation/Bootstrap/{closure}(2, 'Undefined array...', 'C://Users//hamza//...', 20)
#2 {main}
"} 
[2026-08-06 14:08:32] local.ERROR: Array to string conversion {"exception":"[object] (ErrorException(code: 0): Array to string conversion at C:/Users/hamza/Desktop/PROYECTOS/APP/mightyfitness/fitness-backend/temp_bp_audit.php:20)
[stacktrace]
#0 C:/Users/hamza/Desktop/PROYECTOS/APP/mightyfitness/fitness-backend/vendor/laravel/framework/src/Illuminate/Foundation/Bootstrap/HandleExceptions.php(258): Illuminate/Foundation/Bootstrap/HandleExceptions->handleError(2, 'Array to string...', 'C://Users//hamza//...', 20)
#1 C:/Users/hamza/Desktop/PROYECTOS/APP/mightyfitness/fitness-backend/temp_bp_audit.php(20): Illuminate/Foundation/Bootstrap/HandleExceptions->Illuminate/Foundation/Bootstrap/{closure}(2, 'Array to string...', 'C://Users//hamza//...', 20)
#2 {main}
"} 
[2026-08-06 14:13:43] local.ERROR: Undefined array key "Full Body" {"exception":"[object] (ErrorException(code: 0): Undefined array key \"Full Body\" at C:/Users/hamza/Desktop/PROYECTOS/APP/mightyfitness/fitness-backend/temp_body_parts_migration.php:85)
[stacktrace]
#0 C:/Users/hamza/Desktop/PROYECTOS/APP/mightyfitness/fitness-backend/vendor/laravel/framework/src/Illuminate/Foundation/Bootstrap/HandleExceptions.php(258): Illuminate/Foundation/Bootstrap/HandleExceptions->handleError(2, 'Undefined array...', 'C://Users//hamza//...', 85)
#1 C:/Users/hamza/Desktop/PROYECTOS/APP/mightyfitness/fitness-backend/temp_body_parts_migration.php(85): Illuminate/Foundation/Bootstrap/HandleExceptions->Illuminate/Foundation/Bootstrap/{closure}(2, 'Undefined array...', 'C://Users//hamza//...', 85)
#2 {main}
"} 
[2026-08-06 17:16:52] local.ERROR: SQLSTATE[42S22]: Column not found: 1054 Unknown column 'client_tag_assignments.tag_id' in 'field list' (Connection: mysql, SQL: select `client_tags`.*, `client_tag_assignments`.`client_id` as `pivot_client_id`, `client_tag_assignments`.`tag_id` as `pivot_tag_id` from `client_tags` inner join `client_tag_assignments` on `client_tags`.`id` = `client_tag_assignments`.`tag_id` where `client_tag_assignments`.`client_id` in (8)) {"userId":2,"exception":"[object] (Illuminate\\Database\\QueryException(code: 42S22): SQLSTATE[42S22]: Column not found: 1054 Unknown column 'client_tag_assignments.tag_id' in 'field list' (Connection: mysql, SQL: select `client_tags`.*, `client_tag_assignments`.`client_id` as `pivot_client_id`, `client_tag_assignments`.`tag_id` as `pivot_tag_id` from `client_tags` inner join `client_tag_assignments` on `client_tags`.`id` = `client_tag_assignments`.`tag_id` where `client_tag_assignments`.`client_id` in (8)) at C:/Users/hamza/Desktop/PROYECTOS/APP/mightyfitness/fitness-backend/vendor/laravel/framework/src/Illuminate/Database/Connection.php:825)
[stacktrace]
#0 C:/Users/hamza/Desktop/PROYECTOS/APP/mightyfitness/fitness-backend/vendor/laravel/framework/src/Illuminate/Database/Connection.php(779): Illuminate/Database/Connection->runQueryCallback('select `client_...', Array, Object(Closure))
#1 C:/Users/hamza/Desktop/PROYECTOS/APP/mightyfitness/fitness-backend/vendor/laravel/framework/src/Illuminate/Database/Connection.php(398): Illuminate/Database/Connection->run('select `client_...', Array, Object(Closure))
#2 C:/Users/hamza/Desktop/PROYECTOS/APP/mightyfitness/fitness-backend/vendor/laravel/framework/src/Illuminate/Database/Query/Builder.php(3106): Illuminate/Database/Connection->select('select `client_...', Array, true)
#3 C:/Users/hamza/Desktop/PROYECTOS/APP/mightyfitness/fitness-backend/vendor/laravel/framework/src/Illuminate/Database/Query/Builder.php(3091): Illuminate/Database/Query/Builder->runSelect()
#4 C:/Users/hamza/Desktop/PROYECTOS/APP/mightyfitness/fitness-backend/vendor/laravel/framework/src/Illuminate/Database/Query/Builder.php(3676): Illuminate/Database/Query/Builder->Illuminate/Database/Query/{closure}()
#5 C:/Users/hamza/Desktop/PROYECTOS/APP/mightyfitness/fitness-backend/vendor/laravel/framework/src/Illuminate/Database/Query/Builder.php(3090): Illuminate/Database/Query/Builder->onceWithColumns(Array, Object(Closure))
#6 C:/Users/hamza/Desktop/PROYECTOS/APP/mightyfitness/fitness-backend/vendor/laravel/framework/src/Illuminate/Database/Eloquent/Builder.php(811): Illuminate/Database/Query/Builder->get(Array)
#7 C:/Users/hamza/Desktop/PROYECTOS/APP/mightyfitness/fitness-backend/vendor/laravel/framework/src/Illuminate/Database/Eloquent/Relations/BelongsToMany.php(887): Illuminate/Database/Eloquent/Builder->getModels()
#8 C:/Users/hamza/Desktop/PROYECTOS/APP/mightyfitness/fitness-backend/vendor/laravel/framework/src/Illuminate/Database/Eloquent/Relations/Relation.php(176): Illuminate/Database/Eloquent/Relations/BelongsToMany->get()
#9 C:/Users/hamza/Desktop/PROYECTOS/APP/mightyfitness/fitness-backend/vendor/laravel/framework/src/Illuminate/Database/Eloquent/Builder.php(859): Illuminate/Database/Eloquent/Relations/Relation->getEager()
#10 C:/Users/hamza/Desktop/PROYECTOS/APP/mightyfitness/fitness-backend/vendor/laravel/framework/src/Illuminate/Database/Eloquent/Builder.php(828): Illuminate/Database/Eloquent/Builder->eagerLoadRelation(Array, 'tags', Object(Closure))
#11 C:/Users/hamza/Desktop/PROYECTOS/APP/mightyfitness/fitness-backend/vendor/laravel/framework/src/Illuminate/Database/Eloquent/Builder.php(794): Illuminate/Database/Eloquent/Builder->eagerLoadRelations(Array)
#12 C:/Users/hamza/Desktop/PROYECTOS/APP/mightyfitness/fitness-backend/vendor/laravel/framework/src/Illuminate/Database/Concerns/BuildsQueries.php(343): Illuminate/Database/Eloquent/Builder->get(Array)
#13 C:/Users/hamza/Desktop/PROYECTOS/APP/mightyfitness/fitness-backend/vendor/laravel/framework/src/Illuminate/Database/Eloquent/Builder.php(477): Illuminate/Database/Eloquent/Builder->first(Array)
#14 C:/Users/hamza/Desktop/PROYECTOS/APP/mightyfitness/fitness-backend/app/Http/Controllers/API/ClientTagController.php(55): Illuminate/Database/Eloquent/Builder->find('8')
#15 C:/Users/hamza/Desktop/PROYECTOS/APP/mightyfitness/fitness-backend/vendor/laravel/framework/src/Illuminate/Routing/Controller.php(54): App/Http/Controllers/API/ClientTagController->getClientTags(Object(Illuminate/Http/Request))
#16 C:/Users/hamza/Desktop/PROYECTOS/APP/mightyfitness/fitness-backend/vendor/laravel/framework/src/Illuminate/Routing/ControllerDispatcher.php(44): Illuminate/Routing/Controller->callAction('getClientTags', Array)
#17 C:/Users/hamza/Desktop/PROYECTOS/APP/mightyfitness/fitness-backend/vendor/laravel/framework/src/Illuminate/Routing/Route.php(266): Illuminate/Routing/ControllerDispatcher->dispatch(Object(Illuminate/Routing/Route), Object(App/Http/Controllers/API/ClientTagController), 'getClientTags')
#18 C:/Users/hamza/Desktop/PROYECTOS/APP/mightyfitness/fitness-backend/vendor/laravel/framework/src/Illuminate/Routing/Route.php(212): Illuminate/Routing/Route->runController()
#19 C:/Users/hamza/Desktop/PROYECTOS/APP/mightyfitness/fitness-backend/vendor/laravel/framework/src/Illuminate/Routing/Router.php(808): Illuminate/Routing/Route->run()
#20 C:/Users/hamza/Desktop/PROYECTOS/APP/mightyfitness/fitness-backend/vendor/laravel/framework/src/Illuminate/Pipeline/Pipeline.php(170): Illuminate/Routing/Router->Illuminate/Routing/{closure}(Object(Illuminate/Http/Request))
#21 C:/Users/hamza/Desktop/PROYECTOS/APP/mightyfitness/fitness-backend/app/Http/Middleware/AdminApi.php(26): Illuminate/Pipeline/Pipeline->Illuminate/Pipeline/{closure}(Object(Illuminate/Http/Request))
#22 C:/Users/hamza/Desktop/PROYECTOS/APP/mightyfitness/fitness-backend/vendor/laravel/framework/src/Illuminate/Pipeline/Pipeline.php(209): App/Http/Middleware/AdminApi->handle(Object(Illuminate/Http/Request), Object(Closure))
#23 C:/Users/hamza/Desktop/PROYECTOS/APP/mightyfitness/fitness-backend/app/Http/Middleware/API/CheckUserStatus.php(26): Illuminate/Pipeline/Pipeline->Illuminate/Pipeline/{closure}(Object(Illuminate/Http/Request))
#24 C:/Users/hamza/Desktop/PROYECTOS/APP/mightyfitness/fitness-backend/vendor/laravel/framework/src/Illuminate/Pipeline/Pipeline.php(209): App/Http/Middleware/API/CheckUserStatus->handle(Object(Illuminate/Http/Request), Object(Closure))
#25 C:/Users/hamza/Desktop/PROYECTOS/APP/mightyfitness/fitness-backend/vendor/laravel/framework/src/Illuminate/Routing/Middleware/SubstituteBindings.php(51): Illuminate/Pipeline/Pipeline->Illuminate/Pipeline/{closure}(Object(Illuminate/Http/Request))
#26 C:/Users/hamza/Desktop/PROYECTOS/APP/mightyfitness/fitness-backend/vendor/laravel/framework/src/Illuminate/Pipeline/Pipeline.php(209): Illuminate/Routing/Middleware/SubstituteBindings->handle(Object(Illuminate/Http/Request), Object(Closure))
#27 C:/Users/hamza/Desktop/PROYECTOS/APP/mightyfitness/fitness-backend/vendor/laravel/framework/src/Illuminate/Routing/Middleware/ThrottleRequests.php(161): Illuminate/Pipeline/Pipeline->Illuminate/Pipeline/{closure}(Object(Illuminate/Http/Request))
#28 C:/Users/hamza/Desktop/PROYECTOS/APP/mightyfitness/fitness-backend/vendor/laravel/framework/src/Illuminate/Routing/Middleware/ThrottleRequests.php(127): Illuminate/Routing/Middleware/ThrottleRequests->handleRequest(Object(Illuminate/Http/Request), Object(Closure), Array)
#29 C:/Users/hamza/Desktop/PROYECTOS/APP/mightyfitness/fitness-backend/vendor/laravel/framework/src/Illuminate/Routing/Middleware/ThrottleRequests.php(89): Illuminate/Routing/Middleware/ThrottleRequests->handleRequestUsingNamedLimiter(Object(Illuminate/Http/Request), Object(Closure), 'api', Object(Closure))
#30 C:/Users/hamza/Desktop/PROYECTOS/APP/mightyfitness/fitness-backend/vendor/laravel/framework/src/Illuminate/Pipeline/Pipeline.php(209): Illuminate/Routing/Middleware/ThrottleRequests->handle(Object(Illuminate/Http/Request), Object(Closure), 'api')
#31 C:/Users/hamza/Desktop/PROYECTOS/APP/mightyfitness/fitness-backend/vendor/laravel/framework/src/Illuminate/Auth/Middleware/Authenticate.php(64): Illuminate/Pipeline/Pipeline->Illuminate/Pipeline/{closure}(Object(Illuminate/Http/Request))
#32 C:/Users/hamza/Desktop/PROYECTOS/APP/mightyfitness/fitness-backend/vendor/laravel/framework/src/Illuminate/Pipeline/Pipeline.php(209): Illuminate/Auth/Middleware/Authenticate->handle(Object(Illuminate/Http/Request), Object(Closure), 'sanctum')
#33 C:/Users/hamza/Desktop/PROYECTOS/APP/mightyfitness/fitness-backend/vendor/laravel/framework/src/Illuminate/Pipeline/Pipeline.php(127): Illuminate/Pipeline/Pipeline->Illuminate/Pipeline/{closure}(Object(Illuminate/Http/Request))
#34 C:/Users/hamza/Desktop/PROYECTOS/APP/mightyfitness/fitness-backend/vendor/laravel/framework/src/Illuminate/Routing/Router.php(807): Illuminate/Pipeline/Pipeline->then(Object(Closure))
#35 C:/Users/hamza/Desktop/PROYECTOS/APP/mightyfitness/fitness-backend/vendor/laravel/framework/src/Illuminate/Routing/Router.php(786): Illuminate/Routing/Router->runRouteWithinStack(Object(Illuminate/Routing/Route), Object(Illuminate/Http/Request))
#36 C:/Users/hamza/Desktop/PROYECTOS/APP/mightyfitness/fitness-backend/vendor/laravel/framework/src/Illuminate/Routing/Router.php(750): Illuminate/Routing/Router->runRoute(Object(Illuminate/Http/Request), Object(Illuminate/Routing/Route))
#37 C:/Users/hamza/Desktop/PROYECTOS/APP/mightyfitness/fitness-backend/vendor/laravel/framework/src/Illuminate/Routing/Router.php(739): Illuminate/Routing/Router->dispatchToRoute(Object(Illuminate/Http/Request))
#38 C:/Users/hamza/Desktop/PROYECTOS/APP/mightyfitness/fitness-backend/vendor/laravel/framework/src/Illuminate/Foundation/Http/Kernel.php(201): Illuminate/Routing/Router->dispatch(Object(Illuminate/Http/Request))
#39 C:/Users/hamza/Desktop/PROYECTOS/APP/mightyfitness/fitness-backend/vendor/laravel/framework/src/Illuminate/Pipeline/Pipeline.php(170): Illuminate/Foundation/Http/Kernel->Illuminate/Foundation/Http/{closure}(Object(Illuminate/Http/Request))
#40 C:/Users/hamza/Desktop/PROYECTOS/APP/mightyfitness/fitness-backend/vendor/livewire/livewire/src/Features/SupportDisablingBackButtonCache/DisableBackButtonCacheMiddleware.php(19): Illuminate/Pipeline/Pipeline->Illuminate/Pipeline/{closure}(Object(Illuminate/Http/Request))
#41 C:/Users/hamza/Desktop/PROYECTOS/APP/mightyfitness/fitness-backend/vendor/laravel/framework/src/Illuminate/Pipeline/Pipeline.php(209): Livewire/Features/SupportDisablingBackButtonCache/DisableBackButtonCacheMiddleware->handle(Object(Illuminate/Http/Request), Object(Closure))
#42 C:/Users/hamza/Desktop/PROYECTOS/APP/mightyfitness/fitness-backend/vendor/laravel/framework/src/Illuminate/Foundation/Http/Middleware/TransformsRequest.php(21): Illuminate/Pipeline/Pipeline->Illuminate/Pipeline/{closure}(Object(Illuminate/Http/Request))
#43 C:/Users/hamza/Desktop/PROYECTOS/APP/mightyfitness/fitness-backend/vendor/laravel/framework/src/Illuminate/Foundation/Http/Middleware/ConvertEmptyStringsToNull.php(31): Illuminate/Foundation/Http/Middleware/TransformsRequest->handle(Object(Illuminate/Http/Request), Object(Closure))
#44 C:/Users/hamza/Desktop/PROYECTOS/APP/mightyfitness/fitness-backend/vendor/laravel/framework/src/Illuminate/Pipeline/Pipeline.php(209): Illuminate/Foundation/Http/Middleware/ConvertEmptyStringsToNull->handle(Object(Illuminate/Http/Request), Object(Closure))
#45 C:/Users/hamza/Desktop/PROYECTOS/APP/mightyfitness/fitness-backend/vendor/laravel/framework/src/Illuminate/Foundation/Http/Middleware/TransformsRequest.php(21): Illuminate/Pipeline/Pipeline->Illuminate/Pipeline/{closure}(Object(Illuminate/Http/Request))
#46 C:/Users/hamza/Desktop/PROYECTOS/APP/mightyfitness/fitness-backend/vendor/laravel/framework/src/Illuminate/Foundation/Http/Middleware/TrimStrings.php(51): Illuminate/Foundation/Http/Middleware/TransformsRequest->handle(Object(Illuminate/Http/Request), Object(Closure))
#47 C:/Users/hamza/Desktop/PROYECTOS/APP/mightyfitness/fitness-backend/vendor/laravel/framework/src/Illuminate/Pipeline/Pipeline.php(209): Illuminate/Foundation/Http/Middleware/TrimStrings->handle(Object(Illuminate/Http/Request), Object(Closure))
#48 C:/Users/hamza/Desktop/PROYECTOS/APP/mightyfitness/fitness-backend/vendor/laravel/framework/src/Illuminate/Http/Middleware/ValidatePostSize.php(27): Illuminate/Pipeline/Pipeline->Illuminate/Pipeline/{closure}(Object(Illuminate/Http/Request))
#49 C:/Users/hamza/Desktop/PROYECTOS/APP/mightyfitness/fitness-backend/vendor/laravel/framework/src/Illuminate/Pipeline/Pipeline.php(209): Illuminate/Http/Middleware/ValidatePostSize->handle(Object(Illuminate/Http/Request), Object(Closure))
#50 C:/Users/hamza/Desktop/PROYECTOS/APP/mightyfitness/fitness-backend/vendor/laravel/framework/src/Illuminate/Foundation/Http/Middleware/PreventRequestsDuringMaintenance.php(110): Illuminate/Pipeline/Pipeline->Illuminate/Pipeline/{closure}(Object(Illuminate/Http/Request))
#51 C:/Users/hamza/Desktop/PROYECTOS/APP/mightyfitness/fitness-backend/vendor/laravel/framework/src/Illuminate/Pipeline/Pipeline.php(209): Illuminate/Foundation/Http/Middleware/PreventRequestsDuringMaintenance->handle(Object(Illuminate/Http/Request), Object(Closure))
#52 C:/Users/hamza/Desktop/PROYECTOS/APP/mightyfitness/fitness-backend/vendor/laravel/framework/src/Illuminate/Http/Middleware/HandleCors.php(62): Illuminate/Pipeline/Pipeline->Illuminate/Pipeline/{closure}(Object(Illuminate/Http/Request))
#53 C:/Users/hamza/Desktop/PROYECTOS/APP/mightyfitness/fitness-backend/vendor/laravel/framework/src/Illuminate/Pipeline/Pipeline.php(209): Illuminate/Http/Middleware/HandleCors->handle(Object(Illuminate/Http/Request), Object(Closure))
#54 C:/Users/hamza/Desktop/PROYECTOS/APP/mightyfitness/fitness-backend/vendor/laravel/framework/src/Illuminate/Pipeline/Pipeline.php(127): Illuminate/Pipeline/Pipeline->Illuminate/Pipeline/{closure}(Object(Illuminate/Http/Request))
#55 C:/Users/hamza/Desktop/PROYECTOS/APP/mightyfitness/fitness-backend/vendor/laravel/framework/src/Illuminate/Foundation/Http/Kernel.php(176): Illuminate/Pipeline/Pipeline->then(Object(Closure))
#56 C:/Users/hamza/Desktop/PROYECTOS/APP/mightyfitness/fitness-backend/vendor/laravel/framework/src/Illuminate/Foundation/Http/Kernel.php(145): Illuminate/Foundation/Http/Kernel->sendRequestThroughRouter(Object(Illuminate/Http/Request))
#57 C:/Users/hamza/Desktop/PROYECTOS/APP/mightyfitness/fitness-backend/public/index.php(51): Illuminate/Foundation/Http/Kernel->handle(Object(Illuminate/Http/Request))
#58 C:/Users/hamza/Desktop/PROYECTOS/APP/mightyfitness/fitness-backend/server.php(21): require_once('C://Users//hamza//...')
#59 {main}

[previous exception] [object] (PDOException(code: 42S22): SQLSTATE[42S22]: Column not found: 1054 Unknown column 'client_tag_assignments.tag_id' in 'field list' at C:/Users/hamza/Desktop/PROYECTOS/APP/mightyfitness/fitness-backend/vendor/laravel/framework/src/Illuminate/Database/Connection.php:407)
[stacktrace]
#0 C:/Users/hamza/Desktop/PROYECTOS/APP/mightyfitness/fitness-backend/vendor/laravel/framework/src/Illuminate/Database/Connection.php(407): PDO->prepare('select `client_...')
#1 C:/Users/hamza/Desktop/PROYECTOS/APP/mightyfitness/fitness-backend/vendor/laravel/framework/src/Illuminate/Database/Connection.php(812): Illuminate/Database/Connection->Illuminate/Database/{closure}('select `client_...', Array)
#2 C:/Users/hamza/Desktop/PROYECTOS/APP/mightyfitness/fitness-backend/vendor/laravel/framework/src/Illuminate/Database/Connection.php(779): Illuminate/Database/Connection->runQueryCallback('select `client_...', Array, Object(Closure))
#3 C:/Users/hamza/Desktop/PROYECTOS/APP/mightyfitness/fitness-backend/vendor/laravel/framework/src/Illuminate/Database/Connection.php(398): Illuminate/Database/Connection->run('select `client_...', Array, Object(Closure))
#4 C:/Users/hamza/Desktop/PROYECTOS/APP/mightyfitness/fitness-backend/vendor/laravel/framework/src/Illuminate/Database/Query/Builder.php(3106): Illuminate/Database/Connection->select('select `client_...', Array, true)
#5 C:/Users/hamza/Desktop/PROYECTOS/APP/mightyfitness/fitness-backend/vendor/laravel/framework/src/Illuminate/Database/Query/Builder.php(3091): Illuminate/Database/Query/Builder->runSelect()
#6 C:/Users/hamza/Desktop/PROYECTOS/APP/mightyfitness/fitness-backend/vendor/laravel/framework/src/Illuminate/Database/Query/Builder.php(3676): Illuminate/Database/Query/Builder->Illuminate/Database/Query/{closure}()
#7 C:/Users/hamza/Desktop/PROYECTOS/APP/mightyfitness/fitness-backend/vendor/laravel/framework/src/Illuminate/Database/Query/Builder.php(3090): Illuminate/Database/Query/Builder->onceWithColumns(Array, Object(Closure))
#8 C:/Users/hamza/Desktop/PROYECTOS/APP/mightyfitness/fitness-backend/vendor/laravel/framework/src/Illuminate/Database/Eloquent/Builder.php(811): Illuminate/Database/Query/Builder->get(Array)
#9 C:/Users/hamza/Desktop/PROYECTOS/APP/mightyfitness/fitness-backend/vendor/laravel/framework/src/Illuminate/Database/Eloquent/Relations/BelongsToMany.php(887): Illuminate/Database/Eloquent/Builder->getModels()
#10 C:/Users/hamza/Desktop/PROYECTOS/APP/mightyfitness/fitness-backend/vendor/laravel/framework/src/Illuminate/Database/Eloquent/Relations/Relation.php(176): Illuminate/Database/Eloquent/Relations/BelongsToMany->get()
#11 C:/Users/hamza/Desktop/PROYECTOS/APP/mightyfitness/fitness-backend/vendor/laravel/framework/src/Illuminate/Database/Eloquent/Builder.php(859): Illuminate/Database/Eloquent/Relations/Relation->getEager()
#12 C:/Users/hamza/Desktop/PROYECTOS/APP/mightyfitness/fitness-backend/vendor/laravel/framework/src/Illuminate/Database/Eloquent/Builder.php(828): Illuminate/Database/Eloquent/Builder->eagerLoadRelation(Array, 'tags', Object(Closure))
#13 C:/Users/hamza/Desktop/PROYECTOS/APP/mightyfitness/fitness-backend/vendor/laravel/framework/src/Illuminate/Database/Eloquent/Builder.php(794): Illuminate/Database/Eloquent/Builder->eagerLoadRelations(Array)
#14 C:/Users/hamza/Desktop/PROYECTOS/APP/mightyfitness/fitness-backend/vendor/laravel/framework/src/Illuminate/Database/Concerns/BuildsQueries.php(343): Illuminate/Database/Eloquent/Builder->get(Array)
#15 C:/Users/hamza/Desktop/PROYECTOS/APP/mightyfitness/fitness-backend/vendor/laravel/framework/src/Illuminate/Database/Eloquent/Builder.php(477): Illuminate/Database/Eloquent/Builder->first(Array)
#16 C:/Users/hamza/Desktop/PROYECTOS/APP/mightyfitness/fitness-backend/app/Http/Controllers/API/ClientTagController.php(55): Illuminate/Database/Eloquent/Builder->find('8')
#17 C:/Users/hamza/Desktop/PROYECTOS/APP/mightyfitness/fitness-backend/vendor/laravel/framework/src/Illuminate/Routing/Controller.php(54): App/Http/Controllers/API/ClientTagController->getClientTags(Object(Illuminate/Http/Request))
#18 C:/Users/hamza/Desktop/PROYECTOS/APP/mightyfitness/fitness-backend/vendor/laravel/framework/src/Illuminate/Routing/ControllerDispatcher.php(44): Illuminate/Routing/Controller->callAction('getClientTags', Array)
#19 C:/Users/hamza/Desktop/PROYECTOS/APP/mightyfitness/fitness-backend/vendor/laravel/framework/src/Illuminate/Routing/Route.php(266): Illuminate/Routing/ControllerDispatcher->dispatch(Object(Illuminate/Routing/Route), Object(App/Http/Controllers/API/ClientTagController), 'getClientTags')
#20 C:/Users/hamza/Desktop/PROYECTOS/APP/mightyfitness/fitness-backend/vendor/laravel/framework/src/Illuminate/Routing/Route.php(212): Illuminate/Routing/Route->runController()
#21 C:/Users/hamza/Desktop/PROYECTOS/APP/mightyfitness/fitness-backend/vendor/laravel/framework/src/Illuminate/Routing/Router.php(808): Illuminate/Routing/Route->run()
#22 C:/Users/hamza/Desktop/PROYECTOS/APP/mightyfitness/fitness-backend/vendor/laravel/framework/src/Illuminate/Pipeline/Pipeline.php(170): Illuminate/Routing/Router->Illuminate/Routing/{closure}(Object(Illuminate/Http/Request))
#23 C:/Users/hamza/Desktop/PROYECTOS/APP/mightyfitness/fitness-backend/app/Http/Middleware/AdminApi.php(26): Illuminate/Pipeline/Pipeline->Illuminate/Pipeline/{closure}(Object(Illuminate/Http/Request))
#24 C:/Users/hamza/Desktop/PROYECTOS/APP/mightyfitness/fitness-backend/vendor/laravel/framework/src/Illuminate/Pipeline/Pipeline.php(209): App/Http/Middleware/AdminApi->handle(Object(Illuminate/Http/Request), Object(Closure))
#25 C:/Users/hamza/Desktop/PROYECTOS/APP/mightyfitness/fitness-backend/app/Http/Middleware/API/CheckUserStatus.php(26): Illuminate/Pipeline/Pipeline->Illuminate/Pipeline/{closure}(Object(Illuminate/Http/Request))
#26 C:/Users/hamza/Desktop/PROYECTOS/APP/mightyfitness/fitness-backend/vendor/laravel/framework/src/Illuminate/Pipeline/Pipeline.php(209): App/Http/Middleware/API/CheckUserStatus->handle(Object(Illuminate/Http/Request), Object(Closure))
#27 C:/Users/hamza/Desktop/PROYECTOS/APP/mightyfitness/fitness-backend/vendor/laravel/framework/src/Illuminate/Routing/Middleware/SubstituteBindings.php(51): Illuminate/Pipeline/Pipeline->Illuminate/Pipeline/{closure}(Object(Illuminate/Http/Request))
#28 C:/Users/hamza/Desktop/PROYECTOS/APP/mightyfitness/fitness-backend/vendor/laravel/framework/src/Illuminate/Pipeline/Pipeline.php(209): Illuminate/Routing/Middleware/SubstituteBindings->handle(Object(Illuminate/Http/Request), Object(Closure))
#29 C:/Users/hamza/Desktop/PROYECTOS/APP/mightyfitness/fitness-backend/vendor/laravel/framework/src/Illuminate/Routing/Middleware/ThrottleRequests.php(161): Illuminate/Pipeline/Pipeline->Illuminate/Pipeline/{closure}(Object(Illuminate/Http/Request))
#30 C:/Users/hamza/Desktop/PROYECTOS/APP/mightyfitness/fitness-backend/vendor/laravel/framework/src/Illuminate/Routing/Middleware/ThrottleRequests.php(127): Illuminate/Routing/Middleware/ThrottleRequests->handleRequest(Object(Illuminate/Http/Request), Object(Closure), Array)
#31 C:/Users/hamza/Desktop/PROYECTOS/APP/mightyfitness/fitness-backend/vendor/laravel/framework/src/Illuminate/Routing/Middleware/ThrottleRequests.php(89): Illuminate/Routing/Middleware/ThrottleRequests->handleRequestUsingNamedLimiter(Object(Illuminate/Http/Request), Object(Closure), 'api', Object(Closure))
#32 C:/Users/hamza/Desktop/PROYECTOS/APP/mightyfitness/fitness-backend/vendor/laravel/framework/src/Illuminate/Pipeline/Pipeline.php(209): Illuminate/Routing/Middleware/ThrottleRequests->handle(Object(Illuminate/Http/Request), Object(Closure), 'api')
#33 C:/Users/hamza/Desktop/PROYECTOS/APP/mightyfitness/fitness-backend/vendor/laravel/framework/src/Illuminate/Auth/Middleware/Authenticate.php(64): Illuminate/Pipeline/Pipeline->Illuminate/Pipeline/{closure}(Object(Illuminate/Http/Request))
#34 C:/Users/hamza/Desktop/PROYECTOS/APP/mightyfitness/fitness-backend/vendor/laravel/framework/src/Illuminate/Pipeline/Pipeline.php(209): Illuminate/Auth/Middleware/Authenticate->handle(Object(Illuminate/Http/Request), Object(Closure), 'sanctum')
#35 C:/Users/hamza/Desktop/PROYECTOS/APP/mightyfitness/fitness-backend/vendor/laravel/framework/src/Illuminate/Pipeline/Pipeline.php(127): Illuminate/Pipeline/Pipeline->Illuminate/Pipeline/{closure}(Object(Illuminate/Http/Request))
#36 C:/Users/hamza/Desktop/PROYECTOS/APP/mightyfitness/fitness-backend/vendor/laravel/framework/src/Illuminate/Routing/Router.php(807): Illuminate/Pipeline/Pipeline->then(Object(Closure))
#37 C:/Users/hamza/Desktop/PROYECTOS/APP/mightyfitness/fitness-backend/vendor/laravel/framework/src/Illuminate/Routing/Router.php(786): Illuminate/Routing/Router->runRouteWithinStack(Object(Illuminate/Routing/Route), Object(Illuminate/Http/Request))
#38 C:/Users/hamza/Desktop/PROYECTOS/APP/mightyfitness/fitness-backend/vendor/laravel/framework/src/Illuminate/Routing/Router.php(750): Illuminate/Routing/Router->runRoute(Object(Illuminate/Http/Request), Object(Illuminate/Routing/Route))
#39 C:/Users/hamza/Desktop/PROYECTOS/APP/mightyfitness/fitness-backend/vendor/laravel/framework/src/Illuminate/Routing/Router.php(739): Illuminate/Routing/Router->dispatchToRoute(Object(Illuminate/Http/Request))
#40 C:/Users/hamza/Desktop/PROYECTOS/APP/mightyfitness/fitness-backend/vendor/laravel/framework/src/Illuminate/Foundation/Http/Kernel.php(201): Illuminate/Routing/Router->dispatch(Object(Illuminate/Http/Request))
#41 C:/Users/hamza/Desktop/PROYECTOS/APP/mightyfitness/fitness-backend/vendor/laravel/framework/src/Illuminate/Pipeline/Pipeline.php(170): Illuminate/Foundation/Http/Kernel->Illuminate/Foundation/Http/{closure}(Object(Illuminate/Http/Request))
#42 C:/Users/hamza/Desktop/PROYECTOS/APP/mightyfitness/fitness-backend/vendor/livewire/livewire/src/Features/SupportDisablingBackButtonCache/DisableBackButtonCacheMiddleware.php(19): Illuminate/Pipeline/Pipeline->Illuminate/Pipeline/{closure}(Object(Illuminate/Http/Request))
#43 C:/Users/hamza/Desktop/PROYECTOS/APP/mightyfitness/fitness-backend/vendor/laravel/framework/src/Illuminate/Pipeline/Pipeline.php(209): Livewire/Features/SupportDisablingBackButtonCache/DisableBackButtonCacheMiddleware->handle(Object(Illuminate/Http/Request), Object(Closure))
#44 C:/Users/hamza/Desktop/PROYECTOS/APP/mightyfitness/fitness-backend/vendor/laravel/framework/src/Illuminate/Foundation/Http/Middleware/TransformsRequest.php(21): Illuminate/Pipeline/Pipeline->Illuminate/Pipeline/{closure}(Object(Illuminate/Http/Request))
#45 C:/Users/hamza/Desktop/PROYECTOS/APP/mightyfitness/fitness-backend/vendor/laravel/framework/src/Illuminate/Foundation/Http/Middleware/ConvertEmptyStringsToNull.php(31): Illuminate/Foundation/Http/Middleware/TransformsRequest->handle(Object(Illuminate/Http/Request), Object(Closure))
#46 C:/Users/hamza/Desktop/PROYECTOS/APP/mightyfitness/fitness-backend/vendor/laravel/framework/src/Illuminate/Pipeline/Pipeline.php(209): Illuminate/Foundation/Http/Middleware/ConvertEmptyStringsToNull->handle(Object(Illuminate/Http/Request), Object(Closure))
#47 C:/Users/hamza/Desktop/PROYECTOS/APP/mightyfitness/fitness-backend/vendor/laravel/framework/src/Illuminate/Foundation/Http/Middleware/TransformsRequest.php(21): Illuminate/Pipeline/Pipeline->Illuminate/Pipeline/{closure}(Object(Illuminate/Http/Request))
#48 C:/Users/hamza/Desktop/PROYECTOS/APP/mightyfitness/fitness-backend/vendor/laravel/framework/src/Illuminate/Foundation/Http/Middleware/TrimStrings.php(51): Illuminate/Foundation/Http/Middleware/TransformsRequest->handle(Object(Illuminate/Http/Request), Object(Closure))
#49 C:/Users/hamza/Desktop/PROYECTOS/APP/mightyfitness/fitness-backend/vendor/laravel/framework/src/Illuminate/Pipeline/Pipeline.php(209): Illuminate/Foundation/Http/Middleware/TrimStrings->handle(Object(Illuminate/Http/Request), Object(Closure))
#50 C:/Users/hamza/Desktop/PROYECTOS/APP/mightyfitness/fitness-backend/vendor/laravel/framework/src/Illuminate/Http/Middleware/ValidatePostSize.php(27): Illuminate/Pipeline/Pipeline->Illuminate/Pipeline/{closure}(Object(Illuminate/Http/Request))
#51 C:/Users/hamza/Desktop/PROYECTOS/APP/mightyfitness/fitness-backend/vendor/laravel/framework/src/Illuminate/Pipeline/Pipeline.php(209): Illuminate/Http/Middleware/ValidatePostSize->handle(Object(Illuminate/Http/Request), Object(Closure))
#52 C:/Users/hamza/Desktop/PROYECTOS/APP/mightyfitness/fitness-backend/vendor/laravel/framework/src/Illuminate/Foundation/Http/Middleware/PreventRequestsDuringMaintenance.php(110): Illuminate/Pipeline/Pipeline->Illuminate/Pipeline/{closure}(Object(Illuminate/Http/Request))
#53 C:/Users/hamza/Desktop/PROYECTOS/APP/mightyfitness/fitness-backend/vendor/laravel/framework/src/Illuminate/Pipeline/Pipeline.php(209): Illuminate/Foundation/Http/Middleware/PreventRequestsDuringMaintenance->handle(Object(Illuminate/Http/Request), Object(Closure))
#54 C:/Users/hamza/Desktop/PROYECTOS/APP/mightyfitness/fitness-backend/vendor/laravel/framework/src/Illuminate/Http/Middleware/HandleCors.php(62): Illuminate/Pipeline/Pipeline->Illuminate/Pipeline/{closure}(Object(Illuminate/Http/Request))
#55 C:/Users/hamza/Desktop/PROYECTOS/APP/mightyfitness/fitness-backend/vendor/laravel/framework/src/Illuminate/Pipeline/Pipeline.php(209): Illuminate/Http/Middleware/HandleCors->handle(Object(Illuminate/Http/Request), Object(Closure))
#56 C:/Users/hamza/Desktop/PROYECTOS/APP/mightyfitness/fitness-backend/vendor/laravel/framework/src/Illuminate/Pipeline/Pipeline.php(127): Illuminate/Pipeline/Pipeline->Illuminate/Pipeline/{closure}(Object(Illuminate/Http/Request))
#57 C:/Users/hamza/Desktop/PROYECTOS/APP/mightyfitness/fitness-backend/vendor/laravel/framework/src/Illuminate/Foundation/Http/Kernel.php(176): Illuminate/Pipeline/Pipeline->then(Object(Closure))
#58 C:/Users/hamza/Desktop/PROYECTOS/APP/mightyfitness/fitness-backend/vendor/laravel/framework/src/Illuminate/Foundation/Http/Kernel.php(145): Illuminate/Foundation/Http/Kernel->sendRequestThroughRouter(Object(Illuminate/Http/Request))
#59 C:/Users/hamza/Desktop/PROYECTOS/APP/mightyfitness/fitness-backend/public/index.php(51): Illuminate/Foundation/Http/Kernel->handle(Object(Illuminate/Http/Request))
#60 C:/Users/hamza/Desktop/PROYECTOS/APP/mightyfitness/fitness-backend/server.php(21): require_once('C://Users//hamza//...')
#61 {main}
"} 
[2026-08-06 17:33:03] local.ERROR: SQLSTATE[42S22]: Column not found: 1054 Unknown column 'client_tag_assignments.tag_id' in 'field list' (Connection: mysql, SQL: select `client_tags`.*, `client_tag_assignments`.`client_id` as `pivot_client_id`, `client_tag_assignments`.`tag_id` as `pivot_tag_id` from `client_tags` inner join `client_tag_assignments` on `client_tags`.`id` = `client_tag_assignments`.`tag_id` where `client_tag_assignments`.`client_id` in (8)) {"userId":2,"exception":"[object] (Illuminate\\Database\\QueryException(code: 42S22): SQLSTATE[42S22]: Column not found: 1054 Unknown column 'client_tag_assignments.tag_id' in 'field list' (Connection: mysql, SQL: select `client_tags`.*, `client_tag_assignments`.`client_id` as `pivot_client_id`, `client_tag_assignments`.`tag_id` as `pivot_tag_id` from `client_tags` inner join `client_tag_assignments` on `client_tags`.`id` = `client_tag_assignments`.`tag_id` where `client_tag_assignments`.`client_id` in (8)) at C:/Users/hamza/Desktop/PROYECTOS/APP/mightyfitness/fitness-backend/vendor/laravel/framework/src/Illuminate/Database/Connection.php:825)
[stacktrace]
#0 C:/Users/hamza/Desktop/PROYECTOS/APP/mightyfitness/fitness-backend/vendor/laravel/framework/src/Illuminate/Database/Connection.php(779): Illuminate/Database/Connection->runQueryCallback('select `client_...', Array, Object(Closure))
#1 C:/Users/hamza/Desktop/PROYECTOS/APP/mightyfitness/fitness-backend/vendor/laravel/framework/src/Illuminate/Database/Connection.php(398): Illuminate/Database/Connection->run('select `client_...', Array, Object(Closure))
#2 C:/Users/hamza/Desktop/PROYECTOS/APP/mightyfitness/fitness-backend/vendor/laravel/framework/src/Illuminate/Database/Query/Builder.php(3106): Illuminate/Database/Connection->select('select `client_...', Array, true)
#3 C:/Users/hamza/Desktop/PROYECTOS/APP/mightyfitness/fitness-backend/vendor/laravel/framework/src/Illuminate/Database/Query/Builder.php(3091): Illuminate/Database/Query/Builder->runSelect()
#4 C:/Users/hamza/Desktop/PROYECTOS/APP/mightyfitness/fitness-backend/vendor/laravel/framework/src/Illuminate/Database/Query/Builder.php(3676): Illuminate/Database/Query/Builder->Illuminate/Database/Query/{closure}()
#5 C:/Users/hamza/Desktop/PROYECTOS/APP/mightyfitness/fitness-backend/vendor/laravel/framework/src/Illuminate/Database/Query/Builder.php(3090): Illuminate/Database/Query/Builder->onceWithColumns(Array, Object(Closure))
#6 C:/Users/hamza/Desktop/PROYECTOS/APP/mightyfitness/fitness-backend/vendor/laravel/framework/src/Illuminate/Database/Eloquent/Builder.php(811): Illuminate/Database/Query/Builder->get(Array)
#7 C:/Users/hamza/Desktop/PROYECTOS/APP/mightyfitness/fitness-backend/vendor/laravel/framework/src/Illuminate/Database/Eloquent/Relations/BelongsToMany.php(887): Illuminate/Database/Eloquent/Builder->getModels()
#8 C:/Users/hamza/Desktop/PROYECTOS/APP/mightyfitness/fitness-backend/vendor/laravel/framework/src/Illuminate/Database/Eloquent/Relations/Relation.php(176): Illuminate/Database/Eloquent/Relations/BelongsToMany->get()
#9 C:/Users/hamza/Desktop/PROYECTOS/APP/mightyfitness/fitness-backend/vendor/laravel/framework/src/Illuminate/Database/Eloquent/Builder.php(859): Illuminate/Database/Eloquent/Relations/Relation->getEager()
#10 C:/Users/hamza/Desktop/PROYECTOS/APP/mightyfitness/fitness-backend/vendor/laravel/framework/src/Illuminate/Database/Eloquent/Builder.php(828): Illuminate/Database/Eloquent/Builder->eagerLoadRelation(Array, 'tags', Object(Closure))
#11 C:/Users/hamza/Desktop/PROYECTOS/APP/mightyfitness/fitness-backend/vendor/laravel/framework/src/Illuminate/Database/Eloquent/Builder.php(794): Illuminate/Database/Eloquent/Builder->eagerLoadRelations(Array)
#12 C:/Users/hamza/Desktop/PROYECTOS/APP/mightyfitness/fitness-backend/vendor/laravel/framework/src/Illuminate/Database/Concerns/BuildsQueries.php(343): Illuminate/Database/Eloquent/Builder->get(Array)
#13 C:/Users/hamza/Desktop/PROYECTOS/APP/mightyfitness/fitness-backend/vendor/laravel/framework/src/Illuminate/Database/Eloquent/Builder.php(477): Illuminate/Database/Eloquent/Builder->first(Array)
#14 C:/Users/hamza/Desktop/PROYECTOS/APP/mightyfitness/fitness-backend/app/Http/Controllers/API/ClientTagController.php(55): Illuminate/Database/Eloquent/Builder->find('8')
#15 C:/Users/hamza/Desktop/PROYECTOS/APP/mightyfitness/fitness-backend/vendor/laravel/framework/src/Illuminate/Routing/Controller.php(54): App/Http/Controllers/API/ClientTagController->getClientTags(Object(Illuminate/Http/Request))
#16 C:/Users/hamza/Desktop/PROYECTOS/APP/mightyfitness/fitness-backend/vendor/laravel/framework/src/Illuminate/Routing/ControllerDispatcher.php(44): Illuminate/Routing/Controller->callAction('getClientTags', Array)
#17 C:/Users/hamza/Desktop/PROYECTOS/APP/mightyfitness/fitness-backend/vendor/laravel/framework/src/Illuminate/Routing/Route.php(266): Illuminate/Routing/ControllerDispatcher->dispatch(Object(Illuminate/Routing/Route), Object(App/Http/Controllers/API/ClientTagController), 'getClientTags')
#18 C:/Users/hamza/Desktop/PROYECTOS/APP/mightyfitness/fitness-backend/vendor/laravel/framework/src/Illuminate/Routing/Route.php(212): Illuminate/Routing/Route->runController()
#19 C:/Users/hamza/Desktop/PROYECTOS/APP/mightyfitness/fitness-backend/vendor/laravel/framework/src/Illuminate/Routing/Router.php(808): Illuminate/Routing/Route->run()
#20 C:/Users/hamza/Desktop/PROYECTOS/APP/mightyfitness/fitness-backend/vendor/laravel/framework/src/Illuminate/Pipeline/Pipeline.php(170): Illuminate/Routing/Router->Illuminate/Routing/{closure}(Object(Illuminate/Http/Request))
#21 C:/Users/hamza/Desktop/PROYECTOS/APP/mightyfitness/fitness-backend/app/Http/Middleware/AdminApi.php(26): Illuminate/Pipeline/Pipeline->Illuminate/Pipeline/{closure}(Object(Illuminate/Http/Request))
#22 C:/Users/hamza/Desktop/PROYECTOS/APP/mightyfitness/fitness-backend/vendor/laravel/framework/src/Illuminate/Pipeline/Pipeline.php(209): App/Http/Middleware/AdminApi->handle(Object(Illuminate/Http/Request), Object(Closure))
#23 C:/Users/hamza/Desktop/PROYECTOS/APP/mightyfitness/fitness-backend/app/Http/Middleware/API/CheckUserStatus.php(26): Illuminate/Pipeline/Pipeline->Illuminate/Pipeline/{closure}(Object(Illuminate/Http/Request))
#24 C:/Users/hamza/Desktop/PROYECTOS/APP/mightyfitness/fitness-backend/vendor/laravel/framework/src/Illuminate/Pipeline/Pipeline.php(209): App/Http/Middleware/API/CheckUserStatus->handle(Object(Illuminate/Http/Request), Object(Closure))
#25 C:/Users/hamza/Desktop/PROYECTOS/APP/mightyfitness/fitness-backend/vendor/laravel/framework/src/Illuminate/Routing/Middleware/SubstituteBindings.php(51): Illuminate/Pipeline/Pipeline->Illuminate/Pipeline/{closure}(Object(Illuminate/Http/Request))
#26 C:/Users/hamza/Desktop/PROYECTOS/APP/mightyfitness/fitness-backend/vendor/laravel/framework/src/Illuminate/Pipeline/Pipeline.php(209): Illuminate/Routing/Middleware/SubstituteBindings->handle(Object(Illuminate/Http/Request), Object(Closure))
#27 C:/Users/hamza/Desktop/PROYECTOS/APP/mightyfitness/fitness-backend/vendor/laravel/framework/src/Illuminate/Routing/Middleware/ThrottleRequests.php(161): Illuminate/Pipeline/Pipeline->Illuminate/Pipeline/{closure}(Object(Illuminate/Http/Request))
#28 C:/Users/hamza/Desktop/PROYECTOS/APP/mightyfitness/fitness-backend/vendor/laravel/framework/src/Illuminate/Routing/Middleware/ThrottleRequests.php(127): Illuminate/Routing/Middleware/ThrottleRequests->handleRequest(Object(Illuminate/Http/Request), Object(Closure), Array)
#29 C:/Users/hamza/Desktop/PROYECTOS/APP/mightyfitness/fitness-backend/vendor/laravel/framework/src/Illuminate/Routing/Middleware/ThrottleRequests.php(89): Illuminate/Routing/Middleware/ThrottleRequests->handleRequestUsingNamedLimiter(Object(Illuminate/Http/Request), Object(Closure), 'api', Object(Closure))
#30 C:/Users/hamza/Desktop/PROYECTOS/APP/mightyfitness/fitness-backend/vendor/laravel/framework/src/Illuminate/Pipeline/Pipeline.php(209): Illuminate/Routing/Middleware/ThrottleRequests->handle(Object(Illuminate/Http/Request), Object(Closure), 'api')
#31 C:/Users/hamza/Desktop/PROYECTOS/APP/mightyfitness/fitness-backend/vendor/laravel/framework/src/Illuminate/Auth/Middleware/Authenticate.php(64): Illuminate/Pipeline/Pipeline->Illuminate/Pipeline/{closure}(Object(Illuminate/Http/Request))
#32 C:/Users/hamza/Desktop/PROYECTOS/APP/mightyfitness/fitness-backend/vendor/laravel/framework/src/Illuminate/Pipeline/Pipeline.php(209): Illuminate/Auth/Middleware/Authenticate->handle(Object(Illuminate/Http/Request), Object(Closure), 'sanctum')
#33 C:/Users/hamza/Desktop/PROYECTOS/APP/mightyfitness/fitness-backend/vendor/laravel/framework/src/Illuminate/Pipeline/Pipeline.php(127): Illuminate/Pipeline/Pipeline->Illuminate/Pipeline/{closure}(Object(Illuminate/Http/Request))
#34 C:/Users/hamza/Desktop/PROYECTOS/APP/mightyfitness/fitness-backend/vendor/laravel/framework/src/Illuminate/Routing/Router.php(807): Illuminate/Pipeline/Pipeline->then(Object(Closure))
#35 C:/Users/hamza/Desktop/PROYECTOS/APP/mightyfitness/fitness-backend/vendor/laravel/framework/src/Illuminate/Routing/Router.php(786): Illuminate/Routing/Router->runRouteWithinStack(Object(Illuminate/Routing/Route), Object(Illuminate/Http/Request))
#36 C:/Users/hamza/Desktop/PROYECTOS/APP/mightyfitness/fitness-backend/vendor/laravel/framework/src/Illuminate/Routing/Router.php(750): Illuminate/Routing/Router->runRoute(Object(Illuminate/Http/Request), Object(Illuminate/Routing/Route))
#37 C:/Users/hamza/Desktop/PROYECTOS/APP/mightyfitness/fitness-backend/vendor/laravel/framework/src/Illuminate/Routing/Router.php(739): Illuminate/Routing/Router->dispatchToRoute(Object(Illuminate/Http/Request))
#38 C:/Users/hamza/Desktop/PROYECTOS/APP/mightyfitness/fitness-backend/vendor/laravel/framework/src/Illuminate/Foundation/Http/Kernel.php(201): Illuminate/Routing/Router->dispatch(Object(Illuminate/Http/Request))
#39 C:/Users/hamza/Desktop/PROYECTOS/APP/mightyfitness/fitness-backend/vendor/laravel/framework/src/Illuminate/Pipeline/Pipeline.php(170): Illuminate/Foundation/Http/Kernel->Illuminate/Foundation/Http/{closure}(Object(Illuminate/Http/Request))
#40 C:/Users/hamza/Desktop/PROYECTOS/APP/mightyfitness/fitness-backend/vendor/livewire/livewire/src/Features/SupportDisablingBackButtonCache/DisableBackButtonCacheMiddleware.php(19): Illuminate/Pipeline/Pipeline->Illuminate/Pipeline/{closure}(Object(Illuminate/Http/Request))
#41 C:/Users/hamza/Desktop/PROYECTOS/APP/mightyfitness/fitness-backend/vendor/laravel/framework/src/Illuminate/Pipeline/Pipeline.php(209): Livewire/Features/SupportDisablingBackButtonCache/DisableBackButtonCacheMiddleware->handle(Object(Illuminate/Http/Request), Object(Closure))
#42 C:/Users/hamza/Desktop/PROYECTOS/APP/mightyfitness/fitness-backend/vendor/laravel/framework/src/Illuminate/Foundation/Http/Middleware/TransformsRequest.php(21): Illuminate/Pipeline/Pipeline->Illuminate/Pipeline/{closure}(Object(Illuminate/Http/Request))
#43 C:/Users/hamza/Desktop/PROYECTOS/APP/mightyfitness/fitness-backend/vendor/laravel/framework/src/Illuminate/Foundation/Http/Middleware/ConvertEmptyStringsToNull.php(31): Illuminate/Foundation/Http/Middleware/TransformsRequest->handle(Object(Illuminate/Http/Request), Object(Closure))
#44 C:/Users/hamza/Desktop/PROYECTOS/APP/mightyfitness/fitness-backend/vendor/laravel/framework/src/Illuminate/Pipeline/Pipeline.php(209): Illuminate/Foundation/Http/Middleware/ConvertEmptyStringsToNull->handle(Object(Illuminate/Http/Request), Object(Closure))
#45 C:/Users/hamza/Desktop/PROYECTOS/APP/mightyfitness/fitness-backend/vendor/laravel/framework/src/Illuminate/Foundation/Http/Middleware/TransformsRequest.php(21): Illuminate/Pipeline/Pipeline->Illuminate/Pipeline/{closure}(Object(Illuminate/Http/Request))
#46 C:/Users/hamza/Desktop/PROYECTOS/APP/mightyfitness/fitness-backend/vendor/laravel/framework/src/Illuminate/Foundation/Http/Middleware/TrimStrings.php(51): Illuminate/Foundation/Http/Middleware/TransformsRequest->handle(Object(Illuminate/Http/Request), Object(Closure))
#47 C:/Users/hamza/Desktop/PROYECTOS/APP/mightyfitness/fitness-backend/vendor/laravel/framework/src/Illuminate/Pipeline/Pipeline.php(209): Illuminate/Foundation/Http/Middleware/TrimStrings->handle(Object(Illuminate/Http/Request), Object(Closure))
#48 C:/Users/hamza/Desktop/PROYECTOS/APP/mightyfitness/fitness-backend/vendor/laravel/framework/src/Illuminate/Http/Middleware/ValidatePostSize.php(27): Illuminate/Pipeline/Pipeline->Illuminate/Pipeline/{closure}(Object(Illuminate/Http/Request))
#49 C:/Users/hamza/Desktop/PROYECTOS/APP/mightyfitness/fitness-backend/vendor/laravel/framework/src/Illuminate/Pipeline/Pipeline.php(209): Illuminate/Http/Middleware/ValidatePostSize->handle(Object(Illuminate/Http/Request), Object(Closure))
#50 C:/Users/hamza/Desktop/PROYECTOS/APP/mightyfitness/fitness-backend/vendor/laravel/framework/src/Illuminate/Foundation/Http/Middleware/PreventRequestsDuringMaintenance.php(110): Illuminate/Pipeline/Pipeline->Illuminate/Pipeline/{closure}(Object(Illuminate/Http/Request))
#51 C:/Users/hamza/Desktop/PROYECTOS/APP/mightyfitness/fitness-backend/vendor/laravel/framework/src/Illuminate/Pipeline/Pipeline.php(209): Illuminate/Foundation/Http/Middleware/PreventRequestsDuringMaintenance->handle(Object(Illuminate/Http/Request), Object(Closure))
#52 C:/Users/hamza/Desktop/PROYECTOS/APP/mightyfitness/fitness-backend/vendor/laravel/framework/src/Illuminate/Http/Middleware/HandleCors.php(62): Illuminate/Pipeline/Pipeline->Illuminate/Pipeline/{closure}(Object(Illuminate/Http/Request))
#53 C:/Users/hamza/Desktop/PROYECTOS/APP/mightyfitness/fitness-backend/vendor/laravel/framework/src/Illuminate/Pipeline/Pipeline.php(209): Illuminate/Http/Middleware/HandleCors->handle(Object(Illuminate/Http/Request), Object(Closure))
#54 C:/Users/hamza/Desktop/PROYECTOS/APP/mightyfitness/fitness-backend/vendor/laravel/framework/src/Illuminate/Pipeline/Pipeline.php(127): Illuminate/Pipeline/Pipeline->Illuminate/Pipeline/{closure}(Object(Illuminate/Http/Request))
#55 C:/Users/hamza/Desktop/PROYECTOS/APP/mightyfitness/fitness-backend/vendor/laravel/framework/src/Illuminate/Foundation/Http/Kernel.php(176): Illuminate/Pipeline/Pipeline->then(Object(Closure))
#56 C:/Users/hamza/Desktop/PROYECTOS/APP/mightyfitness/fitness-backend/vendor/laravel/framework/src/Illuminate/Foundation/Http/Kernel.php(145): Illuminate/Foundation/Http/Kernel->sendRequestThroughRouter(Object(Illuminate/Http/Request))
#57 C:/Users/hamza/Desktop/PROYECTOS/APP/mightyfitness/fitness-backend/public/index.php(51): Illuminate/Foundation/Http/Kernel->handle(Object(Illuminate/Http/Request))
#58 C:/Users/hamza/Desktop/PROYECTOS/APP/mightyfitness/fitness-backend/server.php(21): require_once('C://Users//hamza//...')
#59 {main}

[previous exception] [object] (PDOException(code: 42S22): SQLSTATE[42S22]: Column not found: 1054 Unknown column 'client_tag_assignments.tag_id' in 'field list' at C:/Users/hamza/Desktop/PROYECTOS/APP/mightyfitness/fitness-backend/vendor/laravel/framework/src/Illuminate/Database/Connection.php:407)
[stacktrace]
#0 C:/Users/hamza/Desktop/PROYECTOS/APP/mightyfitness/fitness-backend/vendor/laravel/framework/src/Illuminate/Database/Connection.php(407): PDO->prepare('select `client_...')
#1 C:/Users/hamza/Desktop/PROYECTOS/APP/mightyfitness/fitness-backend/vendor/laravel/framework/src/Illuminate/Database/Connection.php(812): Illuminate/Database/Connection->Illuminate/Database/{closure}('select `client_...', Array)
#2 C:/Users/hamza/Desktop/PROYECTOS/APP/mightyfitness/fitness-backend/vendor/laravel/framework/src/Illuminate/Database/Connection.php(779): Illuminate/Database/Connection->runQueryCallback('select `client_...', Array, Object(Closure))
#3 C:/Users/hamza/Desktop/PROYECTOS/APP/mightyfitness/fitness-backend/vendor/laravel/framework/src/Illuminate/Database/Connection.php(398): Illuminate/Database/Connection->run('select `client_...', Array, Object(Closure))
#4 C:/Users/hamza/Desktop/PROYECTOS/APP/mightyfitness/fitness-backend/vendor/laravel/framework/src/Illuminate/Database/Query/Builder.php(3106): Illuminate/Database/Connection->select('select `client_...', Array, true)
#5 C:/Users/hamza/Desktop/PROYECTOS/APP/mightyfitness/fitness-backend/vendor/laravel/framework/src/Illuminate/Database/Query/Builder.php(3091): Illuminate/Database/Query/Builder->runSelect()
#6 C:/Users/hamza/Desktop/PROYECTOS/APP/mightyfitness/fitness-backend/vendor/laravel/framework/src/Illuminate/Database/Query/Builder.php(3676): Illuminate/Database/Query/Builder->Illuminate/Database/Query/{closure}()
#7 C:/Users/hamza/Desktop/PROYECTOS/APP/mightyfitness/fitness-backend/vendor/laravel/framework/src/Illuminate/Database/Query/Builder.php(3090): Illuminate/Database/Query/Builder->onceWithColumns(Array, Object(Closure))
#8 C:/Users/hamza/Desktop/PROYECTOS/APP/mightyfitness/fitness-backend/vendor/laravel/framework/src/Illuminate/Database/Eloquent/Builder.php(811): Illuminate/Database/Query/Builder->get(Array)
#9 C:/Users/hamza/Desktop/PROYECTOS/APP/mightyfitness/fitness-backend/vendor/laravel/framework/src/Illuminate/Database/Eloquent/Relations/BelongsToMany.php(887): Illuminate/Database/Eloquent/Builder->getModels()
#10 C:/Users/hamza/Desktop/PROYECTOS/APP/mightyfitness/fitness-backend/vendor/laravel/framework/src/Illuminate/Database/Eloquent/Relations/Relation.php(176): Illuminate/Database/Eloquent/Relations/BelongsToMany->get()
#11 C:/Users/hamza/Desktop/PROYECTOS/APP/mightyfitness/fitness-backend/vendor/laravel/framework/src/Illuminate/Database/Eloquent/Builder.php(859): Illuminate/Database/Eloquent/Relations/Relation->getEager()
#12 C:/Users/hamza/Desktop/PROYECTOS/APP/mightyfitness/fitness-backend/vendor/laravel/framework/src/Illuminate/Database/Eloquent/Builder.php(828): Illuminate/Database/Eloquent/Builder->eagerLoadRelation(Array, 'tags', Object(Closure))
#13 C:/Users/hamza/Desktop/PROYECTOS/APP/mightyfitness/fitness-backend/vendor/laravel/framework/src/Illuminate/Database/Eloquent/Builder.php(794): Illuminate/Database/Eloquent/Builder->eagerLoadRelations(Array)
#14 C:/Users/hamza/Desktop/PROYECTOS/APP/mightyfitness/fitness-backend/vendor/laravel/framework/src/Illuminate/Database/Concerns/BuildsQueries.php(343): Illuminate/Database/Eloquent/Builder->get(Array)
#15 C:/Users/hamza/Desktop/PROYECTOS/APP/mightyfitness/fitness-backend/vendor/laravel/framework/src/Illuminate/Database/Eloquent/Builder.php(477): Illuminate/Database/Eloquent/Builder->first(Array)
#16 C:/Users/hamza/Desktop/PROYECTOS/APP/mightyfitness/fitness-backend/app/Http/Controllers/API/ClientTagController.php(55): Illuminate/Database/Eloquent/Builder->find('8')
#17 C:/Users/hamza/Desktop/PROYECTOS/APP/mightyfitness/fitness-backend/vendor/laravel/framework/src/Illuminate/Routing/Controller.php(54): App/Http/Controllers/API/ClientTagController->getClientTags(Object(Illuminate/Http/Request))
#18 C:/Users/hamza/Desktop/PROYECTOS/APP/mightyfitness/fitness-backend/vendor/laravel/framework/src/Illuminate/Routing/ControllerDispatcher.php(44): Illuminate/Routing/Controller->callAction('getClientTags', Array)
#19 C:/Users/hamza/Desktop/PROYECTOS/APP/mightyfitness/fitness-backend/vendor/laravel/framework/src/Illuminate/Routing/Route.php(266): Illuminate/Routing/ControllerDispatcher->dispatch(Object(Illuminate/Routing/Route), Object(App/Http/Controllers/API/ClientTagController), 'getClientTags')
#20 C:/Users/hamza/Desktop/PROYECTOS/APP/mightyfitness/fitness-backend/vendor/laravel/framework/src/Illuminate/Routing/Route.php(212): Illuminate/Routing/Route->runController()
#21 C:/Users/hamza/Desktop/PROYECTOS/APP/mightyfitness/fitness-backend/vendor/laravel/framework/src/Illuminate/Routing/Router.php(808): Illuminate/Routing/Route->run()
#22 C:/Users/hamza/Desktop/PROYECTOS/APP/mightyfitness/fitness-backend/vendor/laravel/framework/src/Illuminate/Pipeline/Pipeline.php(170): Illuminate/Routing/Router->Illuminate/Routing/{closure}(Object(Illuminate/Http/Request))
#23 C:/Users/hamza/Desktop/PROYECTOS/APP/mightyfitness/fitness-backend/app/Http/Middleware/AdminApi.php(26): Illuminate/Pipeline/Pipeline->Illuminate/Pipeline/{closure}(Object(Illuminate/Http/Request))
#24 C:/Users/hamza/Desktop/PROYECTOS/APP/mightyfitness/fitness-backend/vendor/laravel/framework/src/Illuminate/Pipeline/Pipeline.php(209): App/Http/Middleware/AdminApi->handle(Object(Illuminate/Http/Request), Object(Closure))
#25 C:/Users/hamza/Desktop/PROYECTOS/APP/mightyfitness/fitness-backend/app/Http/Middleware/API/CheckUserStatus.php(26): Illuminate/Pipeline/Pipeline->Illuminate/Pipeline/{closure}(Object(Illuminate/Http/Request))
#26 C:/Users/hamza/Desktop/PROYECTOS/APP/mightyfitness/fitness-backend/vendor/laravel/framework/src/Illuminate/Pipeline/Pipeline.php(209): App/Http/Middleware/API/CheckUserStatus->handle(Object(Illuminate/Http/Request), Object(Closure))
#27 C:/Users/hamza/Desktop/PROYECTOS/APP/mightyfitness/fitness-backend/vendor/laravel/framework/src/Illuminate/Routing/Middleware/SubstituteBindings.php(51): Illuminate/Pipeline/Pipeline->Illuminate/Pipeline/{closure}(Object(Illuminate/Http/Request))
#28 C:/Users/hamza/Desktop/PROYECTOS/APP/mightyfitness/fitness-backend/vendor/laravel/framework/src/Illuminate/Pipeline/Pipeline.php(209): Illuminate/Routing/Middleware/SubstituteBindings->handle(Object(Illuminate/Http/Request), Object(Closure))
#29 C:/Users/hamza/Desktop/PROYECTOS/APP/mightyfitness/fitness-backend/vendor/laravel/framework/src/Illuminate/Routing/Middleware/ThrottleRequests.php(161): Illuminate/Pipeline/Pipeline->Illuminate/Pipeline/{closure}(Object(Illuminate/Http/Request))
#30 C:/Users/hamza/Desktop/PROYECTOS/APP/mightyfitness/fitness-backend/vendor/laravel/framework/src/Illuminate/Routing/Middleware/ThrottleRequests.php(127): Illuminate/Routing/Middleware/ThrottleRequests->handleRequest(Object(Illuminate/Http/Request), Object(Closure), Array)
#31 C:/Users/hamza/Desktop/PROYECTOS/APP/mightyfitness/fitness-backend/vendor/laravel/framework/src/Illuminate/Routing/Middleware/ThrottleRequests.php(89): Illuminate/Routing/Middleware/ThrottleRequests->handleRequestUsingNamedLimiter(Object(Illuminate/Http/Request), Object(Closure), 'api', Object(Closure))
#32 C:/Users/hamza/Desktop/PROYECTOS/APP/mightyfitness/fitness-backend/vendor/laravel/framework/src/Illuminate/Pipeline/Pipeline.php(209): Illuminate/Routing/Middleware/ThrottleRequests->handle(Object(Illuminate/Http/Request), Object(Closure), 'api')
#33 C:/Users/hamza/Desktop/PROYECTOS/APP/mightyfitness/fitness-backend/vendor/laravel/framework/src/Illuminate/Auth/Middleware/Authenticate.php(64): Illuminate/Pipeline/Pipeline->Illuminate/Pipeline/{closure}(Object(Illuminate/Http/Request))
#34 C:/Users/hamza/Desktop/PROYECTOS/APP/mightyfitness/fitness-backend/vendor/laravel/framework/src/Illuminate/Pipeline/Pipeline.php(209): Illuminate/Auth/Middleware/Authenticate->handle(Object(Illuminate/Http/Request), Object(Closure), 'sanctum')
#35 C:/Users/hamza/Desktop/PROYECTOS/APP/mightyfitness/fitness-backend/vendor/laravel/framework/src/Illuminate/Pipeline/Pipeline.php(127): Illuminate/Pipeline/Pipeline->Illuminate/Pipeline/{closure}(Object(Illuminate/Http/Request))
#36 C:/Users/hamza/Desktop/PROYECTOS/APP/mightyfitness/fitness-backend/vendor/laravel/framework/src/Illuminate/Routing/Router.php(807): Illuminate/Pipeline/Pipeline->then(Object(Closure))
#37 C:/Users/hamza/Desktop/PROYECTOS/APP/mightyfitness/fitness-backend/vendor/laravel/framework/src/Illuminate/Routing/Router.php(786): Illuminate/Routing/Router->runRouteWithinStack(Object(Illuminate/Routing/Route), Object(Illuminate/Http/Request))
#38 C:/Users/hamza/Desktop/PROYECTOS/APP/mightyfitness/fitness-backend/vendor/laravel/framework/src/Illuminate/Routing/Router.php(750): Illuminate/Routing/Router->runRoute(Object(Illuminate/Http/Request), Object(Illuminate/Routing/Route))
#39 C:/Users/hamza/Desktop/PROYECTOS/APP/mightyfitness/fitness-backend/vendor/laravel/framework/src/Illuminate/Routing/Router.php(739): Illuminate/Routing/Router->dispatchToRoute(Object(Illuminate/Http/Request))
#40 C:/Users/hamza/Desktop/PROYECTOS/APP/mightyfitness/fitness-backend/vendor/laravel/framework/src/Illuminate/Foundation/Http/Kernel.php(201): Illuminate/Routing/Router->dispatch(Object(Illuminate/Http/Request))
#41 C:/Users/hamza/Desktop/PROYECTOS/APP/mightyfitness/fitness-backend/vendor/laravel/framework/src/Illuminate/Pipeline/Pipeline.php(170): Illuminate/Foundation/Http/Kernel->Illuminate/Foundation/Http/{closure}(Object(Illuminate/Http/Request))
#42 C:/Users/hamza/Desktop/PROYECTOS/APP/mightyfitness/fitness-backend/vendor/livewire/livewire/src/Features/SupportDisablingBackButtonCache/DisableBackButtonCacheMiddleware.php(19): Illuminate/Pipeline/Pipeline->Illuminate/Pipeline/{closure}(Object(Illuminate/Http/Request))
#43 C:/Users/hamza/Desktop/PROYECTOS/APP/mightyfitness/fitness-backend/vendor/laravel/framework/src/Illuminate/Pipeline/Pipeline.php(209): Livewire/Features/SupportDisablingBackButtonCache/DisableBackButtonCacheMiddleware->handle(Object(Illuminate/Http/Request), Object(Closure))
#44 C:/Users/hamza/Desktop/PROYECTOS/APP/mightyfitness/fitness-backend/vendor/laravel/framework/src/Illuminate/Foundation/Http/Middleware/TransformsRequest.php(21): Illuminate/Pipeline/Pipeline->Illuminate/Pipeline/{closure}(Object(Illuminate/Http/Request))
#45 C:/Users/hamza/Desktop/PROYECTOS/APP/mightyfitness/fitness-backend/vendor/laravel/framework/src/Illuminate/Foundation/Http/Middleware/ConvertEmptyStringsToNull.php(31): Illuminate/Foundation/Http/Middleware/TransformsRequest->handle(Object(Illuminate/Http/Request), Object(Closure))
#46 C:/Users/hamza/Desktop/PROYECTOS/APP/mightyfitness/fitness-backend/vendor/laravel/framework/src/Illuminate/Pipeline/Pipeline.php(209): Illuminate/Foundation/Http/Middleware/ConvertEmptyStringsToNull->handle(Object(Illuminate/Http/Request), Object(Closure))
#47 C:/Users/hamza/Desktop/PROYECTOS/APP/mightyfitness/fitness-backend/vendor/laravel/framework/src/Illuminate/Foundation/Http/Middleware/TransformsRequest.php(21): Illuminate/Pipeline/Pipeline->Illuminate/Pipeline/{closure}(Object(Illuminate/Http/Request))
#48 C:/Users/hamza/Desktop/PROYECTOS/APP/mightyfitness/fitness-backend/vendor/laravel/framework/src/Illuminate/Foundation/Http/Middleware/TrimStrings.php(51): Illuminate/Foundation/Http/Middleware/TransformsRequest->handle(Object(Illuminate/Http/Request), Object(Closure))
#49 C:/Users/hamza/Desktop/PROYECTOS/APP/mightyfitness/fitness-backend/vendor/laravel/framework/src/Illuminate/Pipeline/Pipeline.php(209): Illuminate/Foundation/Http/Middleware/TrimStrings->handle(Object(Illuminate/Http/Request), Object(Closure))
#50 C:/Users/hamza/Desktop/PROYECTOS/APP/mightyfitness/fitness-backend/vendor/laravel/framework/src/Illuminate/Http/Middleware/ValidatePostSize.php(27): Illuminate/Pipeline/Pipeline->Illuminate/Pipeline/{closure}(Object(Illuminate/Http/Request))
#51 C:/Users/hamza/Desktop/PROYECTOS/APP/mightyfitness/fitness-backend/vendor/laravel/framework/src/Illuminate/Pipeline/Pipeline.php(209): Illuminate/Http/Middleware/ValidatePostSize->handle(Object(Illuminate/Http/Request), Object(Closure))
#52 C:/Users/hamza/Desktop/PROYECTOS/APP/mightyfitness/fitness-backend/vendor/laravel/framework/src/Illuminate/Foundation/Http/Middleware/PreventRequestsDuringMaintenance.php(110): Illuminate/Pipeline/Pipeline->Illuminate/Pipeline/{closure}(Object(Illuminate/Http/Request))
#53 C:/Users/hamza/Desktop/PROYECTOS/APP/mightyfitness/fitness-backend/vendor/laravel/framework/src/Illuminate/Pipeline/Pipeline.php(209): Illuminate/Foundation/Http/Middleware/PreventRequestsDuringMaintenance->handle(Object(Illuminate/Http/Request), Object(Closure))
#54 C:/Users/hamza/Desktop/PROYECTOS/APP/mightyfitness/fitness-backend/vendor/laravel/framework/src/Illuminate/Http/Middleware/HandleCors.php(62): Illuminate/Pipeline/Pipeline->Illuminate/Pipeline/{closure}(Object(Illuminate/Http/Request))
#55 C:/Users/hamza/Desktop/PROYECTOS/APP/mightyfitness/fitness-backend/vendor/laravel/framework/src/Illuminate/Pipeline/Pipeline.php(209): Illuminate/Http/Middleware/HandleCors->handle(Object(Illuminate/Http/Request), Object(Closure))
#56 C:/Users/hamza/Desktop/PROYECTOS/APP/mightyfitness/fitness-backend/vendor/laravel/framework/src/Illuminate/Pipeline/Pipeline.php(127): Illuminate/Pipeline/Pipeline->Illuminate/Pipeline/{closure}(Object(Illuminate/Http/Request))
#57 C:/Users/hamza/Desktop/PROYECTOS/APP/mightyfitness/fitness-backend/vendor/laravel/framework/src/Illuminate/Foundation/Http/Kernel.php(176): Illuminate/Pipeline/Pipeline->then(Object(Closure))
#58 C:/Users/hamza/Desktop/PROYECTOS/APP/mightyfitness/fitness-backend/vendor/laravel/framework/src/Illuminate/Foundation/Http/Kernel.php(145): Illuminate/Foundation/Http/Kernel->sendRequestThroughRouter(Object(Illuminate/Http/Request))
#59 C:/Users/hamza/Desktop/PROYECTOS/APP/mightyfitness/fitness-backend/public/index.php(51): Illuminate/Foundation/Http/Kernel->handle(Object(Illuminate/Http/Request))
#60 C:/Users/hamza/Desktop/PROYECTOS/APP/mightyfitness/fitness-backend/server.php(21): require_once('C://Users//hamza//...')
#61 {main}
"} 
[2026-08-06 17:37:52] local.ERROR: SQLSTATE[42S22]: Column not found: 1054 Unknown column 'client_tag_assignments.tag_id' in 'field list' (Connection: mysql, SQL: select `client_tags`.*, `client_tag_assignments`.`client_id` as `pivot_client_id`, `client_tag_assignments`.`tag_id` as `pivot_tag_id` from `client_tags` inner join `client_tag_assignments` on `client_tags`.`id` = `client_tag_assignments`.`tag_id` where `client_tag_assignments`.`client_id` in (8)) {"userId":2,"exception":"[object] (Illuminate\\Database\\QueryException(code: 42S22): SQLSTATE[42S22]: Column not found: 1054 Unknown column 'client_tag_assignments.tag_id' in 'field list' (Connection: mysql, SQL: select `client_tags`.*, `client_tag_assignments`.`client_id` as `pivot_client_id`, `client_tag_assignments`.`tag_id` as `pivot_tag_id` from `client_tags` inner join `client_tag_assignments` on `client_tags`.`id` = `client_tag_assignments`.`tag_id` where `client_tag_assignments`.`client_id` in (8)) at C:/Users/hamza/Desktop/PROYECTOS/APP/mightyfitness/fitness-backend/vendor/laravel/framework/src/Illuminate/Database/Connection.php:825)
[stacktrace]
#0 C:/Users/hamza/Desktop/PROYECTOS/APP/mightyfitness/fitness-backend/vendor/laravel/framework/src/Illuminate/Database/Connection.php(779): Illuminate/Database/Connection->runQueryCallback('select `client_...', Array, Object(Closure))
#1 C:/Users/hamza/Desktop/PROYECTOS/APP/mightyfitness/fitness-backend/vendor/laravel/framework/src/Illuminate/Database/Connection.php(398): Illuminate/Database/Connection->run('select `client_...', Array, Object(Closure))
#2 C:/Users/hamza/Desktop/PROYECTOS/APP/mightyfitness/fitness-backend/vendor/laravel/framework/src/Illuminate/Database/Query/Builder.php(3106): Illuminate/Database/Connection->select('select `client_...', Array, true)
#3 C:/Users/hamza/Desktop/PROYECTOS/APP/mightyfitness/fitness-backend/vendor/laravel/framework/src/Illuminate/Database/Query/Builder.php(3091): Illuminate/Database/Query/Builder->runSelect()
#4 C:/Users/hamza/Desktop/PROYECTOS/APP/mightyfitness/fitness-backend/vendor/laravel/framework/src/Illuminate/Database/Query/Builder.php(3676): Illuminate/Database/Query/Builder->Illuminate/Database/Query/{closure}()
#5 C:/Users/hamza/Desktop/PROYECTOS/APP/mightyfitness/fitness-backend/vendor/laravel/framework/src/Illuminate/Database/Query/Builder.php(3090): Illuminate/Database/Query/Builder->onceWithColumns(Array, Object(Closure))
#6 C:/Users/hamza/Desktop/PROYECTOS/APP/mightyfitness/fitness-backend/vendor/laravel/framework/src/Illuminate/Database/Eloquent/Builder.php(811): Illuminate/Database/Query/Builder->get(Array)
#7 C:/Users/hamza/Desktop/PROYECTOS/APP/mightyfitness/fitness-backend/vendor/laravel/framework/src/Illuminate/Database/Eloquent/Relations/BelongsToMany.php(887): Illuminate/Database/Eloquent/Builder->getModels()
#8 C:/Users/hamza/Desktop/PROYECTOS/APP/mightyfitness/fitness-backend/vendor/laravel/framework/src/Illuminate/Database/Eloquent/Relations/Relation.php(176): Illuminate/Database/Eloquent/Relations/BelongsToMany->get()
#9 C:/Users/hamza/Desktop/PROYECTOS/APP/mightyfitness/fitness-backend/vendor/laravel/framework/src/Illuminate/Database/Eloquent/Builder.php(859): Illuminate/Database/Eloquent/Relations/Relation->getEager()
#10 C:/Users/hamza/Desktop/PROYECTOS/APP/mightyfitness/fitness-backend/vendor/laravel/framework/src/Illuminate/Database/Eloquent/Builder.php(828): Illuminate/Database/Eloquent/Builder->eagerLoadRelation(Array, 'tags', Object(Closure))
#11 C:/Users/hamza/Desktop/PROYECTOS/APP/mightyfitness/fitness-backend/vendor/laravel/framework/src/Illuminate/Database/Eloquent/Builder.php(794): Illuminate/Database/Eloquent/Builder->eagerLoadRelations(Array)
#12 C:/Users/hamza/Desktop/PROYECTOS/APP/mightyfitness/fitness-backend/vendor/laravel/framework/src/Illuminate/Database/Concerns/BuildsQueries.php(343): Illuminate/Database/Eloquent/Builder->get(Array)
#13 C:/Users/hamza/Desktop/PROYECTOS/APP/mightyfitness/fitness-backend/vendor/laravel/framework/src/Illuminate/Database/Eloquent/Builder.php(477): Illuminate/Database/Eloquent/Builder->first(Array)
#14 C:/Users/hamza/Desktop/PROYECTOS/APP/mightyfitness/fitness-backend/app/Http/Controllers/API/ClientTagController.php(55): Illuminate/Database/Eloquent/Builder->find('8')
#15 C:/Users/hamza/Desktop/PROYECTOS/APP/mightyfitness/fitness-backend/vendor/laravel/framework/src/Illuminate/Routing/Controller.php(54): App/Http/Controllers/API/ClientTagController->getClientTags(Object(Illuminate/Http/Request))
#16 C:/Users/hamza/Desktop/PROYECTOS/APP/mightyfitness/fitness-backend/vendor/laravel/framework/src/Illuminate/Routing/ControllerDispatcher.php(44): Illuminate/Routing/Controller->callAction('getClientTags', Array)
#17 C:/Users/hamza/Desktop/PROYECTOS/APP/mightyfitness/fitness-backend/vendor/laravel/framework/src/Illuminate/Routing/Route.php(266): Illuminate/Routing/ControllerDispatcher->dispatch(Object(Illuminate/Routing/Route), Object(App/Http/Controllers/API/ClientTagController), 'getClientTags')
#18 C:/Users/hamza/Desktop/PROYECTOS/APP/mightyfitness/fitness-backend/vendor/laravel/framework/src/Illuminate/Routing/Route.php(212): Illuminate/Routing/Route->runController()
#19 C:/Users/hamza/Desktop/PROYECTOS/APP/mightyfitness/fitness-backend/vendor/laravel/framework/src/Illuminate/Routing/Router.php(808): Illuminate/Routing/Route->run()
#20 C:/Users/hamza/Desktop/PROYECTOS/APP/mightyfitness/fitness-backend/vendor/laravel/framework/src/Illuminate/Pipeline/Pipeline.php(170): Illuminate/Routing/Router->Illuminate/Routing/{closure}(Object(Illuminate/Http/Request))
#21 C:/Users/hamza/Desktop/PROYECTOS/APP/mightyfitness/fitness-backend/app/Http/Middleware/AdminApi.php(26): Illuminate/Pipeline/Pipeline->Illuminate/Pipeline/{closure}(Object(Illuminate/Http/Request))
#22 C:/Users/hamza/Desktop/PROYECTOS/APP/mightyfitness/fitness-backend/vendor/laravel/framework/src/Illuminate/Pipeline/Pipeline.php(209): App/Http/Middleware/AdminApi->handle(Object(Illuminate/Http/Request), Object(Closure))
#23 C:/Users/hamza/Desktop/PROYECTOS/APP/mightyfitness/fitness-backend/app/Http/Middleware/API/CheckUserStatus.php(26): Illuminate/Pipeline/Pipeline->Illuminate/Pipeline/{closure}(Object(Illuminate/Http/Request))
#24 C:/Users/hamza/Desktop/PROYECTOS/APP/mightyfitness/fitness-backend/vendor/laravel/framework/src/Illuminate/Pipeline/Pipeline.php(209): App/Http/Middleware/API/CheckUserStatus->handle(Object(Illuminate/Http/Request), Object(Closure))
#25 C:/Users/hamza/Desktop/PROYECTOS/APP/mightyfitness/fitness-backend/vendor/laravel/framework/src/Illuminate/Routing/Middleware/SubstituteBindings.php(51): Illuminate/Pipeline/Pipeline->Illuminate/Pipeline/{closure}(Object(Illuminate/Http/Request))
#26 C:/Users/hamza/Desktop/PROYECTOS/APP/mightyfitness/fitness-backend/vendor/laravel/framework/src/Illuminate/Pipeline/Pipeline.php(209): Illuminate/Routing/Middleware/SubstituteBindings->handle(Object(Illuminate/Http/Request), Object(Closure))
#27 C:/Users/hamza/Desktop/PROYECTOS/APP/mightyfitness/fitness-backend/vendor/laravel/framework/src/Illuminate/Routing/Middleware/ThrottleRequests.php(161): Illuminate/Pipeline/Pipeline->Illuminate/Pipeline/{closure}(Object(Illuminate/Http/Request))
#28 C:/Users/hamza/Desktop/PROYECTOS/APP/mightyfitness/fitness-backend/vendor/laravel/framework/src/Illuminate/Routing/Middleware/ThrottleRequests.php(127): Illuminate/Routing/Middleware/ThrottleRequests->handleRequest(Object(Illuminate/Http/Request), Object(Closure), Array)
#29 C:/Users/hamza/Desktop/PROYECTOS/APP/mightyfitness/fitness-backend/vendor/laravel/framework/src/Illuminate/Routing/Middleware/ThrottleRequests.php(89): Illuminate/Routing/Middleware/ThrottleRequests->handleRequestUsingNamedLimiter(Object(Illuminate/Http/Request), Object(Closure), 'api', Object(Closure))
#30 C:/Users/hamza/Desktop/PROYECTOS/APP/mightyfitness/fitness-backend/vendor/laravel/framework/src/Illuminate/Pipeline/Pipeline.php(209): Illuminate/Routing/Middleware/ThrottleRequests->handle(Object(Illuminate/Http/Request), Object(Closure), 'api')
#31 C:/Users/hamza/Desktop/PROYECTOS/APP/mightyfitness/fitness-backend/vendor/laravel/framework/src/Illuminate/Auth/Middleware/Authenticate.php(64): Illuminate/Pipeline/Pipeline->Illuminate/Pipeline/{closure}(Object(Illuminate/Http/Request))
#32 C:/Users/hamza/Desktop/PROYECTOS/APP/mightyfitness/fitness-backend/vendor/laravel/framework/src/Illuminate/Pipeline/Pipeline.php(209): Illuminate/Auth/Middleware/Authenticate->handle(Object(Illuminate/Http/Request), Object(Closure), 'sanctum')
#33 C:/Users/hamza/Desktop/PROYECTOS/APP/mightyfitness/fitness-backend/vendor/laravel/framework/src/Illuminate/Pipeline/Pipeline.php(127): Illuminate/Pipeline/Pipeline->Illuminate/Pipeline/{closure}(Object(Illuminate/Http/Request))
#34 C:/Users/hamza/Desktop/PROYECTOS/APP/mightyfitness/fitness-backend/vendor/laravel/framework/src/Illuminate/Routing/Router.php(807): Illuminate/Pipeline/Pipeline->then(Object(Closure))
#35 C:/Users/hamza/Desktop/PROYECTOS/APP/mightyfitness/fitness-backend/vendor/laravel/framework/src/Illuminate/Routing/Router.php(786): Illuminate/Routing/Router->runRouteWithinStack(Object(Illuminate/Routing/Route), Object(Illuminate/Http/Request))
#36 C:/Users/hamza/Desktop/PROYECTOS/APP/mightyfitness/fitness-backend/vendor/laravel/framework/src/Illuminate/Routing/Router.php(750): Illuminate/Routing/Router->runRoute(Object(Illuminate/Http/Request), Object(Illuminate/Routing/Route))
#37 C:/Users/hamza/Desktop/PROYECTOS/APP/mightyfitness/fitness-backend/vendor/laravel/framework/src/Illuminate/Routing/Router.php(739): Illuminate/Routing/Router->dispatchToRoute(Object(Illuminate/Http/Request))
#38 C:/Users/hamza/Desktop/PROYECTOS/APP/mightyfitness/fitness-backend/vendor/laravel/framework/src/Illuminate/Foundation/Http/Kernel.php(201): Illuminate/Routing/Router->dispatch(Object(Illuminate/Http/Request))
#39 C:/Users/hamza/Desktop/PROYECTOS/APP/mightyfitness/fitness-backend/vendor/laravel/framework/src/Illuminate/Pipeline/Pipeline.php(170): Illuminate/Foundation/Http/Kernel->Illuminate/Foundation/Http/{closure}(Object(Illuminate/Http/Request))
#40 C:/Users/hamza/Desktop/PROYECTOS/APP/mightyfitness/fitness-backend/vendor/livewire/livewire/src/Features/SupportDisablingBackButtonCache/DisableBackButtonCacheMiddleware.php(19): Illuminate/Pipeline/Pipeline->Illuminate/Pipeline/{closure}(Object(Illuminate/Http/Request))
#41 C:/Users/hamza/Desktop/PROYECTOS/APP/mightyfitness/fitness-backend/vendor/laravel/framework/src/Illuminate/Pipeline/Pipeline.php(209): Livewire/Features/SupportDisablingBackButtonCache/DisableBackButtonCacheMiddleware->handle(Object(Illuminate/Http/Request), Object(Closure))
#42 C:/Users/hamza/Desktop/PROYECTOS/APP/mightyfitness/fitness-backend/vendor/laravel/framework/src/Illuminate/Foundation/Http/Middleware/TransformsRequest.php(21): Illuminate/Pipeline/Pipeline->Illuminate/Pipeline/{closure}(Object(Illuminate/Http/Request))
#43 C:/Users/hamza/Desktop/PROYECTOS/APP/mightyfitness/fitness-backend/vendor/laravel/framework/src/Illuminate/Foundation/Http/Middleware/ConvertEmptyStringsToNull.php(31): Illuminate/Foundation/Http/Middleware/TransformsRequest->handle(Object(Illuminate/Http/Request), Object(Closure))
#44 C:/Users/hamza/Desktop/PROYECTOS/APP/mightyfitness/fitness-backend/vendor/laravel/framework/src/Illuminate/Pipeline/Pipeline.php(209): Illuminate/Foundation/Http/Middleware/ConvertEmptyStringsToNull->handle(Object(Illuminate/Http/Request), Object(Closure))
#45 C:/Users/hamza/Desktop/PROYECTOS/APP/mightyfitness/fitness-backend/vendor/laravel/framework/src/Illuminate/Foundation/Http/Middleware/TransformsRequest.php(21): Illuminate/Pipeline/Pipeline->Illuminate/Pipeline/{closure}(Object(Illuminate/Http/Request))
#46 C:/Users/hamza/Desktop/PROYECTOS/APP/mightyfitness/fitness-backend/vendor/laravel/framework/src/Illuminate/Foundation/Http/Middleware/TrimStrings.php(51): Illuminate/Foundation/Http/Middleware/TransformsRequest->handle(Object(Illuminate/Http/Request), Object(Closure))
#47 C:/Users/hamza/Desktop/PROYECTOS/APP/mightyfitness/fitness-backend/vendor/laravel/framework/src/Illuminate/Pipeline/Pipeline.php(209): Illuminate/Foundation/Http/Middleware/TrimStrings->handle(Object(Illuminate/Http/Request), Object(Closure))
#48 C:/Users/hamza/Desktop/PROYECTOS/APP/mightyfitness/fitness-backend/vendor/laravel/framework/src/Illuminate/Http/Middleware/ValidatePostSize.php(27): Illuminate/Pipeline/Pipeline->Illuminate/Pipeline/{closure}(Object(Illuminate/Http/Request))
#49 C:/Users/hamza/Desktop/PROYECTOS/APP/mightyfitness/fitness-backend/vendor/laravel/framework/src/Illuminate/Pipeline/Pipeline.php(209): Illuminate/Http/Middleware/ValidatePostSize->handle(Object(Illuminate/Http/Request), Object(Closure))
#50 C:/Users/hamza/Desktop/PROYECTOS/APP/mightyfitness/fitness-backend/vendor/laravel/framework/src/Illuminate/Foundation/Http/Middleware/PreventRequestsDuringMaintenance.php(110): Illuminate/Pipeline/Pipeline->Illuminate/Pipeline/{closure}(Object(Illuminate/Http/Request))
#51 C:/Users/hamza/Desktop/PROYECTOS/APP/mightyfitness/fitness-backend/vendor/laravel/framework/src/Illuminate/Pipeline/Pipeline.php(209): Illuminate/Foundation/Http/Middleware/PreventRequestsDuringMaintenance->handle(Object(Illuminate/Http/Request), Object(Closure))
#52 C:/Users/hamza/Desktop/PROYECTOS/APP/mightyfitness/fitness-backend/vendor/laravel/framework/src/Illuminate/Http/Middleware/HandleCors.php(62): Illuminate/Pipeline/Pipeline->Illuminate/Pipeline/{closure}(Object(Illuminate/Http/Request))
#53 C:/Users/hamza/Desktop/PROYECTOS/APP/mightyfitness/fitness-backend/vendor/laravel/framework/src/Illuminate/Pipeline/Pipeline.php(209): Illuminate/Http/Middleware/HandleCors->handle(Object(Illuminate/Http/Request), Object(Closure))
#54 C:/Users/hamza/Desktop/PROYECTOS/APP/mightyfitness/fitness-backend/vendor/laravel/framework/src/Illuminate/Pipeline/Pipeline.php(127): Illuminate/Pipeline/Pipeline->Illuminate/Pipeline/{closure}(Object(Illuminate/Http/Request))
#55 C:/Users/hamza/Desktop/PROYECTOS/APP/mightyfitness/fitness-backend/vendor/laravel/framework/src/Illuminate/Foundation/Http/Kernel.php(176): Illuminate/Pipeline/Pipeline->then(Object(Closure))
#56 C:/Users/hamza/Desktop/PROYECTOS/APP/mightyfitness/fitness-backend/vendor/laravel/framework/src/Illuminate/Foundation/Http/Kernel.php(145): Illuminate/Foundation/Http/Kernel->sendRequestThroughRouter(Object(Illuminate/Http/Request))
#57 C:/Users/hamza/Desktop/PROYECTOS/APP/mightyfitness/fitness-backend/public/index.php(51): Illuminate/Foundation/Http/Kernel->handle(Object(Illuminate/Http/Request))
#58 C:/Users/hamza/Desktop/PROYECTOS/APP/mightyfitness/fitness-backend/server.php(21): require_once('C://Users//hamza//...')
#59 {main}

[previous exception] [object] (PDOException(code: 42S22): SQLSTATE[42S22]: Column not found: 1054 Unknown column 'client_tag_assignments.tag_id' in 'field list' at C:/Users/hamza/Desktop/PROYECTOS/APP/mightyfitness/fitness-backend/vendor/laravel/framework/src/Illuminate/Database/Connection.php:407)
[stacktrace]
#0 C:/Users/hamza/Desktop/PROYECTOS/APP/mightyfitness/fitness-backend/vendor/laravel/framework/src/Illuminate/Database/Connection.php(407): PDO->prepare('select `client_...')
#1 C:/Users/hamza/Desktop/PROYECTOS/APP/mightyfitness/fitness-backend/vendor/laravel/framework/src/Illuminate/Database/Connection.php(812): Illuminate/Database/Connection->Illuminate/Database/{closure}('select `client_...', Array)
#2 C:/Users/hamza/Desktop/PROYECTOS/APP/mightyfitness/fitness-backend/vendor/laravel/framework/src/Illuminate/Database/Connection.php(779): Illuminate/Database/Connection->runQueryCallback('select `client_...', Array, Object(Closure))
#3 C:/Users/hamza/Desktop/PROYECTOS/APP/mightyfitness/fitness-backend/vendor/laravel/framework/src/Illuminate/Database/Connection.php(398): Illuminate/Database/Connection->run('select `client_...', Array, Object(Closure))
#4 C:/Users/hamza/Desktop/PROYECTOS/APP/mightyfitness/fitness-backend/vendor/laravel/framework/src/Illuminate/Database/Query/Builder.php(3106): Illuminate/Database/Connection->select('select `client_...', Array, true)
#5 C:/Users/hamza/Desktop/PROYECTOS/APP/mightyfitness/fitness-backend/vendor/laravel/framework/src/Illuminate/Database/Query/Builder.php(3091): Illuminate/Database/Query/Builder->runSelect()
#6 C:/Users/hamza/Desktop/PROYECTOS/APP/mightyfitness/fitness-backend/vendor/laravel/framework/src/Illuminate/Database/Query/Builder.php(3676): Illuminate/Database/Query/Builder->Illuminate/Database/Query/{closure}()
#7 C:/Users/hamza/Desktop/PROYECTOS/APP/mightyfitness/fitness-backend/vendor/laravel/framework/src/Illuminate/Database/Query/Builder.php(3090): Illuminate/Database/Query/Builder->onceWithColumns(Array, Object(Closure))
#8 C:/Users/hamza/Desktop/PROYECTOS/APP/mightyfitness/fitness-backend/vendor/laravel/framework/src/Illuminate/Database/Eloquent/Builder.php(811): Illuminate/Database/Query/Builder->get(Array)
#9 C:/Users/hamza/Desktop/PROYECTOS/APP/mightyfitness/fitness-backend/vendor/laravel/framework/src/Illuminate/Database/Eloquent/Relations/BelongsToMany.php(887): Illuminate/Database/Eloquent/Builder->getModels()
#10 C:/Users/hamza/Desktop/PROYECTOS/APP/mightyfitness/fitness-backend/vendor/laravel/framework/src/Illuminate/Database/Eloquent/Relations/Relation.php(176): Illuminate/Database/Eloquent/Relations/BelongsToMany->get()
#11 C:/Users/hamza/Desktop/PROYECTOS/APP/mightyfitness/fitness-backend/vendor/laravel/framework/src/Illuminate/Database/Eloquent/Builder.php(859): Illuminate/Database/Eloquent/Relations/Relation->getEager()
#12 C:/Users/hamza/Desktop/PROYECTOS/APP/mightyfitness/fitness-backend/vendor/laravel/framework/src/Illuminate/Database/Eloquent/Builder.php(828): Illuminate/Database/Eloquent/Builder->eagerLoadRelation(Array, 'tags', Object(Closure))
#13 C:/Users/hamza/Desktop/PROYECTOS/APP/mightyfitness/fitness-backend/vendor/laravel/framework/src/Illuminate/Database/Eloquent/Builder.php(794): Illuminate/Database/Eloquent/Builder->eagerLoadRelations(Array)
#14 C:/Users/hamza/Desktop/PROYECTOS/APP/mightyfitness/fitness-backend/vendor/laravel/framework/src/Illuminate/Database/Concerns/BuildsQueries.php(343): Illuminate/Database/Eloquent/Builder->get(Array)
#15 C:/Users/hamza/Desktop/PROYECTOS/APP/mightyfitness/fitness-backend/vendor/laravel/framework/src/Illuminate/Database/Eloquent/Builder.php(477): Illuminate/Database/Eloquent/Builder->first(Array)
#16 C:/Users/hamza/Desktop/PROYECTOS/APP/mightyfitness/fitness-backend/app/Http/Controllers/API/ClientTagController.php(55): Illuminate/Database/Eloquent/Builder->find('8')
#17 C:/Users/hamza/Desktop/PROYECTOS/APP/mightyfitness/fitness-backend/vendor/laravel/framework/src/Illuminate/Routing/Controller.php(54): App/Http/Controllers/API/ClientTagController->getClientTags(Object(Illuminate/Http/Request))
#18 C:/Users/hamza/Desktop/PROYECTOS/APP/mightyfitness/fitness-backend/vendor/laravel/framework/src/Illuminate/Routing/ControllerDispatcher.php(44): Illuminate/Routing/Controller->callAction('getClientTags', Array)
#19 C:/Users/hamza/Desktop/PROYECTOS/APP/mightyfitness/fitness-backend/vendor/laravel/framework/src/Illuminate/Routing/Route.php(266): Illuminate/Routing/ControllerDispatcher->dispatch(Object(Illuminate/Routing/Route), Object(App/Http/Controllers/API/ClientTagController), 'getClientTags')
#20 C:/Users/hamza/Desktop/PROYECTOS/APP/mightyfitness/fitness-backend/vendor/laravel/framework/src/Illuminate/Routing/Route.php(212): Illuminate/Routing/Route->runController()
#21 C:/Users/hamza/Desktop/PROYECTOS/APP/mightyfitness/fitness-backend/vendor/laravel/framework/src/Illuminate/Routing/Router.php(808): Illuminate/Routing/Route->run()
#22 C:/Users/hamza/Desktop/PROYECTOS/APP/mightyfitness/fitness-backend/vendor/laravel/framework/src/Illuminate/Pipeline/Pipeline.php(170): Illuminate/Routing/Router->Illuminate/Routing/{closure}(Object(Illuminate/Http/Request))
#23 C:/Users/hamza/Desktop/PROYECTOS/APP/mightyfitness/fitness-backend/app/Http/Middleware/AdminApi.php(26): Illuminate/Pipeline/Pipeline->Illuminate/Pipeline/{closure}(Object(Illuminate/Http/Request))
#24 C:/Users/hamza/Desktop/PROYECTOS/APP/mightyfitness/fitness-backend/vendor/laravel/framework/src/Illuminate/Pipeline/Pipeline.php(209): App/Http/Middleware/AdminApi->handle(Object(Illuminate/Http/Request), Object(Closure))
#25 C:/Users/hamza/Desktop/PROYECTOS/APP/mightyfitness/fitness-backend/app/Http/Middleware/API/CheckUserStatus.php(26): Illuminate/Pipeline/Pipeline->Illuminate/Pipeline/{closure}(Object(Illuminate/Http/Request))
#26 C:/Users/hamza/Desktop/PROYECTOS/APP/mightyfitness/fitness-backend/vendor/laravel/framework/src/Illuminate/Pipeline/Pipeline.php(209): App/Http/Middleware/API/CheckUserStatus->handle(Object(Illuminate/Http/Request), Object(Closure))
#27 C:/Users/hamza/Desktop/PROYECTOS/APP/mightyfitness/fitness-backend/vendor/laravel/framework/src/Illuminate/Routing/Middleware/SubstituteBindings.php(51): Illuminate/Pipeline/Pipeline->Illuminate/Pipeline/{closure}(Object(Illuminate/Http/Request))
#28 C:/Users/hamza/Desktop/PROYECTOS/APP/mightyfitness/fitness-backend/vendor/laravel/framework/src/Illuminate/Pipeline/Pipeline.php(209): Illuminate/Routing/Middleware/SubstituteBindings->handle(Object(Illuminate/Http/Request), Object(Closure))
#29 C:/Users/hamza/Desktop/PROYECTOS/APP/mightyfitness/fitness-backend/vendor/laravel/framework/src/Illuminate/Routing/Middleware/ThrottleRequests.php(161): Illuminate/Pipeline/Pipeline->Illuminate/Pipeline/{closure}(Object(Illuminate/Http/Request))
#30 C:/Users/hamza/Desktop/PROYECTOS/APP/mightyfitness/fitness-backend/vendor/laravel/framework/src/Illuminate/Routing/Middleware/ThrottleRequests.php(127): Illuminate/Routing/Middleware/ThrottleRequests->handleRequest(Object(Illuminate/Http/Request), Object(Closure), Array)
#31 C:/Users/hamza/Desktop/PROYECTOS/APP/mightyfitness/fitness-backend/vendor/laravel/framework/src/Illuminate/Routing/Middleware/ThrottleRequests.php(89): Illuminate/Routing/Middleware/ThrottleRequests->handleRequestUsingNamedLimiter(Object(Illuminate/Http/Request), Object(Closure), 'api', Object(Closure))
#32 C:/Users/hamza/Desktop/PROYECTOS/APP/mightyfitness/fitness-backend/vendor/laravel/framework/src/Illuminate/Pipeline/Pipeline.php(209): Illuminate/Routing/Middleware/ThrottleRequests->handle(Object(Illuminate/Http/Request), Object(Closure), 'api')
#33 C:/Users/hamza/Desktop/PROYECTOS/APP/mightyfitness/fitness-backend/vendor/laravel/framework/src/Illuminate/Auth/Middleware/Authenticate.php(64): Illuminate/Pipeline/Pipeline->Illuminate/Pipeline/{closure}(Object(Illuminate/Http/Request))
#34 C:/Users/hamza/Desktop/PROYECTOS/APP/mightyfitness/fitness-backend/vendor/laravel/framework/src/Illuminate/Pipeline/Pipeline.php(209): Illuminate/Auth/Middleware/Authenticate->handle(Object(Illuminate/Http/Request), Object(Closure), 'sanctum')
#35 C:/Users/hamza/Desktop/PROYECTOS/APP/mightyfitness/fitness-backend/vendor/laravel/framework/src/Illuminate/Pipeline/Pipeline.php(127): Illuminate/Pipeline/Pipeline->Illuminate/Pipeline/{closure}(Object(Illuminate/Http/Request))
#36 C:/Users/hamza/Desktop/PROYECTOS/APP/mightyfitness/fitness-backend/vendor/laravel/framework/src/Illuminate/Routing/Router.php(807): Illuminate/Pipeline/Pipeline->then(Object(Closure))
#37 C:/Users/hamza/Desktop/PROYECTOS/APP/mightyfitness/fitness-backend/vendor/laravel/framework/src/Illuminate/Routing/Router.php(786): Illuminate/Routing/Router->runRouteWithinStack(Object(Illuminate/Routing/Route), Object(Illuminate/Http/Request))
#38 C:/Users/hamza/Desktop/PROYECTOS/APP/mightyfitness/fitness-backend/vendor/laravel/framework/src/Illuminate/Routing/Router.php(750): Illuminate/Routing/Router->runRoute(Object(Illuminate/Http/Request), Object(Illuminate/Routing/Route))
#39 C:/Users/hamza/Desktop/PROYECTOS/APP/mightyfitness/fitness-backend/vendor/laravel/framework/src/Illuminate/Routing/Router.php(739): Illuminate/Routing/Router->dispatchToRoute(Object(Illuminate/Http/Request))
#40 C:/Users/hamza/Desktop/PROYECTOS/APP/mightyfitness/fitness-backend/vendor/laravel/framework/src/Illuminate/Foundation/Http/Kernel.php(201): Illuminate/Routing/Router->dispatch(Object(Illuminate/Http/Request))
#41 C:/Users/hamza/Desktop/PROYECTOS/APP/mightyfitness/fitness-backend/vendor/laravel/framework/src/Illuminate/Pipeline/Pipeline.php(170): Illuminate/Foundation/Http/Kernel->Illuminate/Foundation/Http/{closure}(Object(Illuminate/Http/Request))
#42 C:/Users/hamza/Desktop/PROYECTOS/APP/mightyfitness/fitness-backend/vendor/livewire/livewire/src/Features/SupportDisablingBackButtonCache/DisableBackButtonCacheMiddleware.php(19): Illuminate/Pipeline/Pipeline->Illuminate/Pipeline/{closure}(Object(Illuminate/Http/Request))
#43 C:/Users/hamza/Desktop/PROYECTOS/APP/mightyfitness/fitness-backend/vendor/laravel/framework/src/Illuminate/Pipeline/Pipeline.php(209): Livewire/Features/SupportDisablingBackButtonCache/DisableBackButtonCacheMiddleware->handle(Object(Illuminate/Http/Request), Object(Closure))
#44 C:/Users/hamza/Desktop/PROYECTOS/APP/mightyfitness/fitness-backend/vendor/laravel/framework/src/Illuminate/Foundation/Http/Middleware/TransformsRequest.php(21): Illuminate/Pipeline/Pipeline->Illuminate/Pipeline/{closure}(Object(Illuminate/Http/Request))
#45 C:/Users/hamza/Desktop/PROYECTOS/APP/mightyfitness/fitness-backend/vendor/laravel/framework/src/Illuminate/Foundation/Http/Middleware/ConvertEmptyStringsToNull.php(31): Illuminate/Foundation/Http/Middleware/TransformsRequest->handle(Object(Illuminate/Http/Request), Object(Closure))
#46 C:/Users/hamza/Desktop/PROYECTOS/APP/mightyfitness/fitness-backend/vendor/laravel/framework/src/Illuminate/Pipeline/Pipeline.php(209): Illuminate/Foundation/Http/Middleware/ConvertEmptyStringsToNull->handle(Object(Illuminate/Http/Request), Object(Closure))
#47 C:/Users/hamza/Desktop/PROYECTOS/APP/mightyfitness/fitness-backend/vendor/laravel/framework/src/Illuminate/Foundation/Http/Middleware/TransformsRequest.php(21): Illuminate/Pipeline/Pipeline->Illuminate/Pipeline/{closure}(Object(Illuminate/Http/Request))
#48 C:/Users/hamza/Desktop/PROYECTOS/APP/mightyfitness/fitness-backend/vendor/laravel/framework/src/Illuminate/Foundation/Http/Middleware/TrimStrings.php(51): Illuminate/Foundation/Http/Middleware/TransformsRequest->handle(Object(Illuminate/Http/Request), Object(Closure))
#49 C:/Users/hamza/Desktop/PROYECTOS/APP/mightyfitness/fitness-backend/vendor/laravel/framework/src/Illuminate/Pipeline/Pipeline.php(209): Illuminate/Foundation/Http/Middleware/TrimStrings->handle(Object(Illuminate/Http/Request), Object(Closure))
#50 C:/Users/hamza/Desktop/PROYECTOS/APP/mightyfitness/fitness-backend/vendor/laravel/framework/src/Illuminate/Http/Middleware/ValidatePostSize.php(27): Illuminate/Pipeline/Pipeline->Illuminate/Pipeline/{closure}(Object(Illuminate/Http/Request))
#51 C:/Users/hamza/Desktop/PROYECTOS/APP/mightyfitness/fitness-backend/vendor/laravel/framework/src/Illuminate/Pipeline/Pipeline.php(209): Illuminate/Http/Middleware/ValidatePostSize->handle(Object(Illuminate/Http/Request), Object(Closure))
#52 C:/Users/hamza/Desktop/PROYECTOS/APP/mightyfitness/fitness-backend/vendor/laravel/framework/src/Illuminate/Foundation/Http/Middleware/PreventRequestsDuringMaintenance.php(110): Illuminate/Pipeline/Pipeline->Illuminate/Pipeline/{closure}(Object(Illuminate/Http/Request))
#53 C:/Users/hamza/Desktop/PROYECTOS/APP/mightyfitness/fitness-backend/vendor/laravel/framework/src/Illuminate/Pipeline/Pipeline.php(209): Illuminate/Foundation/Http/Middleware/PreventRequestsDuringMaintenance->handle(Object(Illuminate/Http/Request), Object(Closure))
#54 C:/Users/hamza/Desktop/PROYECTOS/APP/mightyfitness/fitness-backend/vendor/laravel/framework/src/Illuminate/Http/Middleware/HandleCors.php(62): Illuminate/Pipeline/Pipeline->Illuminate/Pipeline/{closure}(Object(Illuminate/Http/Request))
#55 C:/Users/hamza/Desktop/PROYECTOS/APP/mightyfitness/fitness-backend/vendor/laravel/framework/src/Illuminate/Pipeline/Pipeline.php(209): Illuminate/Http/Middleware/HandleCors->handle(Object(Illuminate/Http/Request), Object(Closure))
#56 C:/Users/hamza/Desktop/PROYECTOS/APP/mightyfitness/fitness-backend/vendor/laravel/framework/src/Illuminate/Pipeline/Pipeline.php(127): Illuminate/Pipeline/Pipeline->Illuminate/Pipeline/{closure}(Object(Illuminate/Http/Request))
#57 C:/Users/hamza/Desktop/PROYECTOS/APP/mightyfitness/fitness-backend/vendor/laravel/framework/src/Illuminate/Foundation/Http/Kernel.php(176): Illuminate/Pipeline/Pipeline->then(Object(Closure))
#58 C:/Users/hamza/Desktop/PROYECTOS/APP/mightyfitness/fitness-backend/vendor/laravel/framework/src/Illuminate/Foundation/Http/Kernel.php(145): Illuminate/Foundation/Http/Kernel->sendRequestThroughRouter(Object(Illuminate/Http/Request))
#59 C:/Users/hamza/Desktop/PROYECTOS/APP/mightyfitness/fitness-backend/public/index.php(51): Illuminate/Foundation/Http/Kernel->handle(Object(Illuminate/Http/Request))
#60 C:/Users/hamza/Desktop/PROYECTOS/APP/mightyfitness/fitness-backend/server.php(21): require_once('C://Users//hamza//...')
#61 {main}
"} 
[2026-08-06 17:37:56] local.ERROR: SQLSTATE[42S22]: Column not found: 1054 Unknown column 'client_tag_assignments.tag_id' in 'field list' (Connection: mysql, SQL: select `client_tags`.*, `client_tag_assignments`.`client_id` as `pivot_client_id`, `client_tag_assignments`.`tag_id` as `pivot_tag_id` from `client_tags` inner join `client_tag_assignments` on `client_tags`.`id` = `client_tag_assignments`.`tag_id` where `client_tag_assignments`.`client_id` in (8)) {"userId":2,"exception":"[object] (Illuminate\\Database\\QueryException(code: 42S22): SQLSTATE[42S22]: Column not found: 1054 Unknown column 'client_tag_assignments.tag_id' in 'field list' (Connection: mysql, SQL: select `client_tags`.*, `client_tag_assignments`.`client_id` as `pivot_client_id`, `client_tag_assignments`.`tag_id` as `pivot_tag_id` from `client_tags` inner join `client_tag_assignments` on `client_tags`.`id` = `client_tag_assignments`.`tag_id` where `client_tag_assignments`.`client_id` in (8)) at C:/Users/hamza/Desktop/PROYECTOS/APP/mightyfitness/fitness-backend/vendor/laravel/framework/src/Illuminate/Database/Connection.php:825)
[stacktrace]
#0 C:/Users/hamza/Desktop/PROYECTOS/APP/mightyfitness/fitness-backend/vendor/laravel/framework/src/Illuminate/Database/Connection.php(779): Illuminate/Database/Connection->runQueryCallback('select `client_...', Array, Object(Closure))
#1 C:/Users/hamza/Desktop/PROYECTOS/APP/mightyfitness/fitness-backend/vendor/laravel/framework/src/Illuminate/Database/Connection.php(398): Illuminate/Database/Connection->run('select `client_...', Array, Object(Closure))
#2 C:/Users/hamza/Desktop/PROYECTOS/APP/mightyfitness/fitness-backend/vendor/laravel/framework/src/Illuminate/Database/Query/Builder.php(3106): Illuminate/Database/Connection->select('select `client_...', Array, true)
#3 C:/Users/hamza/Desktop/PROYECTOS/APP/mightyfitness/fitness-backend/vendor/laravel/framework/src/Illuminate/Database/Query/Builder.php(3091): Illuminate/Database/Query/Builder->runSelect()
#4 C:/Users/hamza/Desktop/PROYECTOS/APP/mightyfitness/fitness-backend/vendor/laravel/framework/src/Illuminate/Database/Query/Builder.php(3676): Illuminate/Database/Query/Builder->Illuminate/Database/Query/{closure}()
#5 C:/Users/hamza/Desktop/PROYECTOS/APP/mightyfitness/fitness-backend/vendor/laravel/framework/src/Illuminate/Database/Query/Builder.php(3090): Illuminate/Database/Query/Builder->onceWithColumns(Array, Object(Closure))
#6 C:/Users/hamza/Desktop/PROYECTOS/APP/mightyfitness/fitness-backend/vendor/laravel/framework/src/Illuminate/Database/Eloquent/Builder.php(811): Illuminate/Database/Query/Builder->get(Array)
#7 C:/Users/hamza/Desktop/PROYECTOS/APP/mightyfitness/fitness-backend/vendor/laravel/framework/src/Illuminate/Database/Eloquent/Relations/BelongsToMany.php(887): Illuminate/Database/Eloquent/Builder->getModels()
#8 C:/Users/hamza/Desktop/PROYECTOS/APP/mightyfitness/fitness-backend/vendor/laravel/framework/src/Illuminate/Database/Eloquent/Relations/Relation.php(176): Illuminate/Database/Eloquent/Relations/BelongsToMany->get()
#9 C:/Users/hamza/Desktop/PROYECTOS/APP/mightyfitness/fitness-backend/vendor/laravel/framework/src/Illuminate/Database/Eloquent/Builder.php(859): Illuminate/Database/Eloquent/Relations/Relation->getEager()
#10 C:/Users/hamza/Desktop/PROYECTOS/APP/mightyfitness/fitness-backend/vendor/laravel/framework/src/Illuminate/Database/Eloquent/Builder.php(828): Illuminate/Database/Eloquent/Builder->eagerLoadRelation(Array, 'tags', Object(Closure))
#11 C:/Users/hamza/Desktop/PROYECTOS/APP/mightyfitness/fitness-backend/vendor/laravel/framework/src/Illuminate/Database/Eloquent/Builder.php(794): Illuminate/Database/Eloquent/Builder->eagerLoadRelations(Array)
#12 C:/Users/hamza/Desktop/PROYECTOS/APP/mightyfitness/fitness-backend/vendor/laravel/framework/src/Illuminate/Database/Concerns/BuildsQueries.php(343): Illuminate/Database/Eloquent/Builder->get(Array)
#13 C:/Users/hamza/Desktop/PROYECTOS/APP/mightyfitness/fitness-backend/vendor/laravel/framework/src/Illuminate/Database/Eloquent/Builder.php(477): Illuminate/Database/Eloquent/Builder->first(Array)
#14 C:/Users/hamza/Desktop/PROYECTOS/APP/mightyfitness/fitness-backend/app/Http/Controllers/API/ClientTagController.php(55): Illuminate/Database/Eloquent/Builder->find('8')
#15 C:/Users/hamza/Desktop/PROYECTOS/APP/mightyfitness/fitness-backend/vendor/laravel/framework/src/Illuminate/Routing/Controller.php(54): App/Http/Controllers/API/ClientTagController->getClientTags(Object(Illuminate/Http/Request))
#16 C:/Users/hamza/Desktop/PROYECTOS/APP/mightyfitness/fitness-backend/vendor/laravel/framework/src/Illuminate/Routing/ControllerDispatcher.php(44): Illuminate/Routing/Controller->callAction('getClientTags', Array)
#17 C:/Users/hamza/Desktop/PROYECTOS/APP/mightyfitness/fitness-backend/vendor/laravel/framework/src/Illuminate/Routing/Route.php(266): Illuminate/Routing/ControllerDispatcher->dispatch(Object(Illuminate/Routing/Route), Object(App/Http/Controllers/API/ClientTagController), 'getClientTags')
#18 C:/Users/hamza/Desktop/PROYECTOS/APP/mightyfitness/fitness-backend/vendor/laravel/framework/src/Illuminate/Routing/Route.php(212): Illuminate/Routing/Route->runController()
#19 C:/Users/hamza/Desktop/PROYECTOS/APP/mightyfitness/fitness-backend/vendor/laravel/framework/src/Illuminate/Routing/Router.php(808): Illuminate/Routing/Route->run()
#20 C:/Users/hamza/Desktop/PROYECTOS/APP/mightyfitness/fitness-backend/vendor/laravel/framework/src/Illuminate/Pipeline/Pipeline.php(170): Illuminate/Routing/Router->Illuminate/Routing/{closure}(Object(Illuminate/Http/Request))
#21 C:/Users/hamza/Desktop/PROYECTOS/APP/mightyfitness/fitness-backend/app/Http/Middleware/AdminApi.php(26): Illuminate/Pipeline/Pipeline->Illuminate/Pipeline/{closure}(Object(Illuminate/Http/Request))
#22 C:/Users/hamza/Desktop/PROYECTOS/APP/mightyfitness/fitness-backend/vendor/laravel/framework/src/Illuminate/Pipeline/Pipeline.php(209): App/Http/Middleware/AdminApi->handle(Object(Illuminate/Http/Request), Object(Closure))
#23 C:/Users/hamza/Desktop/PROYECTOS/APP/mightyfitness/fitness-backend/app/Http/Middleware/API/CheckUserStatus.php(26): Illuminate/Pipeline/Pipeline->Illuminate/Pipeline/{closure}(Object(Illuminate/Http/Request))
#24 C:/Users/hamza/Desktop/PROYECTOS/APP/mightyfitness/fitness-backend/vendor/laravel/framework/src/Illuminate/Pipeline/Pipeline.php(209): App/Http/Middleware/API/CheckUserStatus->handle(Object(Illuminate/Http/Request), Object(Closure))
#25 C:/Users/hamza/Desktop/PROYECTOS/APP/mightyfitness/fitness-backend/vendor/laravel/framework/src/Illuminate/Routing/Middleware/SubstituteBindings.php(51): Illuminate/Pipeline/Pipeline->Illuminate/Pipeline/{closure}(Object(Illuminate/Http/Request))
#26 C:/Users/hamza/Desktop/PROYECTOS/APP/mightyfitness/fitness-backend/vendor/laravel/framework/src/Illuminate/Pipeline/Pipeline.php(209): Illuminate/Routing/Middleware/SubstituteBindings->handle(Object(Illuminate/Http/Request), Object(Closure))
#27 C:/Users/hamza/Desktop/PROYECTOS/APP/mightyfitness/fitness-backend/vendor/laravel/framework/src/Illuminate/Routing/Middleware/ThrottleRequests.php(161): Illuminate/Pipeline/Pipeline->Illuminate/Pipeline/{closure}(Object(Illuminate/Http/Request))
#28 C:/Users/hamza/Desktop/PROYECTOS/APP/mightyfitness/fitness-backend/vendor/laravel/framework/src/Illuminate/Routing/Middleware/ThrottleRequests.php(127): Illuminate/Routing/Middleware/ThrottleRequests->handleRequest(Object(Illuminate/Http/Request), Object(Closure), Array)
#29 C:/Users/hamza/Desktop/PROYECTOS/APP/mightyfitness/fitness-backend/vendor/laravel/framework/src/Illuminate/Routing/Middleware/ThrottleRequests.php(89): Illuminate/Routing/Middleware/ThrottleRequests->handleRequestUsingNamedLimiter(Object(Illuminate/Http/Request), Object(Closure), 'api', Object(Closure))
#30 C:/Users/hamza/Desktop/PROYECTOS/APP/mightyfitness/fitness-backend/vendor/laravel/framework/src/Illuminate/Pipeline/Pipeline.php(209): Illuminate/Routing/Middleware/ThrottleRequests->handle(Object(Illuminate/Http/Request), Object(Closure), 'api')
#31 C:/Users/hamza/Desktop/PROYECTOS/APP/mightyfitness/fitness-backend/vendor/laravel/framework/src/Illuminate/Auth/Middleware/Authenticate.php(64): Illuminate/Pipeline/Pipeline->Illuminate/Pipeline/{closure}(Object(Illuminate/Http/Request))
#32 C:/Users/hamza/Desktop/PROYECTOS/APP/mightyfitness/fitness-backend/vendor/laravel/framework/src/Illuminate/Pipeline/Pipeline.php(209): Illuminate/Auth/Middleware/Authenticate->handle(Object(Illuminate/Http/Request), Object(Closure), 'sanctum')
#33 C:/Users/hamza/Desktop/PROYECTOS/APP/mightyfitness/fitness-backend/vendor/laravel/framework/src/Illuminate/Pipeline/Pipeline.php(127): Illuminate/Pipeline/Pipeline->Illuminate/Pipeline/{closure}(Object(Illuminate/Http/Request))
#34 C:/Users/hamza/Desktop/PROYECTOS/APP/mightyfitness/fitness-backend/vendor/laravel/framework/src/Illuminate/Routing/Router.php(807): Illuminate/Pipeline/Pipeline->then(Object(Closure))
#35 C:/Users/hamza/Desktop/PROYECTOS/APP/mightyfitness/fitness-backend/vendor/laravel/framework/src/Illuminate/Routing/Router.php(786): Illuminate/Routing/Router->runRouteWithinStack(Object(Illuminate/Routing/Route), Object(Illuminate/Http/Request))
#36 C:/Users/hamza/Desktop/PROYECTOS/APP/mightyfitness/fitness-backend/vendor/laravel/framework/src/Illuminate/Routing/Router.php(750): Illuminate/Routing/Router->runRoute(Object(Illuminate/Http/Request), Object(Illuminate/Routing/Route))
#37 C:/Users/hamza/Desktop/PROYECTOS/APP/mightyfitness/fitness-backend/vendor/laravel/framework/src/Illuminate/Routing/Router.php(739): Illuminate/Routing/Router->dispatchToRoute(Object(Illuminate/Http/Request))
#38 C:/Users/hamza/Desktop/PROYECTOS/APP/mightyfitness/fitness-backend/vendor/laravel/framework/src/Illuminate/Foundation/Http/Kernel.php(201): Illuminate/Routing/Router->dispatch(Object(Illuminate/Http/Request))
#39 C:/Users/hamza/Desktop/PROYECTOS/APP/mightyfitness/fitness-backend/vendor/laravel/framework/src/Illuminate/Pipeline/Pipeline.php(170): Illuminate/Foundation/Http/Kernel->Illuminate/Foundation/Http/{closure}(Object(Illuminate/Http/Request))
#40 C:/Users/hamza/Desktop/PROYECTOS/APP/mightyfitness/fitness-backend/vendor/livewire/livewire/src/Features/SupportDisablingBackButtonCache/DisableBackButtonCacheMiddleware.php(19): Illuminate/Pipeline/Pipeline->Illuminate/Pipeline/{closure}(Object(Illuminate/Http/Request))
#41 C:/Users/hamza/Desktop/PROYECTOS/APP/mightyfitness/fitness-backend/vendor/laravel/framework/src/Illuminate/Pipeline/Pipeline.php(209): Livewire/Features/SupportDisablingBackButtonCache/DisableBackButtonCacheMiddleware->handle(Object(Illuminate/Http/Request), Object(Closure))
#42 C:/Users/hamza/Desktop/PROYECTOS/APP/mightyfitness/fitness-backend/vendor/laravel/framework/src/Illuminate/Foundation/Http/Middleware/TransformsRequest.php(21): Illuminate/Pipeline/Pipeline->Illuminate/Pipeline/{closure}(Object(Illuminate/Http/Request))
#43 C:/Users/hamza/Desktop/PROYECTOS/APP/mightyfitness/fitness-backend/vendor/laravel/framework/src/Illuminate/Foundation/Http/Middleware/ConvertEmptyStringsToNull.php(31): Illuminate/Foundation/Http/Middleware/TransformsRequest->handle(Object(Illuminate/Http/Request), Object(Closure))
#44 C:/Users/hamza/Desktop/PROYECTOS/APP/mightyfitness/fitness-backend/vendor/laravel/framework/src/Illuminate/Pipeline/Pipeline.php(209): Illuminate/Foundation/Http/Middleware/ConvertEmptyStringsToNull->handle(Object(Illuminate/Http/Request), Object(Closure))
#45 C:/Users/hamza/Desktop/PROYECTOS/APP/mightyfitness/fitness-backend/vendor/laravel/framework/src/Illuminate/Foundation/Http/Middleware/TransformsRequest.php(21): Illuminate/Pipeline/Pipeline->Illuminate/Pipeline/{closure}(Object(Illuminate/Http/Request))
#46 C:/Users/hamza/Desktop/PROYECTOS/APP/mightyfitness/fitness-backend/vendor/laravel/framework/src/Illuminate/Foundation/Http/Middleware/TrimStrings.php(51): Illuminate/Foundation/Http/Middleware/TransformsRequest->handle(Object(Illuminate/Http/Request), Object(Closure))
#47 C:/Users/hamza/Desktop/PROYECTOS/APP/mightyfitness/fitness-backend/vendor/laravel/framework/src/Illuminate/Pipeline/Pipeline.php(209): Illuminate/Foundation/Http/Middleware/TrimStrings->handle(Object(Illuminate/Http/Request), Object(Closure))
#48 C:/Users/hamza/Desktop/PROYECTOS/APP/mightyfitness/fitness-backend/vendor/laravel/framework/src/Illuminate/Http/Middleware/ValidatePostSize.php(27): Illuminate/Pipeline/Pipeline->Illuminate/Pipeline/{closure}(Object(Illuminate/Http/Request))
#49 C:/Users/hamza/Desktop/PROYECTOS/APP/mightyfitness/fitness-backend/vendor/laravel/framework/src/Illuminate/Pipeline/Pipeline.php(209): Illuminate/Http/Middleware/ValidatePostSize->handle(Object(Illuminate/Http/Request), Object(Closure))
#50 C:/Users/hamza/Desktop/PROYECTOS/APP/mightyfitness/fitness-backend/vendor/laravel/framework/src/Illuminate/Foundation/Http/Middleware/PreventRequestsDuringMaintenance.php(110): Illuminate/Pipeline/Pipeline->Illuminate/Pipeline/{closure}(Object(Illuminate/Http/Request))
#51 C:/Users/hamza/Desktop/PROYECTOS/APP/mightyfitness/fitness-backend/vendor/laravel/framework/src/Illuminate/Pipeline/Pipeline.php(209): Illuminate/Foundation/Http/Middleware/PreventRequestsDuringMaintenance->handle(Object(Illuminate/Http/Request), Object(Closure))
#52 C:/Users/hamza/Desktop/PROYECTOS/APP/mightyfitness/fitness-backend/vendor/laravel/framework/src/Illuminate/Http/Middleware/HandleCors.php(62): Illuminate/Pipeline/Pipeline->Illuminate/Pipeline/{closure}(Object(Illuminate/Http/Request))
#53 C:/Users/hamza/Desktop/PROYECTOS/APP/mightyfitness/fitness-backend/vendor/laravel/framework/src/Illuminate/Pipeline/Pipeline.php(209): Illuminate/Http/Middleware/HandleCors->handle(Object(Illuminate/Http/Request), Object(Closure))
#54 C:/Users/hamza/Desktop/PROYECTOS/APP/mightyfitness/fitness-backend/vendor/laravel/framework/src/Illuminate/Pipeline/Pipeline.php(127): Illuminate/Pipeline/Pipeline->Illuminate/Pipeline/{closure}(Object(Illuminate/Http/Request))
#55 C:/Users/hamza/Desktop/PROYECTOS/APP/mightyfitness/fitness-backend/vendor/laravel/framework/src/Illuminate/Foundation/Http/Kernel.php(176): Illuminate/Pipeline/Pipeline->then(Object(Closure))
#56 C:/Users/hamza/Desktop/PROYECTOS/APP/mightyfitness/fitness-backend/vendor/laravel/framework/src/Illuminate/Foundation/Http/Kernel.php(145): Illuminate/Foundation/Http/Kernel->sendRequestThroughRouter(Object(Illuminate/Http/Request))
#57 C:/Users/hamza/Desktop/PROYECTOS/APP/mightyfitness/fitness-backend/public/index.php(51): Illuminate/Foundation/Http/Kernel->handle(Object(Illuminate/Http/Request))
#58 C:/Users/hamza/Desktop/PROYECTOS/APP/mightyfitness/fitness-backend/server.php(21): require_once('C://Users//hamza//...')
#59 {main}

[previous exception] [object] (PDOException(code: 42S22): SQLSTATE[42S22]: Column not found: 1054 Unknown column 'client_tag_assignments.tag_id' in 'field list' at C:/Users/hamza/Desktop/PROYECTOS/APP/mightyfitness/fitness-backend/vendor/laravel/framework/src/Illuminate/Database/Connection.php:407)
[stacktrace]
#0 C:/Users/hamza/Desktop/PROYECTOS/APP/mightyfitness/fitness-backend/vendor/laravel/framework/src/Illuminate/Database/Connection.php(407): PDO->prepare('select `client_...')
#1 C:/Users/hamza/Desktop/PROYECTOS/APP/mightyfitness/fitness-backend/vendor/laravel/framework/src/Illuminate/Database/Connection.php(812): Illuminate/Database/Connection->Illuminate/Database/{closure}('select `client_...', Array)
#2 C:/Users/hamza/Desktop/PROYECTOS/APP/mightyfitness/fitness-backend/vendor/laravel/framework/src/Illuminate/Database/Connection.php(779): Illuminate/Database/Connection->runQueryCallback('select `client_...', Array, Object(Closure))
#3 C:/Users/hamza/Desktop/PROYECTOS/APP/mightyfitness/fitness-backend/vendor/laravel/framework/src/Illuminate/Database/Connection.php(398): Illuminate/Database/Connection->run('select `client_...', Array, Object(Closure))
#4 C:/Users/hamza/Desktop/PROYECTOS/APP/mightyfitness/fitness-backend/vendor/laravel/framework/src/Illuminate/Database/Query/Builder.php(3106): Illuminate/Database/Connection->select('select `client_...', Array, true)
#5 C:/Users/hamza/Desktop/PROYECTOS/APP/mightyfitness/fitness-backend/vendor/laravel/framework/src/Illuminate/Database/Query/Builder.php(3091): Illuminate/Database/Query/Builder->runSelect()
#6 C:/Users/hamza/Desktop/PROYECTOS/APP/mightyfitness/fitness-backend/vendor/laravel/framework/src/Illuminate/Database/Query/Builder.php(3676): Illuminate/Database/Query/Builder->Illuminate/Database/Query/{closure}()
#7 C:/Users/hamza/Desktop/PROYECTOS/APP/mightyfitness/fitness-backend/vendor/laravel/framework/src/Illuminate/Database/Query/Builder.php(3090): Illuminate/Database/Query/Builder->onceWithColumns(Array, Object(Closure))
#8 C:/Users/hamza/Desktop/PROYECTOS/APP/mightyfitness/fitness-backend/vendor/laravel/framework/src/Illuminate/Database/Eloquent/Builder.php(811): Illuminate/Database/Query/Builder->get(Array)
#9 C:/Users/hamza/Desktop/PROYECTOS/APP/mightyfitness/fitness-backend/vendor/laravel/framework/src/Illuminate/Database/Eloquent/Relations/BelongsToMany.php(887): Illuminate/Database/Eloquent/Builder->getModels()
#10 C:/Users/hamza/Desktop/PROYECTOS/APP/mightyfitness/fitness-backend/vendor/laravel/framework/src/Illuminate/Database/Eloquent/Relations/Relation.php(176): Illuminate/Database/Eloquent/Relations/BelongsToMany->get()
#11 C:/Users/hamza/Desktop/PROYECTOS/APP/mightyfitness/fitness-backend/vendor/laravel/framework/src/Illuminate/Database/Eloquent/Builder.php(859): Illuminate/Database/Eloquent/Relations/Relation->getEager()
#12 C:/Users/hamza/Desktop/PROYECTOS/APP/mightyfitness/fitness-backend/vendor/laravel/framework/src/Illuminate/Database/Eloquent/Builder.php(828): Illuminate/Database/Eloquent/Builder->eagerLoadRelation(Array, 'tags', Object(Closure))
#13 C:/Users/hamza/Desktop/PROYECTOS/APP/mightyfitness/fitness-backend/vendor/laravel/framework/src/Illuminate/Database/Eloquent/Builder.php(794): Illuminate/Database/Eloquent/Builder->eagerLoadRelations(Array)
#14 C:/Users/hamza/Desktop/PROYECTOS/APP/mightyfitness/fitness-backend/vendor/laravel/framework/src/Illuminate/Database/Concerns/BuildsQueries.php(343): Illuminate/Database/Eloquent/Builder->get(Array)
#15 C:/Users/hamza/Desktop/PROYECTOS/APP/mightyfitness/fitness-backend/vendor/laravel/framework/src/Illuminate/Database/Eloquent/Builder.php(477): Illuminate/Database/Eloquent/Builder->first(Array)
#16 C:/Users/hamza/Desktop/PROYECTOS/APP/mightyfitness/fitness-backend/app/Http/Controllers/API/ClientTagController.php(55): Illuminate/Database/Eloquent/Builder->find('8')
#17 C:/Users/hamza/Desktop/PROYECTOS/APP/mightyfitness/fitness-backend/vendor/laravel/framework/src/Illuminate/Routing/Controller.php(54): App/Http/Controllers/API/ClientTagController->getClientTags(Object(Illuminate/Http/Request))
#18 C:/Users/hamza/Desktop/PROYECTOS/APP/mightyfitness/fitness-backend/vendor/laravel/framework/src/Illuminate/Routing/ControllerDispatcher.php(44): Illuminate/Routing/Controller->callAction('getClientTags', Array)
#19 C:/Users/hamza/Desktop/PROYECTOS/APP/mightyfitness/fitness-backend/vendor/laravel/framework/src/Illuminate/Routing/Route.php(266): Illuminate/Routing/ControllerDispatcher->dispatch(Object(Illuminate/Routing/Route), Object(App/Http/Controllers/API/ClientTagController), 'getClientTags')
#20 C:/Users/hamza/Desktop/PROYECTOS/APP/mightyfitness/fitness-backend/vendor/laravel/framework/src/Illuminate/Routing/Route.php(212): Illuminate/Routing/Route->runController()
#21 C:/Users/hamza/Desktop/PROYECTOS/APP/mightyfitness/fitness-backend/vendor/laravel/framework/src/Illuminate/Routing/Router.php(808): Illuminate/Routing/Route->run()
#22 C:/Users/hamza/Desktop/PROYECTOS/APP/mightyfitness/fitness-backend/vendor/laravel/framework/src/Illuminate/Pipeline/Pipeline.php(170): Illuminate/Routing/Router->Illuminate/Routing/{closure}(Object(Illuminate/Http/Request))
#23 C:/Users/hamza/Desktop/PROYECTOS/APP/mightyfitness/fitness-backend/app/Http/Middleware/AdminApi.php(26): Illuminate/Pipeline/Pipeline->Illuminate/Pipeline/{closure}(Object(Illuminate/Http/Request))
#24 C:/Users/hamza/Desktop/PROYECTOS/APP/mightyfitness/fitness-backend/vendor/laravel/framework/src/Illuminate/Pipeline/Pipeline.php(209): App/Http/Middleware/AdminApi->handle(Object(Illuminate/Http/Request), Object(Closure))
#25 C:/Users/hamza/Desktop/PROYECTOS/APP/mightyfitness/fitness-backend/app/Http/Middleware/API/CheckUserStatus.php(26): Illuminate/Pipeline/Pipeline->Illuminate/Pipeline/{closure}(Object(Illuminate/Http/Request))
#26 C:/Users/hamza/Desktop/PROYECTOS/APP/mightyfitness/fitness-backend/vendor/laravel/framework/src/Illuminate/Pipeline/Pipeline.php(209): App/Http/Middleware/API/CheckUserStatus->handle(Object(Illuminate/Http/Request), Object(Closure))
#27 C:/Users/hamza/Desktop/PROYECTOS/APP/mightyfitness/fitness-backend/vendor/laravel/framework/src/Illuminate/Routing/Middleware/SubstituteBindings.php(51): Illuminate/Pipeline/Pipeline->Illuminate/Pipeline/{closure}(Object(Illuminate/Http/Request))
#28 C:/Users/hamza/Desktop/PROYECTOS/APP/mightyfitness/fitness-backend/vendor/laravel/framework/src/Illuminate/Pipeline/Pipeline.php(209): Illuminate/Routing/Middleware/SubstituteBindings->handle(Object(Illuminate/Http/Request), Object(Closure))
#29 C:/Users/hamza/Desktop/PROYECTOS/APP/mightyfitness/fitness-backend/vendor/laravel/framework/src/Illuminate/Routing/Middleware/ThrottleRequests.php(161): Illuminate/Pipeline/Pipeline->Illuminate/Pipeline/{closure}(Object(Illuminate/Http/Request))
#30 C:/Users/hamza/Desktop/PROYECTOS/APP/mightyfitness/fitness-backend/vendor/laravel/framework/src/Illuminate/Routing/Middleware/ThrottleRequests.php(127): Illuminate/Routing/Middleware/ThrottleRequests->handleRequest(Object(Illuminate/Http/Request), Object(Closure), Array)
#31 C:/Users/hamza/Desktop/PROYECTOS/APP/mightyfitness/fitness-backend/vendor/laravel/framework/src/Illuminate/Routing/Middleware/ThrottleRequests.php(89): Illuminate/Routing/Middleware/ThrottleRequests->handleRequestUsingNamedLimiter(Object(Illuminate/Http/Request), Object(Closure), 'api', Object(Closure))
#32 C:/Users/hamza/Desktop/PROYECTOS/APP/mightyfitness/fitness-backend/vendor/laravel/framework/src/Illuminate/Pipeline/Pipeline.php(209): Illuminate/Routing/Middleware/ThrottleRequests->handle(Object(Illuminate/Http/Request), Object(Closure), 'api')
#33 C:/Users/hamza/Desktop/PROYECTOS/APP/mightyfitness/fitness-backend/vendor/laravel/framework/src/Illuminate/Auth/Middleware/Authenticate.php(64): Illuminate/Pipeline/Pipeline->Illuminate/Pipeline/{closure}(Object(Illuminate/Http/Request))
#34 C:/Users/hamza/Desktop/PROYECTOS/APP/mightyfitness/fitness-backend/vendor/laravel/framework/src/Illuminate/Pipeline/Pipeline.php(209): Illuminate/Auth/Middleware/Authenticate->handle(Object(Illuminate/Http/Request), Object(Closure), 'sanctum')
#35 C:/Users/hamza/Desktop/PROYECTOS/APP/mightyfitness/fitness-backend/vendor/laravel/framework/src/Illuminate/Pipeline/Pipeline.php(127): Illuminate/Pipeline/Pipeline->Illuminate/Pipeline/{closure}(Object(Illuminate/Http/Request))
#36 C:/Users/hamza/Desktop/PROYECTOS/APP/mightyfitness/fitness-backend/vendor/laravel/framework/src/Illuminate/Routing/Router.php(807): Illuminate/Pipeline/Pipeline->then(Object(Closure))
#37 C:/Users/hamza/Desktop/PROYECTOS/APP/mightyfitness/fitness-backend/vendor/laravel/framework/src/Illuminate/Routing/Router.php(786): Illuminate/Routing/Router->runRouteWithinStack(Object(Illuminate/Routing/Route), Object(Illuminate/Http/Request))
#38 C:/Users/hamza/Desktop/PROYECTOS/APP/mightyfitness/fitness-backend/vendor/laravel/framework/src/Illuminate/Routing/Router.php(750): Illuminate/Routing/Router->runRoute(Object(Illuminate/Http/Request), Object(Illuminate/Routing/Route))
#39 C:/Users/hamza/Desktop/PROYECTOS/APP/mightyfitness/fitness-backend/vendor/laravel/framework/src/Illuminate/Routing/Router.php(739): Illuminate/Routing/Router->dispatchToRoute(Object(Illuminate/Http/Request))
#40 C:/Users/hamza/Desktop/PROYECTOS/APP/mightyfitness/fitness-backend/vendor/laravel/framework/src/Illuminate/Foundation/Http/Kernel.php(201): Illuminate/Routing/Router->dispatch(Object(Illuminate/Http/Request))
#41 C:/Users/hamza/Desktop/PROYECTOS/APP/mightyfitness/fitness-backend/vendor/laravel/framework/src/Illuminate/Pipeline/Pipeline.php(170): Illuminate/Foundation/Http/Kernel->Illuminate/Foundation/Http/{closure}(Object(Illuminate/Http/Request))
#42 C:/Users/hamza/Desktop/PROYECTOS/APP/mightyfitness/fitness-backend/vendor/livewire/livewire/src/Features/SupportDisablingBackButtonCache/DisableBackButtonCacheMiddleware.php(19): Illuminate/Pipeline/Pipeline->Illuminate/Pipeline/{closure}(Object(Illuminate/Http/Request))
#43 C:/Users/hamza/Desktop/PROYECTOS/APP/mightyfitness/fitness-backend/vendor/laravel/framework/src/Illuminate/Pipeline/Pipeline.php(209): Livewire/Features/SupportDisablingBackButtonCache/DisableBackButtonCacheMiddleware->handle(Object(Illuminate/Http/Request), Object(Closure))
#44 C:/Users/hamza/Desktop/PROYECTOS/APP/mightyfitness/fitness-backend/vendor/laravel/framework/src/Illuminate/Foundation/Http/Middleware/TransformsRequest.php(21): Illuminate/Pipeline/Pipeline->Illuminate/Pipeline/{closure}(Object(Illuminate/Http/Request))
#45 C:/Users/hamza/Desktop/PROYECTOS/APP/mightyfitness/fitness-backend/vendor/laravel/framework/src/Illuminate/Foundation/Http/Middleware/ConvertEmptyStringsToNull.php(31): Illuminate/Foundation/Http/Middleware/TransformsRequest->handle(Object(Illuminate/Http/Request), Object(Closure))
#46 C:/Users/hamza/Desktop/PROYECTOS/APP/mightyfitness/fitness-backend/vendor/laravel/framework/src/Illuminate/Pipeline/Pipeline.php(209): Illuminate/Foundation/Http/Middleware/ConvertEmptyStringsToNull->handle(Object(Illuminate/Http/Request), Object(Closure))
#47 C:/Users/hamza/Desktop/PROYECTOS/APP/mightyfitness/fitness-backend/vendor/laravel/framework/src/Illuminate/Foundation/Http/Middleware/TransformsRequest.php(21): Illuminate/Pipeline/Pipeline->Illuminate/Pipeline/{closure}(Object(Illuminate/Http/Request))
#48 C:/Users/hamza/Desktop/PROYECTOS/APP/mightyfitness/fitness-backend/vendor/laravel/framework/src/Illuminate/Foundation/Http/Middleware/TrimStrings.php(51): Illuminate/Foundation/Http/Middleware/TransformsRequest->handle(Object(Illuminate/Http/Request), Object(Closure))
#49 C:/Users/hamza/Desktop/PROYECTOS/APP/mightyfitness/fitness-backend/vendor/laravel/framework/src/Illuminate/Pipeline/Pipeline.php(209): Illuminate/Foundation/Http/Middleware/TrimStrings->handle(Object(Illuminate/Http/Request), Object(Closure))
#50 C:/Users/hamza/Desktop/PROYECTOS/APP/mightyfitness/fitness-backend/vendor/laravel/framework/src/Illuminate/Http/Middleware/ValidatePostSize.php(27): Illuminate/Pipeline/Pipeline->Illuminate/Pipeline/{closure}(Object(Illuminate/Http/Request))
#51 C:/Users/hamza/Desktop/PROYECTOS/APP/mightyfitness/fitness-backend/vendor/laravel/framework/src/Illuminate/Pipeline/Pipeline.php(209): Illuminate/Http/Middleware/ValidatePostSize->handle(Object(Illuminate/Http/Request), Object(Closure))
#52 C:/Users/hamza/Desktop/PROYECTOS/APP/mightyfitness/fitness-backend/vendor/laravel/framework/src/Illuminate/Foundation/Http/Middleware/PreventRequestsDuringMaintenance.php(110): Illuminate/Pipeline/Pipeline->Illuminate/Pipeline/{closure}(Object(Illuminate/Http/Request))
#53 C:/Users/hamza/Desktop/PROYECTOS/APP/mightyfitness/fitness-backend/vendor/laravel/framework/src/Illuminate/Pipeline/Pipeline.php(209): Illuminate/Foundation/Http/Middleware/PreventRequestsDuringMaintenance->handle(Object(Illuminate/Http/Request), Object(Closure))
#54 C:/Users/hamza/Desktop/PROYECTOS/APP/mightyfitness/fitness-backend/vendor/laravel/framework/src/Illuminate/Http/Middleware/HandleCors.php(62): Illuminate/Pipeline/Pipeline->Illuminate/Pipeline/{closure}(Object(Illuminate/Http/Request))
#55 C:/Users/hamza/Desktop/PROYECTOS/APP/mightyfitness/fitness-backend/vendor/laravel/framework/src/Illuminate/Pipeline/Pipeline.php(209): Illuminate/Http/Middleware/HandleCors->handle(Object(Illuminate/Http/Request), Object(Closure))
#56 C:/Users/hamza/Desktop/PROYECTOS/APP/mightyfitness/fitness-backend/vendor/laravel/framework/src/Illuminate/Pipeline/Pipeline.php(127): Illuminate/Pipeline/Pipeline->Illuminate/Pipeline/{closure}(Object(Illuminate/Http/Request))
#57 C:/Users/hamza/Desktop/PROYECTOS/APP/mightyfitness/fitness-backend/vendor/laravel/framework/src/Illuminate/Foundation/Http/Kernel.php(176): Illuminate/Pipeline/Pipeline->then(Object(Closure))
#58 C:/Users/hamza/Desktop/PROYECTOS/APP/mightyfitness/fitness-backend/vendor/laravel/framework/src/Illuminate/Foundation/Http/Kernel.php(145): Illuminate/Foundation/Http/Kernel->sendRequestThroughRouter(Object(Illuminate/Http/Request))
#59 C:/Users/hamza/Desktop/PROYECTOS/APP/mightyfitness/fitness-backend/public/index.php(51): Illuminate/Foundation/Http/Kernel->handle(Object(Illuminate/Http/Request))
#60 C:/Users/hamza/Desktop/PROYECTOS/APP/mightyfitness/fitness-backend/server.php(21): require_once('C://Users//hamza//...')
#61 {main}
"} 
[2026-08-06 17:38:09] local.ERROR: SQLSTATE[42S22]: Column not found: 1054 Unknown column 'client_tag_assignments.tag_id' in 'field list' (Connection: mysql, SQL: select `client_tags`.*, `client_tag_assignments`.`client_id` as `pivot_client_id`, `client_tag_assignments`.`tag_id` as `pivot_tag_id` from `client_tags` inner join `client_tag_assignments` on `client_tags`.`id` = `client_tag_assignments`.`tag_id` where `client_tag_assignments`.`client_id` in (8)) {"userId":2,"exception":"[object] (Illuminate\\Database\\QueryException(code: 42S22): SQLSTATE[42S22]: Column not found: 1054 Unknown column 'client_tag_assignments.tag_id' in 'field list' (Connection: mysql, SQL: select `client_tags`.*, `client_tag_assignments`.`client_id` as `pivot_client_id`, `client_tag_assignments`.`tag_id` as `pivot_tag_id` from `client_tags` inner join `client_tag_assignments` on `client_tags`.`id` = `client_tag_assignments`.`tag_id` where `client_tag_assignments`.`client_id` in (8)) at C:/Users/hamza/Desktop/PROYECTOS/APP/mightyfitness/fitness-backend/vendor/laravel/framework/src/Illuminate/Database/Connection.php:825)
[stacktrace]
#0 C:/Users/hamza/Desktop/PROYECTOS/APP/mightyfitness/fitness-backend/vendor/laravel/framework/src/Illuminate/Database/Connection.php(779): Illuminate/Database/Connection->runQueryCallback('select `client_...', Array, Object(Closure))
#1 C:/Users/hamza/Desktop/PROYECTOS/APP/mightyfitness/fitness-backend/vendor/laravel/framework/src/Illuminate/Database/Connection.php(398): Illuminate/Database/Connection->run('select `client_...', Array, Object(Closure))
#2 C:/Users/hamza/Desktop/PROYECTOS/APP/mightyfitness/fitness-backend/vendor/laravel/framework/src/Illuminate/Database/Query/Builder.php(3106): Illuminate/Database/Connection->select('select `client_...', Array, true)
#3 C:/Users/hamza/Desktop/PROYECTOS/APP/mightyfitness/fitness-backend/vendor/laravel/framework/src/Illuminate/Database/Query/Builder.php(3091): Illuminate/Database/Query/Builder->runSelect()
#4 C:/Users/hamza/Desktop/PROYECTOS/APP/mightyfitness/fitness-backend/vendor/laravel/framework/src/Illuminate/Database/Query/Builder.php(3676): Illuminate/Database/Query/Builder->Illuminate/Database/Query/{closure}()
#5 C:/Users/hamza/Desktop/PROYECTOS/APP/mightyfitness/fitness-backend/vendor/laravel/framework/src/Illuminate/Database/Query/Builder.php(3090): Illuminate/Database/Query/Builder->onceWithColumns(Array, Object(Closure))
#6 C:/Users/hamza/Desktop/PROYECTOS/APP/mightyfitness/fitness-backend/vendor/laravel/framework/src/Illuminate/Database/Eloquent/Builder.php(811): Illuminate/Database/Query/Builder->get(Array)
#7 C:/Users/hamza/Desktop/PROYECTOS/APP/mightyfitness/fitness-backend/vendor/laravel/framework/src/Illuminate/Database/Eloquent/Relations/BelongsToMany.php(887): Illuminate/Database/Eloquent/Builder->getModels()
#8 C:/Users/hamza/Desktop/PROYECTOS/APP/mightyfitness/fitness-backend/vendor/laravel/framework/src/Illuminate/Database/Eloquent/Relations/Relation.php(176): Illuminate/Database/Eloquent/Relations/BelongsToMany->get()
#9 C:/Users/hamza/Desktop/PROYECTOS/APP/mightyfitness/fitness-backend/vendor/laravel/framework/src/Illuminate/Database/Eloquent/Builder.php(859): Illuminate/Database/Eloquent/Relations/Relation->getEager()
#10 C:/Users/hamza/Desktop/PROYECTOS/APP/mightyfitness/fitness-backend/vendor/laravel/framework/src/Illuminate/Database/Eloquent/Builder.php(828): Illuminate/Database/Eloquent/Builder->eagerLoadRelation(Array, 'tags', Object(Closure))
#11 C:/Users/hamza/Desktop/PROYECTOS/APP/mightyfitness/fitness-backend/vendor/laravel/framework/src/Illuminate/Database/Eloquent/Builder.php(794): Illuminate/Database/Eloquent/Builder->eagerLoadRelations(Array)
#12 C:/Users/hamza/Desktop/PROYECTOS/APP/mightyfitness/fitness-backend/vendor/laravel/framework/src/Illuminate/Database/Concerns/BuildsQueries.php(343): Illuminate/Database/Eloquent/Builder->get(Array)
#13 C:/Users/hamza/Desktop/PROYECTOS/APP/mightyfitness/fitness-backend/vendor/laravel/framework/src/Illuminate/Database/Eloquent/Builder.php(477): Illuminate/Database/Eloquent/Builder->first(Array)
#14 C:/Users/hamza/Desktop/PROYECTOS/APP/mightyfitness/fitness-backend/app/Http/Controllers/API/ClientTagController.php(55): Illuminate/Database/Eloquent/Builder->find('8')
#15 C:/Users/hamza/Desktop/PROYECTOS/APP/mightyfitness/fitness-backend/vendor/laravel/framework/src/Illuminate/Routing/Controller.php(54): App/Http/Controllers/API/ClientTagController->getClientTags(Object(Illuminate/Http/Request))
#16 C:/Users/hamza/Desktop/PROYECTOS/APP/mightyfitness/fitness-backend/vendor/laravel/framework/src/Illuminate/Routing/ControllerDispatcher.php(44): Illuminate/Routing/Controller->callAction('getClientTags', Array)
#17 C:/Users/hamza/Desktop/PROYECTOS/APP/mightyfitness/fitness-backend/vendor/laravel/framework/src/Illuminate/Routing/Route.php(266): Illuminate/Routing/ControllerDispatcher->dispatch(Object(Illuminate/Routing/Route), Object(App/Http/Controllers/API/ClientTagController), 'getClientTags')
#18 C:/Users/hamza/Desktop/PROYECTOS/APP/mightyfitness/fitness-backend/vendor/laravel/framework/src/Illuminate/Routing/Route.php(212): Illuminate/Routing/Route->runController()
#19 C:/Users/hamza/Desktop/PROYECTOS/APP/mightyfitness/fitness-backend/vendor/laravel/framework/src/Illuminate/Routing/Router.php(808): Illuminate/Routing/Route->run()
#20 C:/Users/hamza/Desktop/PROYECTOS/APP/mightyfitness/fitness-backend/vendor/laravel/framework/src/Illuminate/Pipeline/Pipeline.php(170): Illuminate/Routing/Router->Illuminate/Routing/{closure}(Object(Illuminate/Http/Request))
#21 C:/Users/hamza/Desktop/PROYECTOS/APP/mightyfitness/fitness-backend/app/Http/Middleware/AdminApi.php(26): Illuminate/Pipeline/Pipeline->Illuminate/Pipeline/{closure}(Object(Illuminate/Http/Request))
#22 C:/Users/hamza/Desktop/PROYECTOS/APP/mightyfitness/fitness-backend/vendor/laravel/framework/src/Illuminate/Pipeline/Pipeline.php(209): App/Http/Middleware/AdminApi->handle(Object(Illuminate/Http/Request), Object(Closure))
#23 C:/Users/hamza/Desktop/PROYECTOS/APP/mightyfitness/fitness-backend/app/Http/Middleware/API/CheckUserStatus.php(26): Illuminate/Pipeline/Pipeline->Illuminate/Pipeline/{closure}(Object(Illuminate/Http/Request))
#24 C:/Users/hamza/Desktop/PROYECTOS/APP/mightyfitness/fitness-backend/vendor/laravel/framework/src/Illuminate/Pipeline/Pipeline.php(209): App/Http/Middleware/API/CheckUserStatus->handle(Object(Illuminate/Http/Request), Object(Closure))
#25 C:/Users/hamza/Desktop/PROYECTOS/APP/mightyfitness/fitness-backend/vendor/laravel/framework/src/Illuminate/Routing/Middleware/SubstituteBindings.php(51): Illuminate/Pipeline/Pipeline->Illuminate/Pipeline/{closure}(Object(Illuminate/Http/Request))
#26 C:/Users/hamza/Desktop/PROYECTOS/APP/mightyfitness/fitness-backend/vendor/laravel/framework/src/Illuminate/Pipeline/Pipeline.php(209): Illuminate/Routing/Middleware/SubstituteBindings->handle(Object(Illuminate/Http/Request), Object(Closure))
#27 C:/Users/hamza/Desktop/PROYECTOS/APP/mightyfitness/fitness-backend/vendor/laravel/framework/src/Illuminate/Routing/Middleware/ThrottleRequests.php(161): Illuminate/Pipeline/Pipeline->Illuminate/Pipeline/{closure}(Object(Illuminate/Http/Request))
#28 C:/Users/hamza/Desktop/PROYECTOS/APP/mightyfitness/fitness-backend/vendor/laravel/framework/src/Illuminate/Routing/Middleware/ThrottleRequests.php(127): Illuminate/Routing/Middleware/ThrottleRequests->handleRequest(Object(Illuminate/Http/Request), Object(Closure), Array)
#29 C:/Users/hamza/Desktop/PROYECTOS/APP/mightyfitness/fitness-backend/vendor/laravel/framework/src/Illuminate/Routing/Middleware/ThrottleRequests.php(89): Illuminate/Routing/Middleware/ThrottleRequests->handleRequestUsingNamedLimiter(Object(Illuminate/Http/Request), Object(Closure), 'api', Object(Closure))
#30 C:/Users/hamza/Desktop/PROYECTOS/APP/mightyfitness/fitness-backend/vendor/laravel/framework/src/Illuminate/Pipeline/Pipeline.php(209): Illuminate/Routing/Middleware/ThrottleRequests->handle(Object(Illuminate/Http/Request), Object(Closure), 'api')
#31 C:/Users/hamza/Desktop/PROYECTOS/APP/mightyfitness/fitness-backend/vendor/laravel/framework/src/Illuminate/Auth/Middleware/Authenticate.php(64): Illuminate/Pipeline/Pipeline->Illuminate/Pipeline/{closure}(Object(Illuminate/Http/Request))
#32 C:/Users/hamza/Desktop/PROYECTOS/APP/mightyfitness/fitness-backend/vendor/laravel/framework/src/Illuminate/Pipeline/Pipeline.php(209): Illuminate/Auth/Middleware/Authenticate->handle(Object(Illuminate/Http/Request), Object(Closure), 'sanctum')
#33 C:/Users/hamza/Desktop/PROYECTOS/APP/mightyfitness/fitness-backend/vendor/laravel/framework/src/Illuminate/Pipeline/Pipeline.php(127): Illuminate/Pipeline/Pipeline->Illuminate/Pipeline/{closure}(Object(Illuminate/Http/Request))
#34 C:/Users/hamza/Desktop/PROYECTOS/APP/mightyfitness/fitness-backend/vendor/laravel/framework/src/Illuminate/Routing/Router.php(807): Illuminate/Pipeline/Pipeline->then(Object(Closure))
#35 C:/Users/hamza/Desktop/PROYECTOS/APP/mightyfitness/fitness-backend/vendor/laravel/framework/src/Illuminate/Routing/Router.php(786): Illuminate/Routing/Router->runRouteWithinStack(Object(Illuminate/Routing/Route), Object(Illuminate/Http/Request))
#36 C:/Users/hamza/Desktop/PROYECTOS/APP/mightyfitness/fitness-backend/vendor/laravel/framework/src/Illuminate/Routing/Router.php(750): Illuminate/Routing/Router->runRoute(Object(Illuminate/Http/Request), Object(Illuminate/Routing/Route))
#37 C:/Users/hamza/Desktop/PROYECTOS/APP/mightyfitness/fitness-backend/vendor/laravel/framework/src/Illuminate/Routing/Router.php(739): Illuminate/Routing/Router->dispatchToRoute(Object(Illuminate/Http/Request))
#38 C:/Users/hamza/Desktop/PROYECTOS/APP/mightyfitness/fitness-backend/vendor/laravel/framework/src/Illuminate/Foundation/Http/Kernel.php(201): Illuminate/Routing/Router->dispatch(Object(Illuminate/Http/Request))
#39 C:/Users/hamza/Desktop/PROYECTOS/APP/mightyfitness/fitness-backend/vendor/laravel/framework/src/Illuminate/Pipeline/Pipeline.php(170): Illuminate/Foundation/Http/Kernel->Illuminate/Foundation/Http/{closure}(Object(Illuminate/Http/Request))
#40 C:/Users/hamza/Desktop/PROYECTOS/APP/mightyfitness/fitness-backend/vendor/livewire/livewire/src/Features/SupportDisablingBackButtonCache/DisableBackButtonCacheMiddleware.php(19): Illuminate/Pipeline/Pipeline->Illuminate/Pipeline/{closure}(Object(Illuminate/Http/Request))
#41 C:/Users/hamza/Desktop/PROYECTOS/APP/mightyfitness/fitness-backend/vendor/laravel/framework/src/Illuminate/Pipeline/Pipeline.php(209): Livewire/Features/SupportDisablingBackButtonCache/DisableBackButtonCacheMiddleware->handle(Object(Illuminate/Http/Request), Object(Closure))
#42 C:/Users/hamza/Desktop/PROYECTOS/APP/mightyfitness/fitness-backend/vendor/laravel/framework/src/Illuminate/Foundation/Http/Middleware/TransformsRequest.php(21): Illuminate/Pipeline/Pipeline->Illuminate/Pipeline/{closure}(Object(Illuminate/Http/Request))
#43 C:/Users/hamza/Desktop/PROYECTOS/APP/mightyfitness/fitness-backend/vendor/laravel/framework/src/Illuminate/Foundation/Http/Middleware/ConvertEmptyStringsToNull.php(31): Illuminate/Foundation/Http/Middleware/TransformsRequest->handle(Object(Illuminate/Http/Request), Object(Closure))
#44 C:/Users/hamza/Desktop/PROYECTOS/APP/mightyfitness/fitness-backend/vendor/laravel/framework/src/Illuminate/Pipeline/Pipeline.php(209): Illuminate/Foundation/Http/Middleware/ConvertEmptyStringsToNull->handle(Object(Illuminate/Http/Request), Object(Closure))
#45 C:/Users/hamza/Desktop/PROYECTOS/APP/mightyfitness/fitness-backend/vendor/laravel/framework/src/Illuminate/Foundation/Http/Middleware/TransformsRequest.php(21): Illuminate/Pipeline/Pipeline->Illuminate/Pipeline/{closure}(Object(Illuminate/Http/Request))
#46 C:/Users/hamza/Desktop/PROYECTOS/APP/mightyfitness/fitness-backend/vendor/laravel/framework/src/Illuminate/Foundation/Http/Middleware/TrimStrings.php(51): Illuminate/Foundation/Http/Middleware/TransformsRequest->handle(Object(Illuminate/Http/Request), Object(Closure))
#47 C:/Users/hamza/Desktop/PROYECTOS/APP/mightyfitness/fitness-backend/vendor/laravel/framework/src/Illuminate/Pipeline/Pipeline.php(209): Illuminate/Foundation/Http/Middleware/TrimStrings->handle(Object(Illuminate/Http/Request), Object(Closure))
#48 C:/Users/hamza/Desktop/PROYECTOS/APP/mightyfitness/fitness-backend/vendor/laravel/framework/src/Illuminate/Http/Middleware/ValidatePostSize.php(27): Illuminate/Pipeline/Pipeline->Illuminate/Pipeline/{closure}(Object(Illuminate/Http/Request))
#49 C:/Users/hamza/Desktop/PROYECTOS/APP/mightyfitness/fitness-backend/vendor/laravel/framework/src/Illuminate/Pipeline/Pipeline.php(209): Illuminate/Http/Middleware/ValidatePostSize->handle(Object(Illuminate/Http/Request), Object(Closure))
#50 C:/Users/hamza/Desktop/PROYECTOS/APP/mightyfitness/fitness-backend/vendor/laravel/framework/src/Illuminate/Foundation/Http/Middleware/PreventRequestsDuringMaintenance.php(110): Illuminate/Pipeline/Pipeline->Illuminate/Pipeline/{closure}(Object(Illuminate/Http/Request))
#51 C:/Users/hamza/Desktop/PROYECTOS/APP/mightyfitness/fitness-backend/vendor/laravel/framework/src/Illuminate/Pipeline/Pipeline.php(209): Illuminate/Foundation/Http/Middleware/PreventRequestsDuringMaintenance->handle(Object(Illuminate/Http/Request), Object(Closure))
#52 C:/Users/hamza/Desktop/PROYECTOS/APP/mightyfitness/fitness-backend/vendor/laravel/framework/src/Illuminate/Http/Middleware/HandleCors.php(62): Illuminate/Pipeline/Pipeline->Illuminate/Pipeline/{closure}(Object(Illuminate/Http/Request))
#53 C:/Users/hamza/Desktop/PROYECTOS/APP/mightyfitness/fitness-backend/vendor/laravel/framework/src/Illuminate/Pipeline/Pipeline.php(209): Illuminate/Http/Middleware/HandleCors->handle(Object(Illuminate/Http/Request), Object(Closure))
#54 C:/Users/hamza/Desktop/PROYECTOS/APP/mightyfitness/fitness-backend/vendor/laravel/framework/src/Illuminate/Pipeline/Pipeline.php(127): Illuminate/Pipeline/Pipeline->Illuminate/Pipeline/{closure}(Object(Illuminate/Http/Request))
#55 C:/Users/hamza/Desktop/PROYECTOS/APP/mightyfitness/fitness-backend/vendor/laravel/framework/src/Illuminate/Foundation/Http/Kernel.php(176): Illuminate/Pipeline/Pipeline->then(Object(Closure))
#56 C:/Users/hamza/Desktop/PROYECTOS/APP/mightyfitness/fitness-backend/vendor/laravel/framework/src/Illuminate/Foundation/Http/Kernel.php(145): Illuminate/Foundation/Http/Kernel->sendRequestThroughRouter(Object(Illuminate/Http/Request))
#57 C:/Users/hamza/Desktop/PROYECTOS/APP/mightyfitness/fitness-backend/public/index.php(51): Illuminate/Foundation/Http/Kernel->handle(Object(Illuminate/Http/Request))
#58 C:/Users/hamza/Desktop/PROYECTOS/APP/mightyfitness/fitness-backend/server.php(21): require_once('C://Users//hamza//...')
#59 {main}

[previous exception] [object] (PDOException(code: 42S22): SQLSTATE[42S22]: Column not found: 1054 Unknown column 'client_tag_assignments.tag_id' in 'field list' at C:/Users/hamza/Desktop/PROYECTOS/APP/mightyfitness/fitness-backend/vendor/laravel/framework/src/Illuminate/Database/Connection.php:407)
[stacktrace]
#0 C:/Users/hamza/Desktop/PROYECTOS/APP/mightyfitness/fitness-backend/vendor/laravel/framework/src/Illuminate/Database/Connection.php(407): PDO->prepare('select `client_...')
#1 C:/Users/hamza/Desktop/PROYECTOS/APP/mightyfitness/fitness-backend/vendor/laravel/framework/src/Illuminate/Database/Connection.php(812): Illuminate/Database/Connection->Illuminate/Database/{closure}('select `client_...', Array)
#2 C:/Users/hamza/Desktop/PROYECTOS/APP/mightyfitness/fitness-backend/vendor/laravel/framework/src/Illuminate/Database/Connection.php(779): Illuminate/Database/Connection->runQueryCallback('select `client_...', Array, Object(Closure))
#3 C:/Users/hamza/Desktop/PROYECTOS/APP/mightyfitness/fitness-backend/vendor/laravel/framework/src/Illuminate/Database/Connection.php(398): Illuminate/Database/Connection->run('select `client_...', Array, Object(Closure))
#4 C:/Users/hamza/Desktop/PROYECTOS/APP/mightyfitness/fitness-backend/vendor/laravel/framework/src/Illuminate/Database/Query/Builder.php(3106): Illuminate/Database/Connection->select('select `client_...', Array, true)
#5 C:/Users/hamza/Desktop/PROYECTOS/APP/mightyfitness/fitness-backend/vendor/laravel/framework/src/Illuminate/Database/Query/Builder.php(3091): Illuminate/Database/Query/Builder->runSelect()
#6 C:/Users/hamza/Desktop/PROYECTOS/APP/mightyfitness/fitness-backend/vendor/laravel/framework/src/Illuminate/Database/Query/Builder.php(3676): Illuminate/Database/Query/Builder->Illuminate/Database/Query/{closure}()
#7 C:/Users/hamza/Desktop/PROYECTOS/APP/mightyfitness/fitness-backend/vendor/laravel/framework/src/Illuminate/Database/Query/Builder.php(3090): Illuminate/Database/Query/Builder->onceWithColumns(Array, Object(Closure))
#8 C:/Users/hamza/Desktop/PROYECTOS/APP/mightyfitness/fitness-backend/vendor/laravel/framework/src/Illuminate/Database/Eloquent/Builder.php(811): Illuminate/Database/Query/Builder->get(Array)
#9 C:/Users/hamza/Desktop/PROYECTOS/APP/mightyfitness/fitness-backend/vendor/laravel/framework/src/Illuminate/Database/Eloquent/Relations/BelongsToMany.php(887): Illuminate/Database/Eloquent/Builder->getModels()
#10 C:/Users/hamza/Desktop/PROYECTOS/APP/mightyfitness/fitness-backend/vendor/laravel/framework/src/Illuminate/Database/Eloquent/Relations/Relation.php(176): Illuminate/Database/Eloquent/Relations/BelongsToMany->get()
#11 C:/Users/hamza/Desktop/PROYECTOS/APP/mightyfitness/fitness-backend/vendor/laravel/framework/src/Illuminate/Database/Eloquent/Builder.php(859): Illuminate/Database/Eloquent/Relations/Relation->getEager()
#12 C:/Users/hamza/Desktop/PROYECTOS/APP/mightyfitness/fitness-backend/vendor/laravel/framework/src/Illuminate/Database/Eloquent/Builder.php(828): Illuminate/Database/Eloquent/Builder->eagerLoadRelation(Array, 'tags', Object(Closure))
#13 C:/Users/hamza/Desktop/PROYECTOS/APP/mightyfitness/fitness-backend/vendor/laravel/framework/src/Illuminate/Database/Eloquent/Builder.php(794): Illuminate/Database/Eloquent/Builder->eagerLoadRelations(Array)
#14 C:/Users/hamza/Desktop/PROYECTOS/APP/mightyfitness/fitness-backend/vendor/laravel/framework/src/Illuminate/Database/Concerns/BuildsQueries.php(343): Illuminate/Database/Eloquent/Builder->get(Array)
#15 C:/Users/hamza/Desktop/PROYECTOS/APP/mightyfitness/fitness-backend/vendor/laravel/framework/src/Illuminate/Database/Eloquent/Builder.php(477): Illuminate/Database/Eloquent/Builder->first(Array)
#16 C:/Users/hamza/Desktop/PROYECTOS/APP/mightyfitness/fitness-backend/app/Http/Controllers/API/ClientTagController.php(55): Illuminate/Database/Eloquent/Builder->find('8')
#17 C:/Users/hamza/Desktop/PROYECTOS/APP/mightyfitness/fitness-backend/vendor/laravel/framework/src/Illuminate/Routing/Controller.php(54): App/Http/Controllers/API/ClientTagController->getClientTags(Object(Illuminate/Http/Request))
#18 C:/Users/hamza/Desktop/PROYECTOS/APP/mightyfitness/fitness-backend/vendor/laravel/framework/src/Illuminate/Routing/ControllerDispatcher.php(44): Illuminate/Routing/Controller->callAction('getClientTags', Array)
#19 C:/Users/hamza/Desktop/PROYECTOS/APP/mightyfitness/fitness-backend/vendor/laravel/framework/src/Illuminate/Routing/Route.php(266): Illuminate/Routing/ControllerDispatcher->dispatch(Object(Illuminate/Routing/Route), Object(App/Http/Controllers/API/ClientTagController), 'getClientTags')
#20 C:/Users/hamza/Desktop/PROYECTOS/APP/mightyfitness/fitness-backend/vendor/laravel/framework/src/Illuminate/Routing/Route.php(212): Illuminate/Routing/Route->runController()
#21 C:/Users/hamza/Desktop/PROYECTOS/APP/mightyfitness/fitness-backend/vendor/laravel/framework/src/Illuminate/Routing/Router.php(808): Illuminate/Routing/Route->run()
#22 C:/Users/hamza/Desktop/PROYECTOS/APP/mightyfitness/fitness-backend/vendor/laravel/framework/src/Illuminate/Pipeline/Pipeline.php(170): Illuminate/Routing/Router->Illuminate/Routing/{closure}(Object(Illuminate/Http/Request))
#23 C:/Users/hamza/Desktop/PROYECTOS/APP/mightyfitness/fitness-backend/app/Http/Middleware/AdminApi.php(26): Illuminate/Pipeline/Pipeline->Illuminate/Pipeline/{closure}(Object(Illuminate/Http/Request))
#24 C:/Users/hamza/Desktop/PROYECTOS/APP/mightyfitness/fitness-backend/vendor/laravel/framework/src/Illuminate/Pipeline/Pipeline.php(209): App/Http/Middleware/AdminApi->handle(Object(Illuminate/Http/Request), Object(Closure))
#25 C:/Users/hamza/Desktop/PROYECTOS/APP/mightyfitness/fitness-backend/app/Http/Middleware/API/CheckUserStatus.php(26): Illuminate/Pipeline/Pipeline->Illuminate/Pipeline/{closure}(Object(Illuminate/Http/Request))
#26 C:/Users/hamza/Desktop/PROYECTOS/APP/mightyfitness/fitness-backend/vendor/laravel/framework/src/Illuminate/Pipeline/Pipeline.php(209): App/Http/Middleware/API/CheckUserStatus->handle(Object(Illuminate/Http/Request), Object(Closure))
#27 C:/Users/hamza/Desktop/PROYECTOS/APP/mightyfitness/fitness-backend/vendor/laravel/framework/src/Illuminate/Routing/Middleware/SubstituteBindings.php(51): Illuminate/Pipeline/Pipeline->Illuminate/Pipeline/{closure}(Object(Illuminate/Http/Request))
#28 C:/Users/hamza/Desktop/PROYECTOS/APP/mightyfitness/fitness-backend/vendor/laravel/framework/src/Illuminate/Pipeline/Pipeline.php(209): Illuminate/Routing/Middleware/SubstituteBindings->handle(Object(Illuminate/Http/Request), Object(Closure))
#29 C:/Users/hamza/Desktop/PROYECTOS/APP/mightyfitness/fitness-backend/vendor/laravel/framework/src/Illuminate/Routing/Middleware/ThrottleRequests.php(161): Illuminate/Pipeline/Pipeline->Illuminate/Pipeline/{closure}(Object(Illuminate/Http/Request))
#30 C:/Users/hamza/Desktop/PROYECTOS/APP/mightyfitness/fitness-backend/vendor/laravel/framework/src/Illuminate/Routing/Middleware/ThrottleRequests.php(127): Illuminate/Routing/Middleware/ThrottleRequests->handleRequest(Object(Illuminate/Http/Request), Object(Closure), Array)
#31 C:/Users/hamza/Desktop/PROYECTOS/APP/mightyfitness/fitness-backend/vendor/laravel/framework/src/Illuminate/Routing/Middleware/ThrottleRequests.php(89): Illuminate/Routing/Middleware/ThrottleRequests->handleRequestUsingNamedLimiter(Object(Illuminate/Http/Request), Object(Closure), 'api', Object(Closure))
#32 C:/Users/hamza/Desktop/PROYECTOS/APP/mightyfitness/fitness-backend/vendor/laravel/framework/src/Illuminate/Pipeline/Pipeline.php(209): Illuminate/Routing/Middleware/ThrottleRequests->handle(Object(Illuminate/Http/Request), Object(Closure), 'api')
#33 C:/Users/hamza/Desktop/PROYECTOS/APP/mightyfitness/fitness-backend/vendor/laravel/framework/src/Illuminate/Auth/Middleware/Authenticate.php(64): Illuminate/Pipeline/Pipeline->Illuminate/Pipeline/{closure}(Object(Illuminate/Http/Request))
#34 C:/Users/hamza/Desktop/PROYECTOS/APP/mightyfitness/fitness-backend/vendor/laravel/framework/src/Illuminate/Pipeline/Pipeline.php(209): Illuminate/Auth/Middleware/Authenticate->handle(Object(Illuminate/Http/Request), Object(Closure), 'sanctum')
#35 C:/Users/hamza/Desktop/PROYECTOS/APP/mightyfitness/fitness-backend/vendor/laravel/framework/src/Illuminate/Pipeline/Pipeline.php(127): Illuminate/Pipeline/Pipeline->Illuminate/Pipeline/{closure}(Object(Illuminate/Http/Request))
#36 C:/Users/hamza/Desktop/PROYECTOS/APP/mightyfitness/fitness-backend/vendor/laravel/framework/src/Illuminate/Routing/Router.php(807): Illuminate/Pipeline/Pipeline->then(Object(Closure))
#37 C:/Users/hamza/Desktop/PROYECTOS/APP/mightyfitness/fitness-backend/vendor/laravel/framework/src/Illuminate/Routing/Router.php(786): Illuminate/Routing/Router->runRouteWithinStack(Object(Illuminate/Routing/Route), Object(Illuminate/Http/Request))
#38 C:/Users/hamza/Desktop/PROYECTOS/APP/mightyfitness/fitness-backend/vendor/laravel/framework/src/Illuminate/Routing/Router.php(750): Illuminate/Routing/Router->runRoute(Object(Illuminate/Http/Request), Object(Illuminate/Routing/Route))
#39 C:/Users/hamza/Desktop/PROYECTOS/APP/mightyfitness/fitness-backend/vendor/laravel/framework/src/Illuminate/Routing/Router.php(739): Illuminate/Routing/Router->dispatchToRoute(Object(Illuminate/Http/Request))
#40 C:/Users/hamza/Desktop/PROYECTOS/APP/mightyfitness/fitness-backend/vendor/laravel/framework/src/Illuminate/Foundation/Http/Kernel.php(201): Illuminate/Routing/Router->dispatch(Object(Illuminate/Http/Request))
#41 C:/Users/hamza/Desktop/PROYECTOS/APP/mightyfitness/fitness-backend/vendor/laravel/framework/src/Illuminate/Pipeline/Pipeline.php(170): Illuminate/Foundation/Http/Kernel->Illuminate/Foundation/Http/{closure}(Object(Illuminate/Http/Request))
#42 C:/Users/hamza/Desktop/PROYECTOS/APP/mightyfitness/fitness-backend/vendor/livewire/livewire/src/Features/SupportDisablingBackButtonCache/DisableBackButtonCacheMiddleware.php(19): Illuminate/Pipeline/Pipeline->Illuminate/Pipeline/{closure}(Object(Illuminate/Http/Request))
#43 C:/Users/hamza/Desktop/PROYECTOS/APP/mightyfitness/fitness-backend/vendor/laravel/framework/src/Illuminate/Pipeline/Pipeline.php(209): Livewire/Features/SupportDisablingBackButtonCache/DisableBackButtonCacheMiddleware->handle(Object(Illuminate/Http/Request), Object(Closure))
#44 C:/Users/hamza/Desktop/PROYECTOS/APP/mightyfitness/fitness-backend/vendor/laravel/framework/src/Illuminate/Foundation/Http/Middleware/TransformsRequest.php(21): Illuminate/Pipeline/Pipeline->Illuminate/Pipeline/{closure}(Object(Illuminate/Http/Request))
#45 C:/Users/hamza/Desktop/PROYECTOS/APP/mightyfitness/fitness-backend/vendor/laravel/framework/src/Illuminate/Foundation/Http/Middleware/ConvertEmptyStringsToNull.php(31): Illuminate/Foundation/Http/Middleware/TransformsRequest->handle(Object(Illuminate/Http/Request), Object(Closure))
#46 C:/Users/hamza/Desktop/PROYECTOS/APP/mightyfitness/fitness-backend/vendor/laravel/framework/src/Illuminate/Pipeline/Pipeline.php(209): Illuminate/Foundation/Http/Middleware/ConvertEmptyStringsToNull->handle(Object(Illuminate/Http/Request), Object(Closure))
#47 C:/Users/hamza/Desktop/PROYECTOS/APP/mightyfitness/fitness-backend/vendor/laravel/framework/src/Illuminate/Foundation/Http/Middleware/TransformsRequest.php(21): Illuminate/Pipeline/Pipeline->Illuminate/Pipeline/{closure}(Object(Illuminate/Http/Request))
#48 C:/Users/hamza/Desktop/PROYECTOS/APP/mightyfitness/fitness-backend/vendor/laravel/framework/src/Illuminate/Foundation/Http/Middleware/TrimStrings.php(51): Illuminate/Foundation/Http/Middleware/TransformsRequest->handle(Object(Illuminate/Http/Request), Object(Closure))
#49 C:/Users/hamza/Desktop/PROYECTOS/APP/mightyfitness/fitness-backend/vendor/laravel/framework/src/Illuminate/Pipeline/Pipeline.php(209): Illuminate/Foundation/Http/Middleware/TrimStrings->handle(Object(Illuminate/Http/Request), Object(Closure))
#50 C:/Users/hamza/Desktop/PROYECTOS/APP/mightyfitness/fitness-backend/vendor/laravel/framework/src/Illuminate/Http/Middleware/ValidatePostSize.php(27): Illuminate/Pipeline/Pipeline->Illuminate/Pipeline/{closure}(Object(Illuminate/Http/Request))
#51 C:/Users/hamza/Desktop/PROYECTOS/APP/mightyfitness/fitness-backend/vendor/laravel/framework/src/Illuminate/Pipeline/Pipeline.php(209): Illuminate/Http/Middleware/ValidatePostSize->handle(Object(Illuminate/Http/Request), Object(Closure))
#52 C:/Users/hamza/Desktop/PROYECTOS/APP/mightyfitness/fitness-backend/vendor/laravel/framework/src/Illuminate/Foundation/Http/Middleware/PreventRequestsDuringMaintenance.php(110): Illuminate/Pipeline/Pipeline->Illuminate/Pipeline/{closure}(Object(Illuminate/Http/Request))
#53 C:/Users/hamza/Desktop/PROYECTOS/APP/mightyfitness/fitness-backend/vendor/laravel/framework/src/Illuminate/Pipeline/Pipeline.php(209): Illuminate/Foundation/Http/Middleware/PreventRequestsDuringMaintenance->handle(Object(Illuminate/Http/Request), Object(Closure))
#54 C:/Users/hamza/Desktop/PROYECTOS/APP/mightyfitness/fitness-backend/vendor/laravel/framework/src/Illuminate/Http/Middleware/HandleCors.php(62): Illuminate/Pipeline/Pipeline->Illuminate/Pipeline/{closure}(Object(Illuminate/Http/Request))
#55 C:/Users/hamza/Desktop/PROYECTOS/APP/mightyfitness/fitness-backend/vendor/laravel/framework/src/Illuminate/Pipeline/Pipeline.php(209): Illuminate/Http/Middleware/HandleCors->handle(Object(Illuminate/Http/Request), Object(Closure))
#56 C:/Users/hamza/Desktop/PROYECTOS/APP/mightyfitness/fitness-backend/vendor/laravel/framework/src/Illuminate/Pipeline/Pipeline.php(127): Illuminate/Pipeline/Pipeline->Illuminate/Pipeline/{closure}(Object(Illuminate/Http/Request))
#57 C:/Users/hamza/Desktop/PROYECTOS/APP/mightyfitness/fitness-backend/vendor/laravel/framework/src/Illuminate/Foundation/Http/Kernel.php(176): Illuminate/Pipeline/Pipeline->then(Object(Closure))
#58 C:/Users/hamza/Desktop/PROYECTOS/APP/mightyfitness/fitness-backend/vendor/laravel/framework/src/Illuminate/Foundation/Http/Kernel.php(145): Illuminate/Foundation/Http/Kernel->sendRequestThroughRouter(Object(Illuminate/Http/Request))
#59 C:/Users/hamza/Desktop/PROYECTOS/APP/mightyfitness/fitness-backend/public/index.php(51): Illuminate/Foundation/Http/Kernel->handle(Object(Illuminate/Http/Request))
#60 C:/Users/hamza/Desktop/PROYECTOS/APP/mightyfitness/fitness-backend/server.php(21): require_once('C://Users//hamza//...')
#61 {main}
"} 
[2026-08-06 17:38:14] local.ERROR: SQLSTATE[42S22]: Column not found: 1054 Unknown column 'client_tag_assignments.tag_id' in 'field list' (Connection: mysql, SQL: select `client_tags`.*, `client_tag_assignments`.`client_id` as `pivot_client_id`, `client_tag_assignments`.`tag_id` as `pivot_tag_id` from `client_tags` inner join `client_tag_assignments` on `client_tags`.`id` = `client_tag_assignments`.`tag_id` where `client_tag_assignments`.`client_id` in (8)) {"userId":2,"exception":"[object] (Illuminate\\Database\\QueryException(code: 42S22): SQLSTATE[42S22]: Column not found: 1054 Unknown column 'client_tag_assignments.tag_id' in 'field list' (Connection: mysql, SQL: select `client_tags`.*, `client_tag_assignments`.`client_id` as `pivot_client_id`, `client_tag_assignments`.`tag_id` as `pivot_tag_id` from `client_tags` inner join `client_tag_assignments` on `client_tags`.`id` = `client_tag_assignments`.`tag_id` where `client_tag_assignments`.`client_id` in (8)) at C:/Users/hamza/Desktop/PROYECTOS/APP/mightyfitness/fitness-backend/vendor/laravel/framework/src/Illuminate/Database/Connection.php:825)
[stacktrace]
#0 C:/Users/hamza/Desktop/PROYECTOS/APP/mightyfitness/fitness-backend/vendor/laravel/framework/src/Illuminate/Database/Connection.php(779): Illuminate/Database/Connection->runQueryCallback('select `client_...', Array, Object(Closure))
#1 C:/Users/hamza/Desktop/PROYECTOS/APP/mightyfitness/fitness-backend/vendor/laravel/framework/src/Illuminate/Database/Connection.php(398): Illuminate/Database/Connection->run('select `client_...', Array, Object(Closure))
#2 C:/Users/hamza/Desktop/PROYECTOS/APP/mightyfitness/fitness-backend/vendor/laravel/framework/src/Illuminate/Database/Query/Builder.php(3106): Illuminate/Database/Connection->select('select `client_...', Array, true)
#3 C:/Users/hamza/Desktop/PROYECTOS/APP/mightyfitness/fitness-backend/vendor/laravel/framework/src/Illuminate/Database/Query/Builder.php(3091): Illuminate/Database/Query/Builder->runSelect()
#4 C:/Users/hamza/Desktop/PROYECTOS/APP/mightyfitness/fitness-backend/vendor/laravel/framework/src/Illuminate/Database/Query/Builder.php(3676): Illuminate/Database/Query/Builder->Illuminate/Database/Query/{closure}()
#5 C:/Users/hamza/Desktop/PROYECTOS/APP/mightyfitness/fitness-backend/vendor/laravel/framework/src/Illuminate/Database/Query/Builder.php(3090): Illuminate/Database/Query/Builder->onceWithColumns(Array, Object(Closure))
#6 C:/Users/hamza/Desktop/PROYECTOS/APP/mightyfitness/fitness-backend/vendor/laravel/framework/src/Illuminate/Database/Eloquent/Builder.php(811): Illuminate/Database/Query/Builder->get(Array)
#7 C:/Users/hamza/Desktop/PROYECTOS/APP/mightyfitness/fitness-backend/vendor/laravel/framework/src/Illuminate/Database/Eloquent/Relations/BelongsToMany.php(887): Illuminate/Database/Eloquent/Builder->getModels()
#8 C:/Users/hamza/Desktop/PROYECTOS/APP/mightyfitness/fitness-backend/vendor/laravel/framework/src/Illuminate/Database/Eloquent/Relations/Relation.php(176): Illuminate/Database/Eloquent/Relations/BelongsToMany->get()
#9 C:/Users/hamza/Desktop/PROYECTOS/APP/mightyfitness/fitness-backend/vendor/laravel/framework/src/Illuminate/Database/Eloquent/Builder.php(859): Illuminate/Database/Eloquent/Relations/Relation->getEager()
#10 C:/Users/hamza/Desktop/PROYECTOS/APP/mightyfitness/fitness-backend/vendor/laravel/framework/src/Illuminate/Database/Eloquent/Builder.php(828): Illuminate/Database/Eloquent/Builder->eagerLoadRelation(Array, 'tags', Object(Closure))
#11 C:/Users/hamza/Desktop/PROYECTOS/APP/mightyfitness/fitness-backend/vendor/laravel/framework/src/Illuminate/Database/Eloquent/Builder.php(794): Illuminate/Database/Eloquent/Builder->eagerLoadRelations(Array)
#12 C:/Users/hamza/Desktop/PROYECTOS/APP/mightyfitness/fitness-backend/vendor/laravel/framework/src/Illuminate/Database/Concerns/BuildsQueries.php(343): Illuminate/Database/Eloquent/Builder->get(Array)
#13 C:/Users/hamza/Desktop/PROYECTOS/APP/mightyfitness/fitness-backend/vendor/laravel/framework/src/Illuminate/Database/Eloquent/Builder.php(477): Illuminate/Database/Eloquent/Builder->first(Array)
#14 C:/Users/hamza/Desktop/PROYECTOS/APP/mightyfitness/fitness-backend/app/Http/Controllers/API/ClientTagController.php(55): Illuminate/Database/Eloquent/Builder->find('8')
#15 C:/Users/hamza/Desktop/PROYECTOS/APP/mightyfitness/fitness-backend/vendor/laravel/framework/src/Illuminate/Routing/Controller.php(54): App/Http/Controllers/API/ClientTagController->getClientTags(Object(Illuminate/Http/Request))
#16 C:/Users/hamza/Desktop/PROYECTOS/APP/mightyfitness/fitness-backend/vendor/laravel/framework/src/Illuminate/Routing/ControllerDispatcher.php(44): Illuminate/Routing/Controller->callAction('getClientTags', Array)
#17 C:/Users/hamza/Desktop/PROYECTOS/APP/mightyfitness/fitness-backend/vendor/laravel/framework/src/Illuminate/Routing/Route.php(266): Illuminate/Routing/ControllerDispatcher->dispatch(Object(Illuminate/Routing/Route), Object(App/Http/Controllers/API/ClientTagController), 'getClientTags')
#18 C:/Users/hamza/Desktop/PROYECTOS/APP/mightyfitness/fitness-backend/vendor/laravel/framework/src/Illuminate/Routing/Route.php(212): Illuminate/Routing/Route->runController()
#19 C:/Users/hamza/Desktop/PROYECTOS/APP/mightyfitness/fitness-backend/vendor/laravel/framework/src/Illuminate/Routing/Router.php(808): Illuminate/Routing/Route->run()
#20 C:/Users/hamza/Desktop/PROYECTOS/APP/mightyfitness/fitness-backend/vendor/laravel/framework/src/Illuminate/Pipeline/Pipeline.php(170): Illuminate/Routing/Router->Illuminate/Routing/{closure}(Object(Illuminate/Http/Request))
#21 C:/Users/hamza/Desktop/PROYECTOS/APP/mightyfitness/fitness-backend/app/Http/Middleware/AdminApi.php(26): Illuminate/Pipeline/Pipeline->Illuminate/Pipeline/{closure}(Object(Illuminate/Http/Request))
#22 C:/Users/hamza/Desktop/PROYECTOS/APP/mightyfitness/fitness-backend/vendor/laravel/framework/src/Illuminate/Pipeline/Pipeline.php(209): App/Http/Middleware/AdminApi->handle(Object(Illuminate/Http/Request), Object(Closure))
#23 C:/Users/hamza/Desktop/PROYECTOS/APP/mightyfitness/fitness-backend/app/Http/Middleware/API/CheckUserStatus.php(26): Illuminate/Pipeline/Pipeline->Illuminate/Pipeline/{closure}(Object(Illuminate/Http/Request))
#24 C:/Users/hamza/Desktop/PROYECTOS/APP/mightyfitness/fitness-backend/vendor/laravel/framework/src/Illuminate/Pipeline/Pipeline.php(209): App/Http/Middleware/API/CheckUserStatus->handle(Object(Illuminate/Http/Request), Object(Closure))
#25 C:/Users/hamza/Desktop/PROYECTOS/APP/mightyfitness/fitness-backend/vendor/laravel/framework/src/Illuminate/Routing/Middleware/SubstituteBindings.php(51): Illuminate/Pipeline/Pipeline->Illuminate/Pipeline/{closure}(Object(Illuminate/Http/Request))
#26 C:/Users/hamza/Desktop/PROYECTOS/APP/mightyfitness/fitness-backend/vendor/laravel/framework/src/Illuminate/Pipeline/Pipeline.php(209): Illuminate/Routing/Middleware/SubstituteBindings->handle(Object(Illuminate/Http/Request), Object(Closure))
#27 C:/Users/hamza/Desktop/PROYECTOS/APP/mightyfitness/fitness-backend/vendor/laravel/framework/src/Illuminate/Routing/Middleware/ThrottleRequests.php(161): Illuminate/Pipeline/Pipeline->Illuminate/Pipeline/{closure}(Object(Illuminate/Http/Request))
#28 C:/Users/hamza/Desktop/PROYECTOS/APP/mightyfitness/fitness-backend/vendor/laravel/framework/src/Illuminate/Routing/Middleware/ThrottleRequests.php(127): Illuminate/Routing/Middleware/ThrottleRequests->handleRequest(Object(Illuminate/Http/Request), Object(Closure), Array)
#29 C:/Users/hamza/Desktop/PROYECTOS/APP/mightyfitness/fitness-backend/vendor/laravel/framework/src/Illuminate/Routing/Middleware/ThrottleRequests.php(89): Illuminate/Routing/Middleware/ThrottleRequests->handleRequestUsingNamedLimiter(Object(Illuminate/Http/Request), Object(Closure), 'api', Object(Closure))
#30 C:/Users/hamza/Desktop/PROYECTOS/APP/mightyfitness/fitness-backend/vendor/laravel/framework/src/Illuminate/Pipeline/Pipeline.php(209): Illuminate/Routing/Middleware/ThrottleRequests->handle(Object(Illuminate/Http/Request), Object(Closure), 'api')
#31 C:/Users/hamza/Desktop/PROYECTOS/APP/mightyfitness/fitness-backend/vendor/laravel/framework/src/Illuminate/Auth/Middleware/Authenticate.php(64): Illuminate/Pipeline/Pipeline->Illuminate/Pipeline/{closure}(Object(Illuminate/Http/Request))
#32 C:/Users/hamza/Desktop/PROYECTOS/APP/mightyfitness/fitness-backend/vendor/laravel/framework/src/Illuminate/Pipeline/Pipeline.php(209): Illuminate/Auth/Middleware/Authenticate->handle(Object(Illuminate/Http/Request), Object(Closure), 'sanctum')
#33 C:/Users/hamza/Desktop/PROYECTOS/APP/mightyfitness/fitness-backend/vendor/laravel/framework/src/Illuminate/Pipeline/Pipeline.php(127): Illuminate/Pipeline/Pipeline->Illuminate/Pipeline/{closure}(Object(Illuminate/Http/Request))
#34 C:/Users/hamza/Desktop/PROYECTOS/APP/mightyfitness/fitness-backend/vendor/laravel/framework/src/Illuminate/Routing/Router.php(807): Illuminate/Pipeline/Pipeline->then(Object(Closure))
#35 C:/Users/hamza/Desktop/PROYECTOS/APP/mightyfitness/fitness-backend/vendor/laravel/framework/src/Illuminate/Routing/Router.php(786): Illuminate/Routing/Router->runRouteWithinStack(Object(Illuminate/Routing/Route), Object(Illuminate/Http/Request))
#36 C:/Users/hamza/Desktop/PROYECTOS/APP/mightyfitness/fitness-backend/vendor/laravel/framework/src/Illuminate/Routing/Router.php(750): Illuminate/Routing/Router->runRoute(Object(Illuminate/Http/Request), Object(Illuminate/Routing/Route))
#37 C:/Users/hamza/Desktop/PROYECTOS/APP/mightyfitness/fitness-backend/vendor/laravel/framework/src/Illuminate/Routing/Router.php(739): Illuminate/Routing/Router->dispatchToRoute(Object(Illuminate/Http/Request))
#38 C:/Users/hamza/Desktop/PROYECTOS/APP/mightyfitness/fitness-backend/vendor/laravel/framework/src/Illuminate/Foundation/Http/Kernel.php(201): Illuminate/Routing/Router->dispatch(Object(Illuminate/Http/Request))
#39 C:/Users/hamza/Desktop/PROYECTOS/APP/mightyfitness/fitness-backend/vendor/laravel/framework/src/Illuminate/Pipeline/Pipeline.php(170): Illuminate/Foundation/Http/Kernel->Illuminate/Foundation/Http/{closure}(Object(Illuminate/Http/Request))
#40 C:/Users/hamza/Desktop/PROYECTOS/APP/mightyfitness/fitness-backend/vendor/livewire/livewire/src/Features/SupportDisablingBackButtonCache/DisableBackButtonCacheMiddleware.php(19): Illuminate/Pipeline/Pipeline->Illuminate/Pipeline/{closure}(Object(Illuminate/Http/Request))
#41 C:/Users/hamza/Desktop/PROYECTOS/APP/mightyfitness/fitness-backend/vendor/laravel/framework/src/Illuminate/Pipeline/Pipeline.php(209): Livewire/Features/SupportDisablingBackButtonCache/DisableBackButtonCacheMiddleware->handle(Object(Illuminate/Http/Request), Object(Closure))
#42 C:/Users/hamza/Desktop/PROYECTOS/APP/mightyfitness/fitness-backend/vendor/laravel/framework/src/Illuminate/Foundation/Http/Middleware/TransformsRequest.php(21): Illuminate/Pipeline/Pipeline->Illuminate/Pipeline/{closure}(Object(Illuminate/Http/Request))
#43 C:/Users/hamza/Desktop/PROYECTOS/APP/mightyfitness/fitness-backend/vendor/laravel/framework/src/Illuminate/Foundation/Http/Middleware/ConvertEmptyStringsToNull.php(31): Illuminate/Foundation/Http/Middleware/TransformsRequest->handle(Object(Illuminate/Http/Request), Object(Closure))
#44 C:/Users/hamza/Desktop/PROYECTOS/APP/mightyfitness/fitness-backend/vendor/laravel/framework/src/Illuminate/Pipeline/Pipeline.php(209): Illuminate/Foundation/Http/Middleware/ConvertEmptyStringsToNull->handle(Object(Illuminate/Http/Request), Object(Closure))
#45 C:/Users/hamza/Desktop/PROYECTOS/APP/mightyfitness/fitness-backend/vendor/laravel/framework/src/Illuminate/Foundation/Http/Middleware/TransformsRequest.php(21): Illuminate/Pipeline/Pipeline->Illuminate/Pipeline/{closure}(Object(Illuminate/Http/Request))
#46 C:/Users/hamza/Desktop/PROYECTOS/APP/mightyfitness/fitness-backend/vendor/laravel/framework/src/Illuminate/Foundation/Http/Middleware/TrimStrings.php(51): Illuminate/Foundation/Http/Middleware/TransformsRequest->handle(Object(Illuminate/Http/Request), Object(Closure))
#47 C:/Users/hamza/Desktop/PROYECTOS/APP/mightyfitness/fitness-backend/vendor/laravel/framework/src/Illuminate/Pipeline/Pipeline.php(209): Illuminate/Foundation/Http/Middleware/TrimStrings->handle(Object(Illuminate/Http/Request), Object(Closure))
#48 C:/Users/hamza/Desktop/PROYECTOS/APP/mightyfitness/fitness-backend/vendor/laravel/framework/src/Illuminate/Http/Middleware/ValidatePostSize.php(27): Illuminate/Pipeline/Pipeline->Illuminate/Pipeline/{closure}(Object(Illuminate/Http/Request))
#49 C:/Users/hamza/Desktop/PROYECTOS/APP/mightyfitness/fitness-backend/vendor/laravel/framework/src/Illuminate/Pipeline/Pipeline.php(209): Illuminate/Http/Middleware/ValidatePostSize->handle(Object(Illuminate/Http/Request), Object(Closure))
#50 C:/Users/hamza/Desktop/PROYECTOS/APP/mightyfitness/fitness-backend/vendor/laravel/framework/src/Illuminate/Foundation/Http/Middleware/PreventRequestsDuringMaintenance.php(110): Illuminate/Pipeline/Pipeline->Illuminate/Pipeline/{closure}(Object(Illuminate/Http/Request))
#51 C:/Users/hamza/Desktop/PROYECTOS/APP/mightyfitness/fitness-backend/vendor/laravel/framework/src/Illuminate/Pipeline/Pipeline.php(209): Illuminate/Foundation/Http/Middleware/PreventRequestsDuringMaintenance->handle(Object(Illuminate/Http/Request), Object(Closure))
#52 C:/Users/hamza/Desktop/PROYECTOS/APP/mightyfitness/fitness-backend/vendor/laravel/framework/src/Illuminate/Http/Middleware/HandleCors.php(62): Illuminate/Pipeline/Pipeline->Illuminate/Pipeline/{closure}(Object(Illuminate/Http/Request))
#53 C:/Users/hamza/Desktop/PROYECTOS/APP/mightyfitness/fitness-backend/vendor/laravel/framework/src/Illuminate/Pipeline/Pipeline.php(209): Illuminate/Http/Middleware/HandleCors->handle(Object(Illuminate/Http/Request), Object(Closure))
#54 C:/Users/hamza/Desktop/PROYECTOS/APP/mightyfitness/fitness-backend/vendor/laravel/framework/src/Illuminate/Pipeline/Pipeline.php(127): Illuminate/Pipeline/Pipeline->Illuminate/Pipeline/{closure}(Object(Illuminate/Http/Request))
#55 C:/Users/hamza/Desktop/PROYECTOS/APP/mightyfitness/fitness-backend/vendor/laravel/framework/src/Illuminate/Foundation/Http/Kernel.php(176): Illuminate/Pipeline/Pipeline->then(Object(Closure))
#56 C:/Users/hamza/Desktop/PROYECTOS/APP/mightyfitness/fitness-backend/vendor/laravel/framework/src/Illuminate/Foundation/Http/Kernel.php(145): Illuminate/Foundation/Http/Kernel->sendRequestThroughRouter(Object(Illuminate/Http/Request))
#57 C:/Users/hamza/Desktop/PROYECTOS/APP/mightyfitness/fitness-backend/public/index.php(51): Illuminate/Foundation/Http/Kernel->handle(Object(Illuminate/Http/Request))
#58 C:/Users/hamza/Desktop/PROYECTOS/APP/mightyfitness/fitness-backend/server.php(21): require_once('C://Users//hamza//...')
#59 {main}

[previous exception] [object] (PDOException(code: 42S22): SQLSTATE[42S22]: Column not found: 1054 Unknown column 'client_tag_assignments.tag_id' in 'field list' at C:/Users/hamza/Desktop/PROYECTOS/APP/mightyfitness/fitness-backend/vendor/laravel/framework/src/Illuminate/Database/Connection.php:407)
[stacktrace]
#0 C:/Users/hamza/Desktop/PROYECTOS/APP/mightyfitness/fitness-backend/vendor/laravel/framework/src/Illuminate/Database/Connection.php(407): PDO->prepare('select `client_...')
#1 C:/Users/hamza/Desktop/PROYECTOS/APP/mightyfitness/fitness-backend/vendor/laravel/framework/src/Illuminate/Database/Connection.php(812): Illuminate/Database/Connection->Illuminate/Database/{closure}('select `client_...', Array)
#2 C:/Users/hamza/Desktop/PROYECTOS/APP/mightyfitness/fitness-backend/vendor/laravel/framework/src/Illuminate/Database/Connection.php(779): Illuminate/Database/Connection->runQueryCallback('select `client_...', Array, Object(Closure))
#3 C:/Users/hamza/Desktop/PROYECTOS/APP/mightyfitness/fitness-backend/vendor/laravel/framework/src/Illuminate/Database/Connection.php(398): Illuminate/Database/Connection->run('select `client_...', Array, Object(Closure))
#4 C:/Users/hamza/Desktop/PROYECTOS/APP/mightyfitness/fitness-backend/vendor/laravel/framework/src/Illuminate/Database/Query/Builder.php(3106): Illuminate/Database/Connection->select('select `client_...', Array, true)
#5 C:/Users/hamza/Desktop/PROYECTOS/APP/mightyfitness/fitness-backend/vendor/laravel/framework/src/Illuminate/Database/Query/Builder.php(3091): Illuminate/Database/Query/Builder->runSelect()
#6 C:/Users/hamza/Desktop/PROYECTOS/APP/mightyfitness/fitness-backend/vendor/laravel/framework/src/Illuminate/Database/Query/Builder.php(3676): Illuminate/Database/Query/Builder->Illuminate/Database/Query/{closure}()
#7 C:/Users/hamza/Desktop/PROYECTOS/APP/mightyfitness/fitness-backend/vendor/laravel/framework/src/Illuminate/Database/Query/Builder.php(3090): Illuminate/Database/Query/Builder->onceWithColumns(Array, Object(Closure))
#8 C:/Users/hamza/Desktop/PROYECTOS/APP/mightyfitness/fitness-backend/vendor/laravel/framework/src/Illuminate/Database/Eloquent/Builder.php(811): Illuminate/Database/Query/Builder->get(Array)
#9 C:/Users/hamza/Desktop/PROYECTOS/APP/mightyfitness/fitness-backend/vendor/laravel/framework/src/Illuminate/Database/Eloquent/Relations/BelongsToMany.php(887): Illuminate/Database/Eloquent/Builder->getModels()
#10 C:/Users/hamza/Desktop/PROYECTOS/APP/mightyfitness/fitness-backend/vendor/laravel/framework/src/Illuminate/Database/Eloquent/Relations/Relation.php(176): Illuminate/Database/Eloquent/Relations/BelongsToMany->get()
#11 C:/Users/hamza/Desktop/PROYECTOS/APP/mightyfitness/fitness-backend/vendor/laravel/framework/src/Illuminate/Database/Eloquent/Builder.php(859): Illuminate/Database/Eloquent/Relations/Relation->getEager()
#12 C:/Users/hamza/Desktop/PROYECTOS/APP/mightyfitness/fitness-backend/vendor/laravel/framework/src/Illuminate/Database/Eloquent/Builder.php(828): Illuminate/Database/Eloquent/Builder->eagerLoadRelation(Array, 'tags', Object(Closure))
#13 C:/Users/hamza/Desktop/PROYECTOS/APP/mightyfitness/fitness-backend/vendor/laravel/framework/src/Illuminate/Database/Eloquent/Builder.php(794): Illuminate/Database/Eloquent/Builder->eagerLoadRelations(Array)
#14 C:/Users/hamza/Desktop/PROYECTOS/APP/mightyfitness/fitness-backend/vendor/laravel/framework/src/Illuminate/Database/Concerns/BuildsQueries.php(343): Illuminate/Database/Eloquent/Builder->get(Array)
#15 C:/Users/hamza/Desktop/PROYECTOS/APP/mightyfitness/fitness-backend/vendor/laravel/framework/src/Illuminate/Database/Eloquent/Builder.php(477): Illuminate/Database/Eloquent/Builder->first(Array)
#16 C:/Users/hamza/Desktop/PROYECTOS/APP/mightyfitness/fitness-backend/app/Http/Controllers/API/ClientTagController.php(55): Illuminate/Database/Eloquent/Builder->find('8')
#17 C:/Users/hamza/Desktop/PROYECTOS/APP/mightyfitness/fitness-backend/vendor/laravel/framework/src/Illuminate/Routing/Controller.php(54): App/Http/Controllers/API/ClientTagController->getClientTags(Object(Illuminate/Http/Request))
#18 C:/Users/hamza/Desktop/PROYECTOS/APP/mightyfitness/fitness-backend/vendor/laravel/framework/src/Illuminate/Routing/ControllerDispatcher.php(44): Illuminate/Routing/Controller->callAction('getClientTags', Array)
#19 C:/Users/hamza/Desktop/PROYECTOS/APP/mightyfitness/fitness-backend/vendor/laravel/framework/src/Illuminate/Routing/Route.php(266): Illuminate/Routing/ControllerDispatcher->dispatch(Object(Illuminate/Routing/Route), Object(App/Http/Controllers/API/ClientTagController), 'getClientTags')
#20 C:/Users/hamza/Desktop/PROYECTOS/APP/mightyfitness/fitness-backend/vendor/laravel/framework/src/Illuminate/Routing/Route.php(212): Illuminate/Routing/Route->runController()
#21 C:/Users/hamza/Desktop/PROYECTOS/APP/mightyfitness/fitness-backend/vendor/laravel/framework/src/Illuminate/Routing/Router.php(808): Illuminate/Routing/Route->run()
#22 C:/Users/hamza/Desktop/PROYECTOS/APP/mightyfitness/fitness-backend/vendor/laravel/framework/src/Illuminate/Pipeline/Pipeline.php(170): Illuminate/Routing/Router->Illuminate/Routing/{closure}(Object(Illuminate/Http/Request))
#23 C:/Users/hamza/Desktop/PROYECTOS/APP/mightyfitness/fitness-backend/app/Http/Middleware/AdminApi.php(26): Illuminate/Pipeline/Pipeline->Illuminate/Pipeline/{closure}(Object(Illuminate/Http/Request))
#24 C:/Users/hamza/Desktop/PROYECTOS/APP/mightyfitness/fitness-backend/vendor/laravel/framework/src/Illuminate/Pipeline/Pipeline.php(209): App/Http/Middleware/AdminApi->handle(Object(Illuminate/Http/Request), Object(Closure))
#25 C:/Users/hamza/Desktop/PROYECTOS/APP/mightyfitness/fitness-backend/app/Http/Middleware/API/CheckUserStatus.php(26): Illuminate/Pipeline/Pipeline->Illuminate/Pipeline/{closure}(Object(Illuminate/Http/Request))
#26 C:/Users/hamza/Desktop/PROYECTOS/APP/mightyfitness/fitness-backend/vendor/laravel/framework/src/Illuminate/Pipeline/Pipeline.php(209): App/Http/Middleware/API/CheckUserStatus->handle(Object(Illuminate/Http/Request), Object(Closure))
#27 C:/Users/hamza/Desktop/PROYECTOS/APP/mightyfitness/fitness-backend/vendor/laravel/framework/src/Illuminate/Routing/Middleware/SubstituteBindings.php(51): Illuminate/Pipeline/Pipeline->Illuminate/Pipeline/{closure}(Object(Illuminate/Http/Request))
#28 C:/Users/hamza/Desktop/PROYECTOS/APP/mightyfitness/fitness-backend/vendor/laravel/framework/src/Illuminate/Pipeline/Pipeline.php(209): Illuminate/Routing/Middleware/SubstituteBindings->handle(Object(Illuminate/Http/Request), Object(Closure))
#29 C:/Users/hamza/Desktop/PROYECTOS/APP/mightyfitness/fitness-backend/vendor/laravel/framework/src/Illuminate/Routing/Middleware/ThrottleRequests.php(161): Illuminate/Pipeline/Pipeline->Illuminate/Pipeline/{closure}(Object(Illuminate/Http/Request))
#30 C:/Users/hamza/Desktop/PROYECTOS/APP/mightyfitness/fitness-backend/vendor/laravel/framework/src/Illuminate/Routing/Middleware/ThrottleRequests.php(127): Illuminate/Routing/Middleware/ThrottleRequests->handleRequest(Object(Illuminate/Http/Request), Object(Closure), Array)
#31 C:/Users/hamza/Desktop/PROYECTOS/APP/mightyfitness/fitness-backend/vendor/laravel/framework/src/Illuminate/Routing/Middleware/ThrottleRequests.php(89): Illuminate/Routing/Middleware/ThrottleRequests->handleRequestUsingNamedLimiter(Object(Illuminate/Http/Request), Object(Closure), 'api', Object(Closure))
#32 C:/Users/hamza/Desktop/PROYECTOS/APP/mightyfitness/fitness-backend/vendor/laravel/framework/src/Illuminate/Pipeline/Pipeline.php(209): Illuminate/Routing/Middleware/ThrottleRequests->handle(Object(Illuminate/Http/Request), Object(Closure), 'api')
#33 C:/Users/hamza/Desktop/PROYECTOS/APP/mightyfitness/fitness-backend/vendor/laravel/framework/src/Illuminate/Auth/Middleware/Authenticate.php(64): Illuminate/Pipeline/Pipeline->Illuminate/Pipeline/{closure}(Object(Illuminate/Http/Request))
#34 C:/Users/hamza/Desktop/PROYECTOS/APP/mightyfitness/fitness-backend/vendor/laravel/framework/src/Illuminate/Pipeline/Pipeline.php(209): Illuminate/Auth/Middleware/Authenticate->handle(Object(Illuminate/Http/Request), Object(Closure), 'sanctum')
#35 C:/Users/hamza/Desktop/PROYECTOS/APP/mightyfitness/fitness-backend/vendor/laravel/framework/src/Illuminate/Pipeline/Pipeline.php(127): Illuminate/Pipeline/Pipeline->Illuminate/Pipeline/{closure}(Object(Illuminate/Http/Request))
#36 C:/Users/hamza/Desktop/PROYECTOS/APP/mightyfitness/fitness-backend/vendor/laravel/framework/src/Illuminate/Routing/Router.php(807): Illuminate/Pipeline/Pipeline->then(Object(Closure))
#37 C:/Users/hamza/Desktop/PROYECTOS/APP/mightyfitness/fitness-backend/vendor/laravel/framework/src/Illuminate/Routing/Router.php(786): Illuminate/Routing/Router->runRouteWithinStack(Object(Illuminate/Routing/Route), Object(Illuminate/Http/Request))
#38 C:/Users/hamza/Desktop/PROYECTOS/APP/mightyfitness/fitness-backend/vendor/laravel/framework/src/Illuminate/Routing/Router.php(750): Illuminate/Routing/Router->runRoute(Object(Illuminate/Http/Request), Object(Illuminate/Routing/Route))
#39 C:/Users/hamza/Desktop/PROYECTOS/APP/mightyfitness/fitness-backend/vendor/laravel/framework/src/Illuminate/Routing/Router.php(739): Illuminate/Routing/Router->dispatchToRoute(Object(Illuminate/Http/Request))
#40 C:/Users/hamza/Desktop/PROYECTOS/APP/mightyfitness/fitness-backend/vendor/laravel/framework/src/Illuminate/Foundation/Http/Kernel.php(201): Illuminate/Routing/Router->dispatch(Object(Illuminate/Http/Request))
#41 C:/Users/hamza/Desktop/PROYECTOS/APP/mightyfitness/fitness-backend/vendor/laravel/framework/src/Illuminate/Pipeline/Pipeline.php(170): Illuminate/Foundation/Http/Kernel->Illuminate/Foundation/Http/{closure}(Object(Illuminate/Http/Request))
#42 C:/Users/hamza/Desktop/PROYECTOS/APP/mightyfitness/fitness-backend/vendor/livewire/livewire/src/Features/SupportDisablingBackButtonCache/DisableBackButtonCacheMiddleware.php(19): Illuminate/Pipeline/Pipeline->Illuminate/Pipeline/{closure}(Object(Illuminate/Http/Request))
#43 C:/Users/hamza/Desktop/PROYECTOS/APP/mightyfitness/fitness-backend/vendor/laravel/framework/src/Illuminate/Pipeline/Pipeline.php(209): Livewire/Features/SupportDisablingBackButtonCache/DisableBackButtonCacheMiddleware->handle(Object(Illuminate/Http/Request), Object(Closure))
#44 C:/Users/hamza/Desktop/PROYECTOS/APP/mightyfitness/fitness-backend/vendor/laravel/framework/src/Illuminate/Foundation/Http/Middleware/TransformsRequest.php(21): Illuminate/Pipeline/Pipeline->Illuminate/Pipeline/{closure}(Object(Illuminate/Http/Request))
#45 C:/Users/hamza/Desktop/PROYECTOS/APP/mightyfitness/fitness-backend/vendor/laravel/framework/src/Illuminate/Foundation/Http/Middleware/ConvertEmptyStringsToNull.php(31): Illuminate/Foundation/Http/Middleware/TransformsRequest->handle(Object(Illuminate/Http/Request), Object(Closure))
#46 C:/Users/hamza/Desktop/PROYECTOS/APP/mightyfitness/fitness-backend/vendor/laravel/framework/src/Illuminate/Pipeline/Pipeline.php(209): Illuminate/Foundation/Http/Middleware/ConvertEmptyStringsToNull->handle(Object(Illuminate/Http/Request), Object(Closure))
#47 C:/Users/hamza/Desktop/PROYECTOS/APP/mightyfitness/fitness-backend/vendor/laravel/framework/src/Illuminate/Foundation/Http/Middleware/TransformsRequest.php(21): Illuminate/Pipeline/Pipeline->Illuminate/Pipeline/{closure}(Object(Illuminate/Http/Request))
#48 C:/Users/hamza/Desktop/PROYECTOS/APP/mightyfitness/fitness-backend/vendor/laravel/framework/src/Illuminate/Foundation/Http/Middleware/TrimStrings.php(51): Illuminate/Foundation/Http/Middleware/TransformsRequest->handle(Object(Illuminate/Http/Request), Object(Closure))
#49 C:/Users/hamza/Desktop/PROYECTOS/APP/mightyfitness/fitness-backend/vendor/laravel/framework/src/Illuminate/Pipeline/Pipeline.php(209): Illuminate/Foundation/Http/Middleware/TrimStrings->handle(Object(Illuminate/Http/Request), Object(Closure))
#50 C:/Users/hamza/Desktop/PROYECTOS/APP/mightyfitness/fitness-backend/vendor/laravel/framework/src/Illuminate/Http/Middleware/ValidatePostSize.php(27): Illuminate/Pipeline/Pipeline->Illuminate/Pipeline/{closure}(Object(Illuminate/Http/Request))
#51 C:/Users/hamza/Desktop/PROYECTOS/APP/mightyfitness/fitness-backend/vendor/laravel/framework/src/Illuminate/Pipeline/Pipeline.php(209): Illuminate/Http/Middleware/ValidatePostSize->handle(Object(Illuminate/Http/Request), Object(Closure))
#52 C:/Users/hamza/Desktop/PROYECTOS/APP/mightyfitness/fitness-backend/vendor/laravel/framework/src/Illuminate/Foundation/Http/Middleware/PreventRequestsDuringMaintenance.php(110): Illuminate/Pipeline/Pipeline->Illuminate/Pipeline/{closure}(Object(Illuminate/Http/Request))
#53 C:/Users/hamza/Desktop/PROYECTOS/APP/mightyfitness/fitness-backend/vendor/laravel/framework/src/Illuminate/Pipeline/Pipeline.php(209): Illuminate/Foundation/Http/Middleware/PreventRequestsDuringMaintenance->handle(Object(Illuminate/Http/Request), Object(Closure))
#54 C:/Users/hamza/Desktop/PROYECTOS/APP/mightyfitness/fitness-backend/vendor/laravel/framework/src/Illuminate/Http/Middleware/HandleCors.php(62): Illuminate/Pipeline/Pipeline->Illuminate/Pipeline/{closure}(Object(Illuminate/Http/Request))
#55 C:/Users/hamza/Desktop/PROYECTOS/APP/mightyfitness/fitness-backend/vendor/laravel/framework/src/Illuminate/Pipeline/Pipeline.php(209): Illuminate/Http/Middleware/HandleCors->handle(Object(Illuminate/Http/Request), Object(Closure))
#56 C:/Users/hamza/Desktop/PROYECTOS/APP/mightyfitness/fitness-backend/vendor/laravel/framework/src/Illuminate/Pipeline/Pipeline.php(127): Illuminate/Pipeline/Pipeline->Illuminate/Pipeline/{closure}(Object(Illuminate/Http/Request))
#57 C:/Users/hamza/Desktop/PROYECTOS/APP/mightyfitness/fitness-backend/vendor/laravel/framework/src/Illuminate/Foundation/Http/Kernel.php(176): Illuminate/Pipeline/Pipeline->then(Object(Closure))
#58 C:/Users/hamza/Desktop/PROYECTOS/APP/mightyfitness/fitness-backend/vendor/laravel/framework/src/Illuminate/Foundation/Http/Kernel.php(145): Illuminate/Foundation/Http/Kernel->sendRequestThroughRouter(Object(Illuminate/Http/Request))
#59 C:/Users/hamza/Desktop/PROYECTOS/APP/mightyfitness/fitness-backend/public/index.php(51): Illuminate/Foundation/Http/Kernel->handle(Object(Illuminate/Http/Request))
#60 C:/Users/hamza/Desktop/PROYECTOS/APP/mightyfitness/fitness-backend/server.php(21): require_once('C://Users//hamza//...')
#61 {main}
"} 
[2026-08-06 17:38:25] local.ERROR: SQLSTATE[42S22]: Column not found: 1054 Unknown column 'client_tag_assignments.tag_id' in 'field list' (Connection: mysql, SQL: select `client_tags`.*, `client_tag_assignments`.`client_id` as `pivot_client_id`, `client_tag_assignments`.`tag_id` as `pivot_tag_id` from `client_tags` inner join `client_tag_assignments` on `client_tags`.`id` = `client_tag_assignments`.`tag_id` where `client_tag_assignments`.`client_id` in (8)) {"userId":2,"exception":"[object] (Illuminate\\Database\\QueryException(code: 42S22): SQLSTATE[42S22]: Column not found: 1054 Unknown column 'client_tag_assignments.tag_id' in 'field list' (Connection: mysql, SQL: select `client_tags`.*, `client_tag_assignments`.`client_id` as `pivot_client_id`, `client_tag_assignments`.`tag_id` as `pivot_tag_id` from `client_tags` inner join `client_tag_assignments` on `client_tags`.`id` = `client_tag_assignments`.`tag_id` where `client_tag_assignments`.`client_id` in (8)) at C:/Users/hamza/Desktop/PROYECTOS/APP/mightyfitness/fitness-backend/vendor/laravel/framework/src/Illuminate/Database/Connection.php:825)
[stacktrace]
#0 C:/Users/hamza/Desktop/PROYECTOS/APP/mightyfitness/fitness-backend/vendor/laravel/framework/src/Illuminate/Database/Connection.php(779): Illuminate/Database/Connection->runQueryCallback('select `client_...', Array, Object(Closure))
#1 C:/Users/hamza/Desktop/PROYECTOS/APP/mightyfitness/fitness-backend/vendor/laravel/framework/src/Illuminate/Database/Connection.php(398): Illuminate/Database/Connection->run('select `client_...', Array, Object(Closure))
#2 C:/Users/hamza/Desktop/PROYECTOS/APP/mightyfitness/fitness-backend/vendor/laravel/framework/src/Illuminate/Database/Query/Builder.php(3106): Illuminate/Database/Connection->select('select `client_...', Array, true)
#3 C:/Users/hamza/Desktop/PROYECTOS/APP/mightyfitness/fitness-backend/vendor/laravel/framework/src/Illuminate/Database/Query/Builder.php(3091): Illuminate/Database/Query/Builder->runSelect()
#4 C:/Users/hamza/Desktop/PROYECTOS/APP/mightyfitness/fitness-backend/vendor/laravel/framework/src/Illuminate/Database/Query/Builder.php(3676): Illuminate/Database/Query/Builder->Illuminate/Database/Query/{closure}()
#5 C:/Users/hamza/Desktop/PROYECTOS/APP/mightyfitness/fitness-backend/vendor/laravel/framework/src/Illuminate/Database/Query/Builder.php(3090): Illuminate/Database/Query/Builder->onceWithColumns(Array, Object(Closure))
#6 C:/Users/hamza/Desktop/PROYECTOS/APP/mightyfitness/fitness-backend/vendor/laravel/framework/src/Illuminate/Database/Eloquent/Builder.php(811): Illuminate/Database/Query/Builder->get(Array)
#7 C:/Users/hamza/Desktop/PROYECTOS/APP/mightyfitness/fitness-backend/vendor/laravel/framework/src/Illuminate/Database/Eloquent/Relations/BelongsToMany.php(887): Illuminate/Database/Eloquent/Builder->getModels()
#8 C:/Users/hamza/Desktop/PROYECTOS/APP/mightyfitness/fitness-backend/vendor/laravel/framework/src/Illuminate/Database/Eloquent/Relations/Relation.php(176): Illuminate/Database/Eloquent/Relations/BelongsToMany->get()
#9 C:/Users/hamza/Desktop/PROYECTOS/APP/mightyfitness/fitness-backend/vendor/laravel/framework/src/Illuminate/Database/Eloquent/Builder.php(859): Illuminate/Database/Eloquent/Relations/Relation->getEager()
#10 C:/Users/hamza/Desktop/PROYECTOS/APP/mightyfitness/fitness-backend/vendor/laravel/framework/src/Illuminate/Database/Eloquent/Builder.php(828): Illuminate/Database/Eloquent/Builder->eagerLoadRelation(Array, 'tags', Object(Closure))
#11 C:/Users/hamza/Desktop/PROYECTOS/APP/mightyfitness/fitness-backend/vendor/laravel/framework/src/Illuminate/Database/Eloquent/Builder.php(794): Illuminate/Database/Eloquent/Builder->eagerLoadRelations(Array)
#12 C:/Users/hamza/Desktop/PROYECTOS/APP/mightyfitness/fitness-backend/vendor/laravel/framework/src/Illuminate/Database/Concerns/BuildsQueries.php(343): Illuminate/Database/Eloquent/Builder->get(Array)
#13 C:/Users/hamza/Desktop/PROYECTOS/APP/mightyfitness/fitness-backend/vendor/laravel/framework/src/Illuminate/Database/Eloquent/Builder.php(477): Illuminate/Database/Eloquent/Builder->first(Array)
#14 C:/Users/hamza/Desktop/PROYECTOS/APP/mightyfitness/fitness-backend/app/Http/Controllers/API/ClientTagController.php(55): Illuminate/Database/Eloquent/Builder->find('8')
#15 C:/Users/hamza/Desktop/PROYECTOS/APP/mightyfitness/fitness-backend/vendor/laravel/framework/src/Illuminate/Routing/Controller.php(54): App/Http/Controllers/API/ClientTagController->getClientTags(Object(Illuminate/Http/Request))
#16 C:/Users/hamza/Desktop/PROYECTOS/APP/mightyfitness/fitness-backend/vendor/laravel/framework/src/Illuminate/Routing/ControllerDispatcher.php(44): Illuminate/Routing/Controller->callAction('getClientTags', Array)
#17 C:/Users/hamza/Desktop/PROYECTOS/APP/mightyfitness/fitness-backend/vendor/laravel/framework/src/Illuminate/Routing/Route.php(266): Illuminate/Routing/ControllerDispatcher->dispatch(Object(Illuminate/Routing/Route), Object(App/Http/Controllers/API/ClientTagController), 'getClientTags')
#18 C:/Users/hamza/Desktop/PROYECTOS/APP/mightyfitness/fitness-backend/vendor/laravel/framework/src/Illuminate/Routing/Route.php(212): Illuminate/Routing/Route->runController()
#19 C:/Users/hamza/Desktop/PROYECTOS/APP/mightyfitness/fitness-backend/vendor/laravel/framework/src/Illuminate/Routing/Router.php(808): Illuminate/Routing/Route->run()
#20 C:/Users/hamza/Desktop/PROYECTOS/APP/mightyfitness/fitness-backend/vendor/laravel/framework/src/Illuminate/Pipeline/Pipeline.php(170): Illuminate/Routing/Router->Illuminate/Routing/{closure}(Object(Illuminate/Http/Request))
#21 C:/Users/hamza/Desktop/PROYECTOS/APP/mightyfitness/fitness-backend/app/Http/Middleware/AdminApi.php(26): Illuminate/Pipeline/Pipeline->Illuminate/Pipeline/{closure}(Object(Illuminate/Http/Request))
#22 C:/Users/hamza/Desktop/PROYECTOS/APP/mightyfitness/fitness-backend/vendor/laravel/framework/src/Illuminate/Pipeline/Pipeline.php(209): App/Http/Middleware/AdminApi->handle(Object(Illuminate/Http/Request), Object(Closure))
#23 C:/Users/hamza/Desktop/PROYECTOS/APP/mightyfitness/fitness-backend/app/Http/Middleware/API/CheckUserStatus.php(26): Illuminate/Pipeline/Pipeline->Illuminate/Pipeline/{closure}(Object(Illuminate/Http/Request))
#24 C:/Users/hamza/Desktop/PROYECTOS/APP/mightyfitness/fitness-backend/vendor/laravel/framework/src/Illuminate/Pipeline/Pipeline.php(209): App/Http/Middleware/API/CheckUserStatus->handle(Object(Illuminate/Http/Request), Object(Closure))
#25 C:/Users/hamza/Desktop/PROYECTOS/APP/mightyfitness/fitness-backend/vendor/laravel/framework/src/Illuminate/Routing/Middleware/SubstituteBindings.php(51): Illuminate/Pipeline/Pipeline->Illuminate/Pipeline/{closure}(Object(Illuminate/Http/Request))
#26 C:/Users/hamza/Desktop/PROYECTOS/APP/mightyfitness/fitness-backend/vendor/laravel/framework/src/Illuminate/Pipeline/Pipeline.php(209): Illuminate/Routing/Middleware/SubstituteBindings->handle(Object(Illuminate/Http/Request), Object(Closure))
#27 C:/Users/hamza/Desktop/PROYECTOS/APP/mightyfitness/fitness-backend/vendor/laravel/framework/src/Illuminate/Routing/Middleware/ThrottleRequests.php(161): Illuminate/Pipeline/Pipeline->Illuminate/Pipeline/{closure}(Object(Illuminate/Http/Request))
#28 C:/Users/hamza/Desktop/PROYECTOS/APP/mightyfitness/fitness-backend/vendor/laravel/framework/src/Illuminate/Routing/Middleware/ThrottleRequests.php(127): Illuminate/Routing/Middleware/ThrottleRequests->handleRequest(Object(Illuminate/Http/Request), Object(Closure), Array)
#29 C:/Users/hamza/Desktop/PROYECTOS/APP/mightyfitness/fitness-backend/vendor/laravel/framework/src/Illuminate/Routing/Middleware/ThrottleRequests.php(89): Illuminate/Routing/Middleware/ThrottleRequests->handleRequestUsingNamedLimiter(Object(Illuminate/Http/Request), Object(Closure), 'api', Object(Closure))
#30 C:/Users/hamza/Desktop/PROYECTOS/APP/mightyfitness/fitness-backend/vendor/laravel/framework/src/Illuminate/Pipeline/Pipeline.php(209): Illuminate/Routing/Middleware/ThrottleRequests->handle(Object(Illuminate/Http/Request), Object(Closure), 'api')
#31 C:/Users/hamza/Desktop/PROYECTOS/APP/mightyfitness/fitness-backend/vendor/laravel/framework/src/Illuminate/Auth/Middleware/Authenticate.php(64): Illuminate/Pipeline/Pipeline->Illuminate/Pipeline/{closure}(Object(Illuminate/Http/Request))
#32 C:/Users/hamza/Desktop/PROYECTOS/APP/mightyfitness/fitness-backend/vendor/laravel/framework/src/Illuminate/Pipeline/Pipeline.php(209): Illuminate/Auth/Middleware/Authenticate->handle(Object(Illuminate/Http/Request), Object(Closure), 'sanctum')
#33 C:/Users/hamza/Desktop/PROYECTOS/APP/mightyfitness/fitness-backend/vendor/laravel/framework/src/Illuminate/Pipeline/Pipeline.php(127): Illuminate/Pipeline/Pipeline->Illuminate/Pipeline/{closure}(Object(Illuminate/Http/Request))
#34 C:/Users/hamza/Desktop/PROYECTOS/APP/mightyfitness/fitness-backend/vendor/laravel/framework/src/Illuminate/Routing/Router.php(807): Illuminate/Pipeline/Pipeline->then(Object(Closure))
#35 C:/Users/hamza/Desktop/PROYECTOS/APP/mightyfitness/fitness-backend/vendor/laravel/framework/src/Illuminate/Routing/Router.php(786): Illuminate/Routing/Router->runRouteWithinStack(Object(Illuminate/Routing/Route), Object(Illuminate/Http/Request))
#36 C:/Users/hamza/Desktop/PROYECTOS/APP/mightyfitness/fitness-backend/vendor/laravel/framework/src/Illuminate/Routing/Router.php(750): Illuminate/Routing/Router->runRoute(Object(Illuminate/Http/Request), Object(Illuminate/Routing/Route))
#37 C:/Users/hamza/Desktop/PROYECTOS/APP/mightyfitness/fitness-backend/vendor/laravel/framework/src/Illuminate/Routing/Router.php(739): Illuminate/Routing/Router->dispatchToRoute(Object(Illuminate/Http/Request))
#38 C:/Users/hamza/Desktop/PROYECTOS/APP/mightyfitness/fitness-backend/vendor/laravel/framework/src/Illuminate/Foundation/Http/Kernel.php(201): Illuminate/Routing/Router->dispatch(Object(Illuminate/Http/Request))
#39 C:/Users/hamza/Desktop/PROYECTOS/APP/mightyfitness/fitness-backend/vendor/laravel/framework/src/Illuminate/Pipeline/Pipeline.php(170): Illuminate/Foundation/Http/Kernel->Illuminate/Foundation/Http/{closure}(Object(Illuminate/Http/Request))
#40 C:/Users/hamza/Desktop/PROYECTOS/APP/mightyfitness/fitness-backend/vendor/livewire/livewire/src/Features/SupportDisablingBackButtonCache/DisableBackButtonCacheMiddleware.php(19): Illuminate/Pipeline/Pipeline->Illuminate/Pipeline/{closure}(Object(Illuminate/Http/Request))
#41 C:/Users/hamza/Desktop/PROYECTOS/APP/mightyfitness/fitness-backend/vendor/laravel/framework/src/Illuminate/Pipeline/Pipeline.php(209): Livewire/Features/SupportDisablingBackButtonCache/DisableBackButtonCacheMiddleware->handle(Object(Illuminate/Http/Request), Object(Closure))
#42 C:/Users/hamza/Desktop/PROYECTOS/APP/mightyfitness/fitness-backend/vendor/laravel/framework/src/Illuminate/Foundation/Http/Middleware/TransformsRequest.php(21): Illuminate/Pipeline/Pipeline->Illuminate/Pipeline/{closure}(Object(Illuminate/Http/Request))
#43 C:/Users/hamza/Desktop/PROYECTOS/APP/mightyfitness/fitness-backend/vendor/laravel/framework/src/Illuminate/Foundation/Http/Middleware/ConvertEmptyStringsToNull.php(31): Illuminate/Foundation/Http/Middleware/TransformsRequest->handle(Object(Illuminate/Http/Request), Object(Closure))
#44 C:/Users/hamza/Desktop/PROYECTOS/APP/mightyfitness/fitness-backend/vendor/laravel/framework/src/Illuminate/Pipeline/Pipeline.php(209): Illuminate/Foundation/Http/Middleware/ConvertEmptyStringsToNull->handle(Object(Illuminate/Http/Request), Object(Closure))
#45 C:/Users/hamza/Desktop/PROYECTOS/APP/mightyfitness/fitness-backend/vendor/laravel/framework/src/Illuminate/Foundation/Http/Middleware/TransformsRequest.php(21): Illuminate/Pipeline/Pipeline->Illuminate/Pipeline/{closure}(Object(Illuminate/Http/Request))
#46 C:/Users/hamza/Desktop/PROYECTOS/APP/mightyfitness/fitness-backend/vendor/laravel/framework/src/Illuminate/Foundation/Http/Middleware/TrimStrings.php(51): Illuminate/Foundation/Http/Middleware/TransformsRequest->handle(Object(Illuminate/Http/Request), Object(Closure))
#47 C:/Users/hamza/Desktop/PROYECTOS/APP/mightyfitness/fitness-backend/vendor/laravel/framework/src/Illuminate/Pipeline/Pipeline.php(209): Illuminate/Foundation/Http/Middleware/TrimStrings->handle(Object(Illuminate/Http/Request), Object(Closure))
#48 C:/Users/hamza/Desktop/PROYECTOS/APP/mightyfitness/fitness-backend/vendor/laravel/framework/src/Illuminate/Http/Middleware/ValidatePostSize.php(27): Illuminate/Pipeline/Pipeline->Illuminate/Pipeline/{closure}(Object(Illuminate/Http/Request))
#49 C:/Users/hamza/Desktop/PROYECTOS/APP/mightyfitness/fitness-backend/vendor/laravel/framework/src/Illuminate/Pipeline/Pipeline.php(209): Illuminate/Http/Middleware/ValidatePostSize->handle(Object(Illuminate/Http/Request), Object(Closure))
#50 C:/Users/hamza/Desktop/PROYECTOS/APP/mightyfitness/fitness-backend/vendor/laravel/framework/src/Illuminate/Foundation/Http/Middleware/PreventRequestsDuringMaintenance.php(110): Illuminate/Pipeline/Pipeline->Illuminate/Pipeline/{closure}(Object(Illuminate/Http/Request))
#51 C:/Users/hamza/Desktop/PROYECTOS/APP/mightyfitness/fitness-backend/vendor/laravel/framework/src/Illuminate/Pipeline/Pipeline.php(209): Illuminate/Foundation/Http/Middleware/PreventRequestsDuringMaintenance->handle(Object(Illuminate/Http/Request), Object(Closure))
#52 C:/Users/hamza/Desktop/PROYECTOS/APP/mightyfitness/fitness-backend/vendor/laravel/framework/src/Illuminate/Http/Middleware/HandleCors.php(62): Illuminate/Pipeline/Pipeline->Illuminate/Pipeline/{closure}(Object(Illuminate/Http/Request))
#53 C:/Users/hamza/Desktop/PROYECTOS/APP/mightyfitness/fitness-backend/vendor/laravel/framework/src/Illuminate/Pipeline/Pipeline.php(209): Illuminate/Http/Middleware/HandleCors->handle(Object(Illuminate/Http/Request), Object(Closure))
#54 C:/Users/hamza/Desktop/PROYECTOS/APP/mightyfitness/fitness-backend/vendor/laravel/framework/src/Illuminate/Pipeline/Pipeline.php(127): Illuminate/Pipeline/Pipeline->Illuminate/Pipeline/{closure}(Object(Illuminate/Http/Request))
#55 C:/Users/hamza/Desktop/PROYECTOS/APP/mightyfitness/fitness-backend/vendor/laravel/framework/src/Illuminate/Foundation/Http/Kernel.php(176): Illuminate/Pipeline/Pipeline->then(Object(Closure))
#56 C:/Users/hamza/Desktop/PROYECTOS/APP/mightyfitness/fitness-backend/vendor/laravel/framework/src/Illuminate/Foundation/Http/Kernel.php(145): Illuminate/Foundation/Http/Kernel->sendRequestThroughRouter(Object(Illuminate/Http/Request))
#57 C:/Users/hamza/Desktop/PROYECTOS/APP/mightyfitness/fitness-backend/public/index.php(51): Illuminate/Foundation/Http/Kernel->handle(Object(Illuminate/Http/Request))
#58 C:/Users/hamza/Desktop/PROYECTOS/APP/mightyfitness/fitness-backend/server.php(21): require_once('C://Users//hamza//...')
#59 {main}

[previous exception] [object] (PDOException(code: 42S22): SQLSTATE[42S22]: Column not found: 1054 Unknown column 'client_tag_assignments.tag_id' in 'field list' at C:/Users/hamza/Desktop/PROYECTOS/APP/mightyfitness/fitness-backend/vendor/laravel/framework/src/Illuminate/Database/Connection.php:407)
[stacktrace]
#0 C:/Users/hamza/Desktop/PROYECTOS/APP/mightyfitness/fitness-backend/vendor/laravel/framework/src/Illuminate/Database/Connection.php(407): PDO->prepare('select `client_...')
#1 C:/Users/hamza/Desktop/PROYECTOS/APP/mightyfitness/fitness-backend/vendor/laravel/framework/src/Illuminate/Database/Connection.php(812): Illuminate/Database/Connection->Illuminate/Database/{closure}('select `client_...', Array)
#2 C:/Users/hamza/Desktop/PROYECTOS/APP/mightyfitness/fitness-backend/vendor/laravel/framework/src/Illuminate/Database/Connection.php(779): Illuminate/Database/Connection->runQueryCallback('select `client_...', Array, Object(Closure))
#3 C:/Users/hamza/Desktop/PROYECTOS/APP/mightyfitness/fitness-backend/vendor/laravel/framework/src/Illuminate/Database/Connection.php(398): Illuminate/Database/Connection->run('select `client_...', Array, Object(Closure))
#4 C:/Users/hamza/Desktop/PROYECTOS/APP/mightyfitness/fitness-backend/vendor/laravel/framework/src/Illuminate/Database/Query/Builder.php(3106): Illuminate/Database/Connection->select('select `client_...', Array, true)
#5 C:/Users/hamza/Desktop/PROYECTOS/APP/mightyfitness/fitness-backend/vendor/laravel/framework/src/Illuminate/Database/Query/Builder.php(3091): Illuminate/Database/Query/Builder->runSelect()
#6 C:/Users/hamza/Desktop/PROYECTOS/APP/mightyfitness/fitness-backend/vendor/laravel/framework/src/Illuminate/Database/Query/Builder.php(3676): Illuminate/Database/Query/Builder->Illuminate/Database/Query/{closure}()
#7 C:/Users/hamza/Desktop/PROYECTOS/APP/mightyfitness/fitness-backend/vendor/laravel/framework/src/Illuminate/Database/Query/Builder.php(3090): Illuminate/Database/Query/Builder->onceWithColumns(Array, Object(Closure))
#8 C:/Users/hamza/Desktop/PROYECTOS/APP/mightyfitness/fitness-backend/vendor/laravel/framework/src/Illuminate/Database/Eloquent/Builder.php(811): Illuminate/Database/Query/Builder->get(Array)
#9 C:/Users/hamza/Desktop/PROYECTOS/APP/mightyfitness/fitness-backend/vendor/laravel/framework/src/Illuminate/Database/Eloquent/Relations/BelongsToMany.php(887): Illuminate/Database/Eloquent/Builder->getModels()
#10 C:/Users/hamza/Desktop/PROYECTOS/APP/mightyfitness/fitness-backend/vendor/laravel/framework/src/Illuminate/Database/Eloquent/Relations/Relation.php(176): Illuminate/Database/Eloquent/Relations/BelongsToMany->get()
#11 C:/Users/hamza/Desktop/PROYECTOS/APP/mightyfitness/fitness-backend/vendor/laravel/framework/src/Illuminate/Database/Eloquent/Builder.php(859): Illuminate/Database/Eloquent/Relations/Relation->getEager()
#12 C:/Users/hamza/Desktop/PROYECTOS/APP/mightyfitness/fitness-backend/vendor/laravel/framework/src/Illuminate/Database/Eloquent/Builder.php(828): Illuminate/Database/Eloquent/Builder->eagerLoadRelation(Array, 'tags', Object(Closure))
#13 C:/Users/hamza/Desktop/PROYECTOS/APP/mightyfitness/fitness-backend/vendor/laravel/framework/src/Illuminate/Database/Eloquent/Builder.php(794): Illuminate/Database/Eloquent/Builder->eagerLoadRelations(Array)
#14 C:/Users/hamza/Desktop/PROYECTOS/APP/mightyfitness/fitness-backend/vendor/laravel/framework/src/Illuminate/Database/Concerns/BuildsQueries.php(343): Illuminate/Database/Eloquent/Builder->get(Array)
#15 C:/Users/hamza/Desktop/PROYECTOS/APP/mightyfitness/fitness-backend/vendor/laravel/framework/src/Illuminate/Database/Eloquent/Builder.php(477): Illuminate/Database/Eloquent/Builder->first(Array)
#16 C:/Users/hamza/Desktop/PROYECTOS/APP/mightyfitness/fitness-backend/app/Http/Controllers/API/ClientTagController.php(55): Illuminate/Database/Eloquent/Builder->find('8')
#17 C:/Users/hamza/Desktop/PROYECTOS/APP/mightyfitness/fitness-backend/vendor/laravel/framework/src/Illuminate/Routing/Controller.php(54): App/Http/Controllers/API/ClientTagController->getClientTags(Object(Illuminate/Http/Request))
#18 C:/Users/hamza/Desktop/PROYECTOS/APP/mightyfitness/fitness-backend/vendor/laravel/framework/src/Illuminate/Routing/ControllerDispatcher.php(44): Illuminate/Routing/Controller->callAction('getClientTags', Array)
#19 C:/Users/hamza/Desktop/PROYECTOS/APP/mightyfitness/fitness-backend/vendor/laravel/framework/src/Illuminate/Routing/Route.php(266): Illuminate/Routing/ControllerDispatcher->dispatch(Object(Illuminate/Routing/Route), Object(App/Http/Controllers/API/ClientTagController), 'getClientTags')
#20 C:/Users/hamza/Desktop/PROYECTOS/APP/mightyfitness/fitness-backend/vendor/laravel/framework/src/Illuminate/Routing/Route.php(212): Illuminate/Routing/Route->runController()
#21 C:/Users/hamza/Desktop/PROYECTOS/APP/mightyfitness/fitness-backend/vendor/laravel/framework/src/Illuminate/Routing/Router.php(808): Illuminate/Routing/Route->run()
#22 C:/Users/hamza/Desktop/PROYECTOS/APP/mightyfitness/fitness-backend/vendor/laravel/framework/src/Illuminate/Pipeline/Pipeline.php(170): Illuminate/Routing/Router->Illuminate/Routing/{closure}(Object(Illuminate/Http/Request))
#23 C:/Users/hamza/Desktop/PROYECTOS/APP/mightyfitness/fitness-backend/app/Http/Middleware/AdminApi.php(26): Illuminate/Pipeline/Pipeline->Illuminate/Pipeline/{closure}(Object(Illuminate/Http/Request))
#24 C:/Users/hamza/Desktop/PROYECTOS/APP/mightyfitness/fitness-backend/vendor/laravel/framework/src/Illuminate/Pipeline/Pipeline.php(209): App/Http/Middleware/AdminApi->handle(Object(Illuminate/Http/Request), Object(Closure))
#25 C:/Users/hamza/Desktop/PROYECTOS/APP/mightyfitness/fitness-backend/app/Http/Middleware/API/CheckUserStatus.php(26): Illuminate/Pipeline/Pipeline->Illuminate/Pipeline/{closure}(Object(Illuminate/Http/Request))
#26 C:/Users/hamza/Desktop/PROYECTOS/APP/mightyfitness/fitness-backend/vendor/laravel/framework/src/Illuminate/Pipeline/Pipeline.php(209): App/Http/Middleware/API/CheckUserStatus->handle(Object(Illuminate/Http/Request), Object(Closure))
#27 C:/Users/hamza/Desktop/PROYECTOS/APP/mightyfitness/fitness-backend/vendor/laravel/framework/src/Illuminate/Routing/Middleware/SubstituteBindings.php(51): Illuminate/Pipeline/Pipeline->Illuminate/Pipeline/{closure}(Object(Illuminate/Http/Request))
#28 C:/Users/hamza/Desktop/PROYECTOS/APP/mightyfitness/fitness-backend/vendor/laravel/framework/src/Illuminate/Pipeline/Pipeline.php(209): Illuminate/Routing/Middleware/SubstituteBindings->handle(Object(Illuminate/Http/Request), Object(Closure))
#29 C:/Users/hamza/Desktop/PROYECTOS/APP/mightyfitness/fitness-backend/vendor/laravel/framework/src/Illuminate/Routing/Middleware/ThrottleRequests.php(161): Illuminate/Pipeline/Pipeline->Illuminate/Pipeline/{closure}(Object(Illuminate/Http/Request))
#30 C:/Users/hamza/Desktop/PROYECTOS/APP/mightyfitness/fitness-backend/vendor/laravel/framework/src/Illuminate/Routing/Middleware/ThrottleRequests.php(127): Illuminate/Routing/Middleware/ThrottleRequests->handleRequest(Object(Illuminate/Http/Request), Object(Closure), Array)
#31 C:/Users/hamza/Desktop/PROYECTOS/APP/mightyfitness/fitness-backend/vendor/laravel/framework/src/Illuminate/Routing/Middleware/ThrottleRequests.php(89): Illuminate/Routing/Middleware/ThrottleRequests->handleRequestUsingNamedLimiter(Object(Illuminate/Http/Request), Object(Closure), 'api', Object(Closure))
#32 C:/Users/hamza/Desktop/PROYECTOS/APP/mightyfitness/fitness-backend/vendor/laravel/framework/src/Illuminate/Pipeline/Pipeline.php(209): Illuminate/Routing/Middleware/ThrottleRequests->handle(Object(Illuminate/Http/Request), Object(Closure), 'api')
#33 C:/Users/hamza/Desktop/PROYECTOS/APP/mightyfitness/fitness-backend/vendor/laravel/framework/src/Illuminate/Auth/Middleware/Authenticate.php(64): Illuminate/Pipeline/Pipeline->Illuminate/Pipeline/{closure}(Object(Illuminate/Http/Request))
#34 C:/Users/hamza/Desktop/PROYECTOS/APP/mightyfitness/fitness-backend/vendor/laravel/framework/src/Illuminate/Pipeline/Pipeline.php(209): Illuminate/Auth/Middleware/Authenticate->handle(Object(Illuminate/Http/Request), Object(Closure), 'sanctum')
#35 C:/Users/hamza/Desktop/PROYECTOS/APP/mightyfitness/fitness-backend/vendor/laravel/framework/src/Illuminate/Pipeline/Pipeline.php(127): Illuminate/Pipeline/Pipeline->Illuminate/Pipeline/{closure}(Object(Illuminate/Http/Request))
#36 C:/Users/hamza/Desktop/PROYECTOS/APP/mightyfitness/fitness-backend/vendor/laravel/framework/src/Illuminate/Routing/Router.php(807): Illuminate/Pipeline/Pipeline->then(Object(Closure))
#37 C:/Users/hamza/Desktop/PROYECTOS/APP/mightyfitness/fitness-backend/vendor/laravel/framework/src/Illuminate/Routing/Router.php(786): Illuminate/Routing/Router->runRouteWithinStack(Object(Illuminate/Routing/Route), Object(Illuminate/Http/Request))
#38 C:/Users/hamza/Desktop/PROYECTOS/APP/mightyfitness/fitness-backend/vendor/laravel/framework/src/Illuminate/Routing/Router.php(750): Illuminate/Routing/Router->runRoute(Object(Illuminate/Http/Request), Object(Illuminate/Routing/Route))
#39 C:/Users/hamza/Desktop/PROYECTOS/APP/mightyfitness/fitness-backend/vendor/laravel/framework/src/Illuminate/Routing/Router.php(739): Illuminate/Routing/Router->dispatchToRoute(Object(Illuminate/Http/Request))
#40 C:/Users/hamza/Desktop/PROYECTOS/APP/mightyfitness/fitness-backend/vendor/laravel/framework/src/Illuminate/Foundation/Http/Kernel.php(201): Illuminate/Routing/Router->dispatch(Object(Illuminate/Http/Request))
#41 C:/Users/hamza/Desktop/PROYECTOS/APP/mightyfitness/fitness-backend/vendor/laravel/framework/src/Illuminate/Pipeline/Pipeline.php(170): Illuminate/Foundation/Http/Kernel->Illuminate/Foundation/Http/{closure}(Object(Illuminate/Http/Request))
#42 C:/Users/hamza/Desktop/PROYECTOS/APP/mightyfitness/fitness-backend/vendor/livewire/livewire/src/Features/SupportDisablingBackButtonCache/DisableBackButtonCacheMiddleware.php(19): Illuminate/Pipeline/Pipeline->Illuminate/Pipeline/{closure}(Object(Illuminate/Http/Request))
#43 C:/Users/hamza/Desktop/PROYECTOS/APP/mightyfitness/fitness-backend/vendor/laravel/framework/src/Illuminate/Pipeline/Pipeline.php(209): Livewire/Features/SupportDisablingBackButtonCache/DisableBackButtonCacheMiddleware->handle(Object(Illuminate/Http/Request), Object(Closure))
#44 C:/Users/hamza/Desktop/PROYECTOS/APP/mightyfitness/fitness-backend/vendor/laravel/framework/src/Illuminate/Foundation/Http/Middleware/TransformsRequest.php(21): Illuminate/Pipeline/Pipeline->Illuminate/Pipeline/{closure}(Object(Illuminate/Http/Request))
#45 C:/Users/hamza/Desktop/PROYECTOS/APP/mightyfitness/fitness-backend/vendor/laravel/framework/src/Illuminate/Foundation/Http/Middleware/ConvertEmptyStringsToNull.php(31): Illuminate/Foundation/Http/Middleware/TransformsRequest->handle(Object(Illuminate/Http/Request), Object(Closure))
#46 C:/Users/hamza/Desktop/PROYECTOS/APP/mightyfitness/fitness-backend/vendor/laravel/framework/src/Illuminate/Pipeline/Pipeline.php(209): Illuminate/Foundation/Http/Middleware/ConvertEmptyStringsToNull->handle(Object(Illuminate/Http/Request), Object(Closure))
#47 C:/Users/hamza/Desktop/PROYECTOS/APP/mightyfitness/fitness-backend/vendor/laravel/framework/src/Illuminate/Foundation/Http/Middleware/TransformsRequest.php(21): Illuminate/Pipeline/Pipeline->Illuminate/Pipeline/{closure}(Object(Illuminate/Http/Request))
#48 C:/Users/hamza/Desktop/PROYECTOS/APP/mightyfitness/fitness-backend/vendor/laravel/framework/src/Illuminate/Foundation/Http/Middleware/TrimStrings.php(51): Illuminate/Foundation/Http/Middleware/TransformsRequest->handle(Object(Illuminate/Http/Request), Object(Closure))
#49 C:/Users/hamza/Desktop/PROYECTOS/APP/mightyfitness/fitness-backend/vendor/laravel/framework/src/Illuminate/Pipeline/Pipeline.php(209): Illuminate/Foundation/Http/Middleware/TrimStrings->handle(Object(Illuminate/Http/Request), Object(Closure))
#50 C:/Users/hamza/Desktop/PROYECTOS/APP/mightyfitness/fitness-backend/vendor/laravel/framework/src/Illuminate/Http/Middleware/ValidatePostSize.php(27): Illuminate/Pipeline/Pipeline->Illuminate/Pipeline/{closure}(Object(Illuminate/Http/Request))
#51 C:/Users/hamza/Desktop/PROYECTOS/APP/mightyfitness/fitness-backend/vendor/laravel/framework/src/Illuminate/Pipeline/Pipeline.php(209): Illuminate/Http/Middleware/ValidatePostSize->handle(Object(Illuminate/Http/Request), Object(Closure))
#52 C:/Users/hamza/Desktop/PROYECTOS/APP/mightyfitness/fitness-backend/vendor/laravel/framework/src/Illuminate/Foundation/Http/Middleware/PreventRequestsDuringMaintenance.php(110): Illuminate/Pipeline/Pipeline->Illuminate/Pipeline/{closure}(Object(Illuminate/Http/Request))
#53 C:/Users/hamza/Desktop/PROYECTOS/APP/mightyfitness/fitness-backend/vendor/laravel/framework/src/Illuminate/Pipeline/Pipeline.php(209): Illuminate/Foundation/Http/Middleware/PreventRequestsDuringMaintenance->handle(Object(Illuminate/Http/Request), Object(Closure))
#54 C:/Users/hamza/Desktop/PROYECTOS/APP/mightyfitness/fitness-backend/vendor/laravel/framework/src/Illuminate/Http/Middleware/HandleCors.php(62): Illuminate/Pipeline/Pipeline->Illuminate/Pipeline/{closure}(Object(Illuminate/Http/Request))
#55 C:/Users/hamza/Desktop/PROYECTOS/APP/mightyfitness/fitness-backend/vendor/laravel/framework/src/Illuminate/Pipeline/Pipeline.php(209): Illuminate/Http/Middleware/HandleCors->handle(Object(Illuminate/Http/Request), Object(Closure))
#56 C:/Users/hamza/Desktop/PROYECTOS/APP/mightyfitness/fitness-backend/vendor/laravel/framework/src/Illuminate/Pipeline/Pipeline.php(127): Illuminate/Pipeline/Pipeline->Illuminate/Pipeline/{closure}(Object(Illuminate/Http/Request))
#57 C:/Users/hamza/Desktop/PROYECTOS/APP/mightyfitness/fitness-backend/vendor/laravel/framework/src/Illuminate/Foundation/Http/Kernel.php(176): Illuminate/Pipeline/Pipeline->then(Object(Closure))
#58 C:/Users/hamza/Desktop/PROYECTOS/APP/mightyfitness/fitness-backend/vendor/laravel/framework/src/Illuminate/Foundation/Http/Kernel.php(145): Illuminate/Foundation/Http/Kernel->sendRequestThroughRouter(Object(Illuminate/Http/Request))
#59 C:/Users/hamza/Desktop/PROYECTOS/APP/mightyfitness/fitness-backend/public/index.php(51): Illuminate/Foundation/Http/Kernel->handle(Object(Illuminate/Http/Request))
#60 C:/Users/hamza/Desktop/PROYECTOS/APP/mightyfitness/fitness-backend/server.php(21): require_once('C://Users//hamza//...')
#61 {main}
"} 
[2026-08-06 17:38:44] local.ERROR: SQLSTATE[42S22]: Column not found: 1054 Unknown column 'client_tag_assignments.tag_id' in 'field list' (Connection: mysql, SQL: select `client_tags`.*, `client_tag_assignments`.`client_id` as `pivot_client_id`, `client_tag_assignments`.`tag_id` as `pivot_tag_id` from `client_tags` inner join `client_tag_assignments` on `client_tags`.`id` = `client_tag_assignments`.`tag_id` where `client_tag_assignments`.`client_id` in (8)) {"userId":2,"exception":"[object] (Illuminate\\Database\\QueryException(code: 42S22): SQLSTATE[42S22]: Column not found: 1054 Unknown column 'client_tag_assignments.tag_id' in 'field list' (Connection: mysql, SQL: select `client_tags`.*, `client_tag_assignments`.`client_id` as `pivot_client_id`, `client_tag_assignments`.`tag_id` as `pivot_tag_id` from `client_tags` inner join `client_tag_assignments` on `client_tags`.`id` = `client_tag_assignments`.`tag_id` where `client_tag_assignments`.`client_id` in (8)) at C:/Users/hamza/Desktop/PROYECTOS/APP/mightyfitness/fitness-backend/vendor/laravel/framework/src/Illuminate/Database/Connection.php:825)
[stacktrace]
#0 C:/Users/hamza/Desktop/PROYECTOS/APP/mightyfitness/fitness-backend/vendor/laravel/framework/src/Illuminate/Database/Connection.php(779): Illuminate/Database/Connection->runQueryCallback('select `client_...', Array, Object(Closure))
#1 C:/Users/hamza/Desktop/PROYECTOS/APP/mightyfitness/fitness-backend/vendor/laravel/framework/src/Illuminate/Database/Connection.php(398): Illuminate/Database/Connection->run('select `client_...', Array, Object(Closure))
#2 C:/Users/hamza/Desktop/PROYECTOS/APP/mightyfitness/fitness-backend/vendor/laravel/framework/src/Illuminate/Database/Query/Builder.php(3106): Illuminate/Database/Connection->select('select `client_...', Array, true)
#3 C:/Users/hamza/Desktop/PROYECTOS/APP/mightyfitness/fitness-backend/vendor/laravel/framework/src/Illuminate/Database/Query/Builder.php(3091): Illuminate/Database/Query/Builder->runSelect()
#4 C:/Users/hamza/Desktop/PROYECTOS/APP/mightyfitness/fitness-backend/vendor/laravel/framework/src/Illuminate/Database/Query/Builder.php(3676): Illuminate/Database/Query/Builder->Illuminate/Database/Query/{closure}()
#5 C:/Users/hamza/Desktop/PROYECTOS/APP/mightyfitness/fitness-backend/vendor/laravel/framework/src/Illuminate/Database/Query/Builder.php(3090): Illuminate/Database/Query/Builder->onceWithColumns(Array, Object(Closure))
#6 C:/Users/hamza/Desktop/PROYECTOS/APP/mightyfitness/fitness-backend/vendor/laravel/framework/src/Illuminate/Database/Eloquent/Builder.php(811): Illuminate/Database/Query/Builder->get(Array)
#7 C:/Users/hamza/Desktop/PROYECTOS/APP/mightyfitness/fitness-backend/vendor/laravel/framework/src/Illuminate/Database/Eloquent/Relations/BelongsToMany.php(887): Illuminate/Database/Eloquent/Builder->getModels()
#8 C:/Users/hamza/Desktop/PROYECTOS/APP/mightyfitness/fitness-backend/vendor/laravel/framework/src/Illuminate/Database/Eloquent/Relations/Relation.php(176): Illuminate/Database/Eloquent/Relations/BelongsToMany->get()
#9 C:/Users/hamza/Desktop/PROYECTOS/APP/mightyfitness/fitness-backend/vendor/laravel/framework/src/Illuminate/Database/Eloquent/Builder.php(859): Illuminate/Database/Eloquent/Relations/Relation->getEager()
#10 C:/Users/hamza/Desktop/PROYECTOS/APP/mightyfitness/fitness-backend/vendor/laravel/framework/src/Illuminate/Database/Eloquent/Builder.php(828): Illuminate/Database/Eloquent/Builder->eagerLoadRelation(Array, 'tags', Object(Closure))
#11 C:/Users/hamza/Desktop/PROYECTOS/APP/mightyfitness/fitness-backend/vendor/laravel/framework/src/Illuminate/Database/Eloquent/Builder.php(794): Illuminate/Database/Eloquent/Builder->eagerLoadRelations(Array)
#12 C:/Users/hamza/Desktop/PROYECTOS/APP/mightyfitness/fitness-backend/vendor/laravel/framework/src/Illuminate/Database/Concerns/BuildsQueries.php(343): Illuminate/Database/Eloquent/Builder->get(Array)
#13 C:/Users/hamza/Desktop/PROYECTOS/APP/mightyfitness/fitness-backend/vendor/laravel/framework/src/Illuminate/Database/Eloquent/Builder.php(477): Illuminate/Database/Eloquent/Builder->first(Array)
#14 C:/Users/hamza/Desktop/PROYECTOS/APP/mightyfitness/fitness-backend/app/Http/Controllers/API/ClientTagController.php(55): Illuminate/Database/Eloquent/Builder->find('8')
#15 C:/Users/hamza/Desktop/PROYECTOS/APP/mightyfitness/fitness-backend/vendor/laravel/framework/src/Illuminate/Routing/Controller.php(54): App/Http/Controllers/API/ClientTagController->getClientTags(Object(Illuminate/Http/Request))
#16 C:/Users/hamza/Desktop/PROYECTOS/APP/mightyfitness/fitness-backend/vendor/laravel/framework/src/Illuminate/Routing/ControllerDispatcher.php(44): Illuminate/Routing/Controller->callAction('getClientTags', Array)
#17 C:/Users/hamza/Desktop/PROYECTOS/APP/mightyfitness/fitness-backend/vendor/laravel/framework/src/Illuminate/Routing/Route.php(266): Illuminate/Routing/ControllerDispatcher->dispatch(Object(Illuminate/Routing/Route), Object(App/Http/Controllers/API/ClientTagController), 'getClientTags')
#18 C:/Users/hamza/Desktop/PROYECTOS/APP/mightyfitness/fitness-backend/vendor/laravel/framework/src/Illuminate/Routing/Route.php(212): Illuminate/Routing/Route->runController()
#19 C:/Users/hamza/Desktop/PROYECTOS/APP/mightyfitness/fitness-backend/vendor/laravel/framework/src/Illuminate/Routing/Router.php(808): Illuminate/Routing/Route->run()
#20 C:/Users/hamza/Desktop/PROYECTOS/APP/mightyfitness/fitness-backend/vendor/laravel/framework/src/Illuminate/Pipeline/Pipeline.php(170): Illuminate/Routing/Router->Illuminate/Routing/{closure}(Object(Illuminate/Http/Request))
#21 C:/Users/hamza/Desktop/PROYECTOS/APP/mightyfitness/fitness-backend/app/Http/Middleware/AdminApi.php(26): Illuminate/Pipeline/Pipeline->Illuminate/Pipeline/{closure}(Object(Illuminate/Http/Request))
#22 C:/Users/hamza/Desktop/PROYECTOS/APP/mightyfitness/fitness-backend/vendor/laravel/framework/src/Illuminate/Pipeline/Pipeline.php(209): App/Http/Middleware/AdminApi->handle(Object(Illuminate/Http/Request), Object(Closure))
#23 C:/Users/hamza/Desktop/PROYECTOS/APP/mightyfitness/fitness-backend/app/Http/Middleware/API/CheckUserStatus.php(26): Illuminate/Pipeline/Pipeline->Illuminate/Pipeline/{closure}(Object(Illuminate/Http/Request))
#24 C:/Users/hamza/Desktop/PROYECTOS/APP/mightyfitness/fitness-backend/vendor/laravel/framework/src/Illuminate/Pipeline/Pipeline.php(209): App/Http/Middleware/API/CheckUserStatus->handle(Object(Illuminate/Http/Request), Object(Closure))
#25 C:/Users/hamza/Desktop/PROYECTOS/APP/mightyfitness/fitness-backend/vendor/laravel/framework/src/Illuminate/Routing/Middleware/SubstituteBindings.php(51): Illuminate/Pipeline/Pipeline->Illuminate/Pipeline/{closure}(Object(Illuminate/Http/Request))
#26 C:/Users/hamza/Desktop/PROYECTOS/APP/mightyfitness/fitness-backend/vendor/laravel/framework/src/Illuminate/Pipeline/Pipeline.php(209): Illuminate/Routing/Middleware/SubstituteBindings->handle(Object(Illuminate/Http/Request), Object(Closure))
#27 C:/Users/hamza/Desktop/PROYECTOS/APP/mightyfitness/fitness-backend/vendor/laravel/framework/src/Illuminate/Routing/Middleware/ThrottleRequests.php(161): Illuminate/Pipeline/Pipeline->Illuminate/Pipeline/{closure}(Object(Illuminate/Http/Request))
#28 C:/Users/hamza/Desktop/PROYECTOS/APP/mightyfitness/fitness-backend/vendor/laravel/framework/src/Illuminate/Routing/Middleware/ThrottleRequests.php(127): Illuminate/Routing/Middleware/ThrottleRequests->handleRequest(Object(Illuminate/Http/Request), Object(Closure), Array)
#29 C:/Users/hamza/Desktop/PROYECTOS/APP/mightyfitness/fitness-backend/vendor/laravel/framework/src/Illuminate/Routing/Middleware/ThrottleRequests.php(89): Illuminate/Routing/Middleware/ThrottleRequests->handleRequestUsingNamedLimiter(Object(Illuminate/Http/Request), Object(Closure), 'api', Object(Closure))
#30 C:/Users/hamza/Desktop/PROYECTOS/APP/mightyfitness/fitness-backend/vendor/laravel/framework/src/Illuminate/Pipeline/Pipeline.php(209): Illuminate/Routing/Middleware/ThrottleRequests->handle(Object(Illuminate/Http/Request), Object(Closure), 'api')
#31 C:/Users/hamza/Desktop/PROYECTOS/APP/mightyfitness/fitness-backend/vendor/laravel/framework/src/Illuminate/Auth/Middleware/Authenticate.php(64): Illuminate/Pipeline/Pipeline->Illuminate/Pipeline/{closure}(Object(Illuminate/Http/Request))
#32 C:/Users/hamza/Desktop/PROYECTOS/APP/mightyfitness/fitness-backend/vendor/laravel/framework/src/Illuminate/Pipeline/Pipeline.php(209): Illuminate/Auth/Middleware/Authenticate->handle(Object(Illuminate/Http/Request), Object(Closure), 'sanctum')
#33 C:/Users/hamza/Desktop/PROYECTOS/APP/mightyfitness/fitness-backend/vendor/laravel/framework/src/Illuminate/Pipeline/Pipeline.php(127): Illuminate/Pipeline/Pipeline->Illuminate/Pipeline/{closure}(Object(Illuminate/Http/Request))
#34 C:/Users/hamza/Desktop/PROYECTOS/APP/mightyfitness/fitness-backend/vendor/laravel/framework/src/Illuminate/Routing/Router.php(807): Illuminate/Pipeline/Pipeline->then(Object(Closure))
#35 C:/Users/hamza/Desktop/PROYECTOS/APP/mightyfitness/fitness-backend/vendor/laravel/framework/src/Illuminate/Routing/Router.php(786): Illuminate/Routing/Router->runRouteWithinStack(Object(Illuminate/Routing/Route), Object(Illuminate/Http/Request))
#36 C:/Users/hamza/Desktop/PROYECTOS/APP/mightyfitness/fitness-backend/vendor/laravel/framework/src/Illuminate/Routing/Router.php(750): Illuminate/Routing/Router->runRoute(Object(Illuminate/Http/Request), Object(Illuminate/Routing/Route))
#37 C:/Users/hamza/Desktop/PROYECTOS/APP/mightyfitness/fitness-backend/vendor/laravel/framework/src/Illuminate/Routing/Router.php(739): Illuminate/Routing/Router->dispatchToRoute(Object(Illuminate/Http/Request))
#38 C:/Users/hamza/Desktop/PROYECTOS/APP/mightyfitness/fitness-backend/vendor/laravel/framework/src/Illuminate/Foundation/Http/Kernel.php(201): Illuminate/Routing/Router->dispatch(Object(Illuminate/Http/Request))
#39 C:/Users/hamza/Desktop/PROYECTOS/APP/mightyfitness/fitness-backend/vendor/laravel/framework/src/Illuminate/Pipeline/Pipeline.php(170): Illuminate/Foundation/Http/Kernel->Illuminate/Foundation/Http/{closure}(Object(Illuminate/Http/Request))
#40 C:/Users/hamza/Desktop/PROYECTOS/APP/mightyfitness/fitness-backend/vendor/livewire/livewire/src/Features/SupportDisablingBackButtonCache/DisableBackButtonCacheMiddleware.php(19): Illuminate/Pipeline/Pipeline->Illuminate/Pipeline/{closure}(Object(Illuminate/Http/Request))
#41 C:/Users/hamza/Desktop/PROYECTOS/APP/mightyfitness/fitness-backend/vendor/laravel/framework/src/Illuminate/Pipeline/Pipeline.php(209): Livewire/Features/SupportDisablingBackButtonCache/DisableBackButtonCacheMiddleware->handle(Object(Illuminate/Http/Request), Object(Closure))
#42 C:/Users/hamza/Desktop/PROYECTOS/APP/mightyfitness/fitness-backend/vendor/laravel/framework/src/Illuminate/Foundation/Http/Middleware/TransformsRequest.php(21): Illuminate/Pipeline/Pipeline->Illuminate/Pipeline/{closure}(Object(Illuminate/Http/Request))
#43 C:/Users/hamza/Desktop/PROYECTOS/APP/mightyfitness/fitness-backend/vendor/laravel/framework/src/Illuminate/Foundation/Http/Middleware/ConvertEmptyStringsToNull.php(31): Illuminate/Foundation/Http/Middleware/TransformsRequest->handle(Object(Illuminate/Http/Request), Object(Closure))
#44 C:/Users/hamza/Desktop/PROYECTOS/APP/mightyfitness/fitness-backend/vendor/laravel/framework/src/Illuminate/Pipeline/Pipeline.php(209): Illuminate/Foundation/Http/Middleware/ConvertEmptyStringsToNull->handle(Object(Illuminate/Http/Request), Object(Closure))
#45 C:/Users/hamza/Desktop/PROYECTOS/APP/mightyfitness/fitness-backend/vendor/laravel/framework/src/Illuminate/Foundation/Http/Middleware/TransformsRequest.php(21): Illuminate/Pipeline/Pipeline->Illuminate/Pipeline/{closure}(Object(Illuminate/Http/Request))
#46 C:/Users/hamza/Desktop/PROYECTOS/APP/mightyfitness/fitness-backend/vendor/laravel/framework/src/Illuminate/Foundation/Http/Middleware/TrimStrings.php(51): Illuminate/Foundation/Http/Middleware/TransformsRequest->handle(Object(Illuminate/Http/Request), Object(Closure))
#47 C:/Users/hamza/Desktop/PROYECTOS/APP/mightyfitness/fitness-backend/vendor/laravel/framework/src/Illuminate/Pipeline/Pipeline.php(209): Illuminate/Foundation/Http/Middleware/TrimStrings->handle(Object(Illuminate/Http/Request), Object(Closure))
#48 C:/Users/hamza/Desktop/PROYECTOS/APP/mightyfitness/fitness-backend/vendor/laravel/framework/src/Illuminate/Http/Middleware/ValidatePostSize.php(27): Illuminate/Pipeline/Pipeline->Illuminate/Pipeline/{closure}(Object(Illuminate/Http/Request))
#49 C:/Users/hamza/Desktop/PROYECTOS/APP/mightyfitness/fitness-backend/vendor/laravel/framework/src/Illuminate/Pipeline/Pipeline.php(209): Illuminate/Http/Middleware/ValidatePostSize->handle(Object(Illuminate/Http/Request), Object(Closure))
#50 C:/Users/hamza/Desktop/PROYECTOS/APP/mightyfitness/fitness-backend/vendor/laravel/framework/src/Illuminate/Foundation/Http/Middleware/PreventRequestsDuringMaintenance.php(110): Illuminate/Pipeline/Pipeline->Illuminate/Pipeline/{closure}(Object(Illuminate/Http/Request))
#51 C:/Users/hamza/Desktop/PROYECTOS/APP/mightyfitness/fitness-backend/vendor/laravel/framework/src/Illuminate/Pipeline/Pipeline.php(209): Illuminate/Foundation/Http/Middleware/PreventRequestsDuringMaintenance->handle(Object(Illuminate/Http/Request), Object(Closure))
#52 C:/Users/hamza/Desktop/PROYECTOS/APP/mightyfitness/fitness-backend/vendor/laravel/framework/src/Illuminate/Http/Middleware/HandleCors.php(62): Illuminate/Pipeline/Pipeline->Illuminate/Pipeline/{closure}(Object(Illuminate/Http/Request))
#53 C:/Users/hamza/Desktop/PROYECTOS/APP/mightyfitness/fitness-backend/vendor/laravel/framework/src/Illuminate/Pipeline/Pipeline.php(209): Illuminate/Http/Middleware/HandleCors->handle(Object(Illuminate/Http/Request), Object(Closure))
#54 C:/Users/hamza/Desktop/PROYECTOS/APP/mightyfitness/fitness-backend/vendor/laravel/framework/src/Illuminate/Pipeline/Pipeline.php(127): Illuminate/Pipeline/Pipeline->Illuminate/Pipeline/{closure}(Object(Illuminate/Http/Request))
#55 C:/Users/hamza/Desktop/PROYECTOS/APP/mightyfitness/fitness-backend/vendor/laravel/framework/src/Illuminate/Foundation/Http/Kernel.php(176): Illuminate/Pipeline/Pipeline->then(Object(Closure))
#56 C:/Users/hamza/Desktop/PROYECTOS/APP/mightyfitness/fitness-backend/vendor/laravel/framework/src/Illuminate/Foundation/Http/Kernel.php(145): Illuminate/Foundation/Http/Kernel->sendRequestThroughRouter(Object(Illuminate/Http/Request))
#57 C:/Users/hamza/Desktop/PROYECTOS/APP/mightyfitness/fitness-backend/public/index.php(51): Illuminate/Foundation/Http/Kernel->handle(Object(Illuminate/Http/Request))
#58 C:/Users/hamza/Desktop/PROYECTOS/APP/mightyfitness/fitness-backend/server.php(21): require_once('C://Users//hamza//...')
#59 {main}

[previous exception] [object] (PDOException(code: 42S22): SQLSTATE[42S22]: Column not found: 1054 Unknown column 'client_tag_assignments.tag_id' in 'field list' at C:/Users/hamza/Desktop/PROYECTOS/APP/mightyfitness/fitness-backend/vendor/laravel/framework/src/Illuminate/Database/Connection.php:407)
[stacktrace]
#0 C:/Users/hamza/Desktop/PROYECTOS/APP/mightyfitness/fitness-backend/vendor/laravel/framework/src/Illuminate/Database/Connection.php(407): PDO->prepare('select `client_...')
#1 C:/Users/hamza/Desktop/PROYECTOS/APP/mightyfitness/fitness-backend/vendor/laravel/framework/src/Illuminate/Database/Connection.php(812): Illuminate/Database/Connection->Illuminate/Database/{closure}('select `client_...', Array)
#2 C:/Users/hamza/Desktop/PROYECTOS/APP/mightyfitness/fitness-backend/vendor/laravel/framework/src/Illuminate/Database/Connection.php(779): Illuminate/Database/Connection->runQueryCallback('select `client_...', Array, Object(Closure))
#3 C:/Users/hamza/Desktop/PROYECTOS/APP/mightyfitness/fitness-backend/vendor/laravel/framework/src/Illuminate/Database/Connection.php(398): Illuminate/Database/Connection->run('select `client_...', Array, Object(Closure))
#4 C:/Users/hamza/Desktop/PROYECTOS/APP/mightyfitness/fitness-backend/vendor/laravel/framework/src/Illuminate/Database/Query/Builder.php(3106): Illuminate/Database/Connection->select('select `client_...', Array, true)
#5 C:/Users/hamza/Desktop/PROYECTOS/APP/mightyfitness/fitness-backend/vendor/laravel/framework/src/Illuminate/Database/Query/Builder.php(3091): Illuminate/Database/Query/Builder->runSelect()
#6 C:/Users/hamza/Desktop/PROYECTOS/APP/mightyfitness/fitness-backend/vendor/laravel/framework/src/Illuminate/Database/Query/Builder.php(3676): Illuminate/Database/Query/Builder->Illuminate/Database/Query/{closure}()
#7 C:/Users/hamza/Desktop/PROYECTOS/APP/mightyfitness/fitness-backend/vendor/laravel/framework/src/Illuminate/Database/Query/Builder.php(3090): Illuminate/Database/Query/Builder->onceWithColumns(Array, Object(Closure))
#8 C:/Users/hamza/Desktop/PROYECTOS/APP/mightyfitness/fitness-backend/vendor/laravel/framework/src/Illuminate/Database/Eloquent/Builder.php(811): Illuminate/Database/Query/Builder->get(Array)
#9 C:/Users/hamza/Desktop/PROYECTOS/APP/mightyfitness/fitness-backend/vendor/laravel/framework/src/Illuminate/Database/Eloquent/Relations/BelongsToMany.php(887): Illuminate/Database/Eloquent/Builder->getModels()
#10 C:/Users/hamza/Desktop/PROYECTOS/APP/mightyfitness/fitness-backend/vendor/laravel/framework/src/Illuminate/Database/Eloquent/Relations/Relation.php(176): Illuminate/Database/Eloquent/Relations/BelongsToMany->get()
#11 C:/Users/hamza/Desktop/PROYECTOS/APP/mightyfitness/fitness-backend/vendor/laravel/framework/src/Illuminate/Database/Eloquent/Builder.php(859): Illuminate/Database/Eloquent/Relations/Relation->getEager()
#12 C:/Users/hamza/Desktop/PROYECTOS/APP/mightyfitness/fitness-backend/vendor/laravel/framework/src/Illuminate/Database/Eloquent/Builder.php(828): Illuminate/Database/Eloquent/Builder->eagerLoadRelation(Array, 'tags', Object(Closure))
#13 C:/Users/hamza/Desktop/PROYECTOS/APP/mightyfitness/fitness-backend/vendor/laravel/framework/src/Illuminate/Database/Eloquent/Builder.php(794): Illuminate/Database/Eloquent/Builder->eagerLoadRelations(Array)
#14 C:/Users/hamza/Desktop/PROYECTOS/APP/mightyfitness/fitness-backend/vendor/laravel/framework/src/Illuminate/Database/Concerns/BuildsQueries.php(343): Illuminate/Database/Eloquent/Builder->get(Array)
#15 C:/Users/hamza/Desktop/PROYECTOS/APP/mightyfitness/fitness-backend/vendor/laravel/framework/src/Illuminate/Database/Eloquent/Builder.php(477): Illuminate/Database/Eloquent/Builder->first(Array)
#16 C:/Users/hamza/Desktop/PROYECTOS/APP/mightyfitness/fitness-backend/app/Http/Controllers/API/ClientTagController.php(55): Illuminate/Database/Eloquent/Builder->find('8')
#17 C:/Users/hamza/Desktop/PROYECTOS/APP/mightyfitness/fitness-backend/vendor/laravel/framework/src/Illuminate/Routing/Controller.php(54): App/Http/Controllers/API/ClientTagController->getClientTags(Object(Illuminate/Http/Request))
#18 C:/Users/hamza/Desktop/PROYECTOS/APP/mightyfitness/fitness-backend/vendor/laravel/framework/src/Illuminate/Routing/ControllerDispatcher.php(44): Illuminate/Routing/Controller->callAction('getClientTags', Array)
#19 C:/Users/hamza/Desktop/PROYECTOS/APP/mightyfitness/fitness-backend/vendor/laravel/framework/src/Illuminate/Routing/Route.php(266): Illuminate/Routing/ControllerDispatcher->dispatch(Object(Illuminate/Routing/Route), Object(App/Http/Controllers/API/ClientTagController), 'getClientTags')
#20 C:/Users/hamza/Desktop/PROYECTOS/APP/mightyfitness/fitness-backend/vendor/laravel/framework/src/Illuminate/Routing/Route.php(212): Illuminate/Routing/Route->runController()
#21 C:/Users/hamza/Desktop/PROYECTOS/APP/mightyfitness/fitness-backend/vendor/laravel/framework/src/Illuminate/Routing/Router.php(808): Illuminate/Routing/Route->run()
#22 C:/Users/hamza/Desktop/PROYECTOS/APP/mightyfitness/fitness-backend/vendor/laravel/framework/src/Illuminate/Pipeline/Pipeline.php(170): Illuminate/Routing/Router->Illuminate/Routing/{closure}(Object(Illuminate/Http/Request))
#23 C:/Users/hamza/Desktop/PROYECTOS/APP/mightyfitness/fitness-backend/app/Http/Middleware/AdminApi.php(26): Illuminate/Pipeline/Pipeline->Illuminate/Pipeline/{closure}(Object(Illuminate/Http/Request))
#24 C:/Users/hamza/Desktop/PROYECTOS/APP/mightyfitness/fitness-backend/vendor/laravel/framework/src/Illuminate/Pipeline/Pipeline.php(209): App/Http/Middleware/AdminApi->handle(Object(Illuminate/Http/Request), Object(Closure))
#25 C:/Users/hamza/Desktop/PROYECTOS/APP/mightyfitness/fitness-backend/app/Http/Middleware/API/CheckUserStatus.php(26): Illuminate/Pipeline/Pipeline->Illuminate/Pipeline/{closure}(Object(Illuminate/Http/Request))
#26 C:/Users/hamza/Desktop/PROYECTOS/APP/mightyfitness/fitness-backend/vendor/laravel/framework/src/Illuminate/Pipeline/Pipeline.php(209): App/Http/Middleware/API/CheckUserStatus->handle(Object(Illuminate/Http/Request), Object(Closure))
#27 C:/Users/hamza/Desktop/PROYECTOS/APP/mightyfitness/fitness-backend/vendor/laravel/framework/src/Illuminate/Routing/Middleware/SubstituteBindings.php(51): Illuminate/Pipeline/Pipeline->Illuminate/Pipeline/{closure}(Object(Illuminate/Http/Request))
#28 C:/Users/hamza/Desktop/PROYECTOS/APP/mightyfitness/fitness-backend/vendor/laravel/framework/src/Illuminate/Pipeline/Pipeline.php(209): Illuminate/Routing/Middleware/SubstituteBindings->handle(Object(Illuminate/Http/Request), Object(Closure))
#29 C:/Users/hamza/Desktop/PROYECTOS/APP/mightyfitness/fitness-backend/vendor/laravel/framework/src/Illuminate/Routing/Middleware/ThrottleRequests.php(161): Illuminate/Pipeline/Pipeline->Illuminate/Pipeline/{closure}(Object(Illuminate/Http/Request))
#30 C:/Users/hamza/Desktop/PROYECTOS/APP/mightyfitness/fitness-backend/vendor/laravel/framework/src/Illuminate/Routing/Middleware/ThrottleRequests.php(127): Illuminate/Routing/Middleware/ThrottleRequests->handleRequest(Object(Illuminate/Http/Request), Object(Closure), Array)
#31 C:/Users/hamza/Desktop/PROYECTOS/APP/mightyfitness/fitness-backend/vendor/laravel/framework/src/Illuminate/Routing/Middleware/ThrottleRequests.php(89): Illuminate/Routing/Middleware/ThrottleRequests->handleRequestUsingNamedLimiter(Object(Illuminate/Http/Request), Object(Closure), 'api', Object(Closure))
#32 C:/Users/hamza/Desktop/PROYECTOS/APP/mightyfitness/fitness-backend/vendor/laravel/framework/src/Illuminate/Pipeline/Pipeline.php(209): Illuminate/Routing/Middleware/ThrottleRequests->handle(Object(Illuminate/Http/Request), Object(Closure), 'api')
#33 C:/Users/hamza/Desktop/PROYECTOS/APP/mightyfitness/fitness-backend/vendor/laravel/framework/src/Illuminate/Auth/Middleware/Authenticate.php(64): Illuminate/Pipeline/Pipeline->Illuminate/Pipeline/{closure}(Object(Illuminate/Http/Request))
#34 C:/Users/hamza/Desktop/PROYECTOS/APP/mightyfitness/fitness-backend/vendor/laravel/framework/src/Illuminate/Pipeline/Pipeline.php(209): Illuminate/Auth/Middleware/Authenticate->handle(Object(Illuminate/Http/Request), Object(Closure), 'sanctum')
#35 C:/Users/hamza/Desktop/PROYECTOS/APP/mightyfitness/fitness-backend/vendor/laravel/framework/src/Illuminate/Pipeline/Pipeline.php(127): Illuminate/Pipeline/Pipeline->Illuminate/Pipeline/{closure}(Object(Illuminate/Http/Request))
#36 C:/Users/hamza/Desktop/PROYECTOS/APP/mightyfitness/fitness-backend/vendor/laravel/framework/src/Illuminate/Routing/Router.php(807): Illuminate/Pipeline/Pipeline->then(Object(Closure))
#37 C:/Users/hamza/Desktop/PROYECTOS/APP/mightyfitness/fitness-backend/vendor/laravel/framework/src/Illuminate/Routing/Router.php(786): Illuminate/Routing/Router->runRouteWithinStack(Object(Illuminate/Routing/Route), Object(Illuminate/Http/Request))
#38 C:/Users/hamza/Desktop/PROYECTOS/APP/mightyfitness/fitness-backend/vendor/laravel/framework/src/Illuminate/Routing/Router.php(750): Illuminate/Routing/Router->runRoute(Object(Illuminate/Http/Request), Object(Illuminate/Routing/Route))
#39 C:/Users/hamza/Desktop/PROYECTOS/APP/mightyfitness/fitness-backend/vendor/laravel/framework/src/Illuminate/Routing/Router.php(739): Illuminate/Routing/Router->dispatchToRoute(Object(Illuminate/Http/Request))
#40 C:/Users/hamza/Desktop/PROYECTOS/APP/mightyfitness/fitness-backend/vendor/laravel/framework/src/Illuminate/Foundation/Http/Kernel.php(201): Illuminate/Routing/Router->dispatch(Object(Illuminate/Http/Request))
#41 C:/Users/hamza/Desktop/PROYECTOS/APP/mightyfitness/fitness-backend/vendor/laravel/framework/src/Illuminate/Pipeline/Pipeline.php(170): Illuminate/Foundation/Http/Kernel->Illuminate/Foundation/Http/{closure}(Object(Illuminate/Http/Request))
#42 C:/Users/hamza/Desktop/PROYECTOS/APP/mightyfitness/fitness-backend/vendor/livewire/livewire/src/Features/SupportDisablingBackButtonCache/DisableBackButtonCacheMiddleware.php(19): Illuminate/Pipeline/Pipeline->Illuminate/Pipeline/{closure}(Object(Illuminate/Http/Request))
#43 C:/Users/hamza/Desktop/PROYECTOS/APP/mightyfitness/fitness-backend/vendor/laravel/framework/src/Illuminate/Pipeline/Pipeline.php(209): Livewire/Features/SupportDisablingBackButtonCache/DisableBackButtonCacheMiddleware->handle(Object(Illuminate/Http/Request), Object(Closure))
#44 C:/Users/hamza/Desktop/PROYECTOS/APP/mightyfitness/fitness-backend/vendor/laravel/framework/src/Illuminate/Foundation/Http/Middleware/TransformsRequest.php(21): Illuminate/Pipeline/Pipeline->Illuminate/Pipeline/{closure}(Object(Illuminate/Http/Request))
#45 C:/Users/hamza/Desktop/PROYECTOS/APP/mightyfitness/fitness-backend/vendor/laravel/framework/src/Illuminate/Foundation/Http/Middleware/ConvertEmptyStringsToNull.php(31): Illuminate/Foundation/Http/Middleware/TransformsRequest->handle(Object(Illuminate/Http/Request), Object(Closure))
#46 C:/Users/hamza/Desktop/PROYECTOS/APP/mightyfitness/fitness-backend/vendor/laravel/framework/src/Illuminate/Pipeline/Pipeline.php(209): Illuminate/Foundation/Http/Middleware/ConvertEmptyStringsToNull->handle(Object(Illuminate/Http/Request), Object(Closure))
#47 C:/Users/hamza/Desktop/PROYECTOS/APP/mightyfitness/fitness-backend/vendor/laravel/framework/src/Illuminate/Foundation/Http/Middleware/TransformsRequest.php(21): Illuminate/Pipeline/Pipeline->Illuminate/Pipeline/{closure}(Object(Illuminate/Http/Request))
#48 C:/Users/hamza/Desktop/PROYECTOS/APP/mightyfitness/fitness-backend/vendor/laravel/framework/src/Illuminate/Foundation/Http/Middleware/TrimStrings.php(51): Illuminate/Foundation/Http/Middleware/TransformsRequest->handle(Object(Illuminate/Http/Request), Object(Closure))
#49 C:/Users/hamza/Desktop/PROYECTOS/APP/mightyfitness/fitness-backend/vendor/laravel/framework/src/Illuminate/Pipeline/Pipeline.php(209): Illuminate/Foundation/Http/Middleware/TrimStrings->handle(Object(Illuminate/Http/Request), Object(Closure))
#50 C:/Users/hamza/Desktop/PROYECTOS/APP/mightyfitness/fitness-backend/vendor/laravel/framework/src/Illuminate/Http/Middleware/ValidatePostSize.php(27): Illuminate/Pipeline/Pipeline->Illuminate/Pipeline/{closure}(Object(Illuminate/Http/Request))
#51 C:/Users/hamza/Desktop/PROYECTOS/APP/mightyfitness/fitness-backend/vendor/laravel/framework/src/Illuminate/Pipeline/Pipeline.php(209): Illuminate/Http/Middleware/ValidatePostSize->handle(Object(Illuminate/Http/Request), Object(Closure))
#52 C:/Users/hamza/Desktop/PROYECTOS/APP/mightyfitness/fitness-backend/vendor/laravel/framework/src/Illuminate/Foundation/Http/Middleware/PreventRequestsDuringMaintenance.php(110): Illuminate/Pipeline/Pipeline->Illuminate/Pipeline/{closure}(Object(Illuminate/Http/Request))
#53 C:/Users/hamza/Desktop/PROYECTOS/APP/mightyfitness/fitness-backend/vendor/laravel/framework/src/Illuminate/Pipeline/Pipeline.php(209): Illuminate/Foundation/Http/Middleware/PreventRequestsDuringMaintenance->handle(Object(Illuminate/Http/Request), Object(Closure))
#54 C:/Users/hamza/Desktop/PROYECTOS/APP/mightyfitness/fitness-backend/vendor/laravel/framework/src/Illuminate/Http/Middleware/HandleCors.php(62): Illuminate/Pipeline/Pipeline->Illuminate/Pipeline/{closure}(Object(Illuminate/Http/Request))
#55 C:/Users/hamza/Desktop/PROYECTOS/APP/mightyfitness/fitness-backend/vendor/laravel/framework/src/Illuminate/Pipeline/Pipeline.php(209): Illuminate/Http/Middleware/HandleCors->handle(Object(Illuminate/Http/Request), Object(Closure))
#56 C:/Users/hamza/Desktop/PROYECTOS/APP/mightyfitness/fitness-backend/vendor/laravel/framework/src/Illuminate/Pipeline/Pipeline.php(127): Illuminate/Pipeline/Pipeline->Illuminate/Pipeline/{closure}(Object(Illuminate/Http/Request))
#57 C:/Users/hamza/Desktop/PROYECTOS/APP/mightyfitness/fitness-backend/vendor/laravel/framework/src/Illuminate/Foundation/Http/Kernel.php(176): Illuminate/Pipeline/Pipeline->then(Object(Closure))
#58 C:/Users/hamza/Desktop/PROYECTOS/APP/mightyfitness/fitness-backend/vendor/laravel/framework/src/Illuminate/Foundation/Http/Kernel.php(145): Illuminate/Foundation/Http/Kernel->sendRequestThroughRouter(Object(Illuminate/Http/Request))
#59 C:/Users/hamza/Desktop/PROYECTOS/APP/mightyfitness/fitness-backend/public/index.php(51): Illuminate/Foundation/Http/Kernel->handle(Object(Illuminate/Http/Request))
#60 C:/Users/hamza/Desktop/PROYECTOS/APP/mightyfitness/fitness-backend/server.php(21): require_once('C://Users//hamza//...')
#61 {main}
"} 
[2026-08-06 17:38:50] local.ERROR: SQLSTATE[42S22]: Column not found: 1054 Unknown column 'client_tag_assignments.tag_id' in 'field list' (Connection: mysql, SQL: select `client_tags`.*, `client_tag_assignments`.`client_id` as `pivot_client_id`, `client_tag_assignments`.`tag_id` as `pivot_tag_id` from `client_tags` inner join `client_tag_assignments` on `client_tags`.`id` = `client_tag_assignments`.`tag_id` where `client_tag_assignments`.`client_id` in (8)) {"userId":2,"exception":"[object] (Illuminate\\Database\\QueryException(code: 42S22): SQLSTATE[42S22]: Column not found: 1054 Unknown column 'client_tag_assignments.tag_id' in 'field list' (Connection: mysql, SQL: select `client_tags`.*, `client_tag_assignments`.`client_id` as `pivot_client_id`, `client_tag_assignments`.`tag_id` as `pivot_tag_id` from `client_tags` inner join `client_tag_assignments` on `client_tags`.`id` = `client_tag_assignments`.`tag_id` where `client_tag_assignments`.`client_id` in (8)) at C:/Users/hamza/Desktop/PROYECTOS/APP/mightyfitness/fitness-backend/vendor/laravel/framework/src/Illuminate/Database/Connection.php:825)
[stacktrace]
#0 C:/Users/hamza/Desktop/PROYECTOS/APP/mightyfitness/fitness-backend/vendor/laravel/framework/src/Illuminate/Database/Connection.php(779): Illuminate/Database/Connection->runQueryCallback('select `client_...', Array, Object(Closure))
#1 C:/Users/hamza/Desktop/PROYECTOS/APP/mightyfitness/fitness-backend/vendor/laravel/framework/src/Illuminate/Database/Connection.php(398): Illuminate/Database/Connection->run('select `client_...', Array, Object(Closure))
#2 C:/Users/hamza/Desktop/PROYECTOS/APP/mightyfitness/fitness-backend/vendor/laravel/framework/src/Illuminate/Database/Query/Builder.php(3106): Illuminate/Database/Connection->select('select `client_...', Array, true)
#3 C:/Users/hamza/Desktop/PROYECTOS/APP/mightyfitness/fitness-backend/vendor/laravel/framework/src/Illuminate/Database/Query/Builder.php(3091): Illuminate/Database/Query/Builder->runSelect()
#4 C:/Users/hamza/Desktop/PROYECTOS/APP/mightyfitness/fitness-backend/vendor/laravel/framework/src/Illuminate/Database/Query/Builder.php(3676): Illuminate/Database/Query/Builder->Illuminate/Database/Query/{closure}()
#5 C:/Users/hamza/Desktop/PROYECTOS/APP/mightyfitness/fitness-backend/vendor/laravel/framework/src/Illuminate/Database/Query/Builder.php(3090): Illuminate/Database/Query/Builder->onceWithColumns(Array, Object(Closure))
#6 C:/Users/hamza/Desktop/PROYECTOS/APP/mightyfitness/fitness-backend/vendor/laravel/framework/src/Illuminate/Database/Eloquent/Builder.php(811): Illuminate/Database/Query/Builder->get(Array)
#7 C:/Users/hamza/Desktop/PROYECTOS/APP/mightyfitness/fitness-backend/vendor/laravel/framework/src/Illuminate/Database/Eloquent/Relations/BelongsToMany.php(887): Illuminate/Database/Eloquent/Builder->getModels()
#8 C:/Users/hamza/Desktop/PROYECTOS/APP/mightyfitness/fitness-backend/vendor/laravel/framework/src/Illuminate/Database/Eloquent/Relations/Relation.php(176): Illuminate/Database/Eloquent/Relations/BelongsToMany->get()
#9 C:/Users/hamza/Desktop/PROYECTOS/APP/mightyfitness/fitness-backend/vendor/laravel/framework/src/Illuminate/Database/Eloquent/Builder.php(859): Illuminate/Database/Eloquent/Relations/Relation->getEager()
#10 C:/Users/hamza/Desktop/PROYECTOS/APP/mightyfitness/fitness-backend/vendor/laravel/framework/src/Illuminate/Database/Eloquent/Builder.php(828): Illuminate/Database/Eloquent/Builder->eagerLoadRelation(Array, 'tags', Object(Closure))
#11 C:/Users/hamza/Desktop/PROYECTOS/APP/mightyfitness/fitness-backend/vendor/laravel/framework/src/Illuminate/Database/Eloquent/Builder.php(794): Illuminate/Database/Eloquent/Builder->eagerLoadRelations(Array)
#12 C:/Users/hamza/Desktop/PROYECTOS/APP/mightyfitness/fitness-backend/vendor/laravel/framework/src/Illuminate/Database/Concerns/BuildsQueries.php(343): Illuminate/Database/Eloquent/Builder->get(Array)
#13 C:/Users/hamza/Desktop/PROYECTOS/APP/mightyfitness/fitness-backend/vendor/laravel/framework/src/Illuminate/Database/Eloquent/Builder.php(477): Illuminate/Database/Eloquent/Builder->first(Array)
#14 C:/Users/hamza/Desktop/PROYECTOS/APP/mightyfitness/fitness-backend/app/Http/Controllers/API/ClientTagController.php(55): Illuminate/Database/Eloquent/Builder->find('8')
#15 C:/Users/hamza/Desktop/PROYECTOS/APP/mightyfitness/fitness-backend/vendor/laravel/framework/src/Illuminate/Routing/Controller.php(54): App/Http/Controllers/API/ClientTagController->getClientTags(Object(Illuminate/Http/Request))
#16 C:/Users/hamza/Desktop/PROYECTOS/APP/mightyfitness/fitness-backend/vendor/laravel/framework/src/Illuminate/Routing/ControllerDispatcher.php(44): Illuminate/Routing/Controller->callAction('getClientTags', Array)
#17 C:/Users/hamza/Desktop/PROYECTOS/APP/mightyfitness/fitness-backend/vendor/laravel/framework/src/Illuminate/Routing/Route.php(266): Illuminate/Routing/ControllerDispatcher->dispatch(Object(Illuminate/Routing/Route), Object(App/Http/Controllers/API/ClientTagController), 'getClientTags')
#18 C:/Users/hamza/Desktop/PROYECTOS/APP/mightyfitness/fitness-backend/vendor/laravel/framework/src/Illuminate/Routing/Route.php(212): Illuminate/Routing/Route->runController()
#19 C:/Users/hamza/Desktop/PROYECTOS/APP/mightyfitness/fitness-backend/vendor/laravel/framework/src/Illuminate/Routing/Router.php(808): Illuminate/Routing/Route->run()
#20 C:/Users/hamza/Desktop/PROYECTOS/APP/mightyfitness/fitness-backend/vendor/laravel/framework/src/Illuminate/Pipeline/Pipeline.php(170): Illuminate/Routing/Router->Illuminate/Routing/{closure}(Object(Illuminate/Http/Request))
#21 C:/Users/hamza/Desktop/PROYECTOS/APP/mightyfitness/fitness-backend/app/Http/Middleware/AdminApi.php(26): Illuminate/Pipeline/Pipeline->Illuminate/Pipeline/{closure}(Object(Illuminate/Http/Request))
#22 C:/Users/hamza/Desktop/PROYECTOS/APP/mightyfitness/fitness-backend/vendor/laravel/framework/src/Illuminate/Pipeline/Pipeline.php(209): App/Http/Middleware/AdminApi->handle(Object(Illuminate/Http/Request), Object(Closure))
#23 C:/Users/hamza/Desktop/PROYECTOS/APP/mightyfitness/fitness-backend/app/Http/Middleware/API/CheckUserStatus.php(26): Illuminate/Pipeline/Pipeline->Illuminate/Pipeline/{closure}(Object(Illuminate/Http/Request))
#24 C:/Users/hamza/Desktop/PROYECTOS/APP/mightyfitness/fitness-backend/vendor/laravel/framework/src/Illuminate/Pipeline/Pipeline.php(209): App/Http/Middleware/API/CheckUserStatus->handle(Object(Illuminate/Http/Request), Object(Closure))
#25 C:/Users/hamza/Desktop/PROYECTOS/APP/mightyfitness/fitness-backend/vendor/laravel/framework/src/Illuminate/Routing/Middleware/SubstituteBindings.php(51): Illuminate/Pipeline/Pipeline->Illuminate/Pipeline/{closure}(Object(Illuminate/Http/Request))
#26 C:/Users/hamza/Desktop/PROYECTOS/APP/mightyfitness/fitness-backend/vendor/laravel/framework/src/Illuminate/Pipeline/Pipeline.php(209): Illuminate/Routing/Middleware/SubstituteBindings->handle(Object(Illuminate/Http/Request), Object(Closure))
#27 C:/Users/hamza/Desktop/PROYECTOS/APP/mightyfitness/fitness-backend/vendor/laravel/framework/src/Illuminate/Routing/Middleware/ThrottleRequests.php(161): Illuminate/Pipeline/Pipeline->Illuminate/Pipeline/{closure}(Object(Illuminate/Http/Request))
#28 C:/Users/hamza/Desktop/PROYECTOS/APP/mightyfitness/fitness-backend/vendor/laravel/framework/src/Illuminate/Routing/Middleware/ThrottleRequests.php(127): Illuminate/Routing/Middleware/ThrottleRequests->handleRequest(Object(Illuminate/Http/Request), Object(Closure), Array)
#29 C:/Users/hamza/Desktop/PROYECTOS/APP/mightyfitness/fitness-backend/vendor/laravel/framework/src/Illuminate/Routing/Middleware/ThrottleRequests.php(89): Illuminate/Routing/Middleware/ThrottleRequests->handleRequestUsingNamedLimiter(Object(Illuminate/Http/Request), Object(Closure), 'api', Object(Closure))
#30 C:/Users/hamza/Desktop/PROYECTOS/APP/mightyfitness/fitness-backend/vendor/laravel/framework/src/Illuminate/Pipeline/Pipeline.php(209): Illuminate/Routing/Middleware/ThrottleRequests->handle(Object(Illuminate/Http/Request), Object(Closure), 'api')
#31 C:/Users/hamza/Desktop/PROYECTOS/APP/mightyfitness/fitness-backend/vendor/laravel/framework/src/Illuminate/Auth/Middleware/Authenticate.php(64): Illuminate/Pipeline/Pipeline->Illuminate/Pipeline/{closure}(Object(Illuminate/Http/Request))
#32 C:/Users/hamza/Desktop/PROYECTOS/APP/mightyfitness/fitness-backend/vendor/laravel/framework/src/Illuminate/Pipeline/Pipeline.php(209): Illuminate/Auth/Middleware/Authenticate->handle(Object(Illuminate/Http/Request), Object(Closure), 'sanctum')
#33 C:/Users/hamza/Desktop/PROYECTOS/APP/mightyfitness/fitness-backend/vendor/laravel/framework/src/Illuminate/Pipeline/Pipeline.php(127): Illuminate/Pipeline/Pipeline->Illuminate/Pipeline/{closure}(Object(Illuminate/Http/Request))
#34 C:/Users/hamza/Desktop/PROYECTOS/APP/mightyfitness/fitness-backend/vendor/laravel/framework/src/Illuminate/Routing/Router.php(807): Illuminate/Pipeline/Pipeline->then(Object(Closure))
#35 C:/Users/hamza/Desktop/PROYECTOS/APP/mightyfitness/fitness-backend/vendor/laravel/framework/src/Illuminate/Routing/Router.php(786): Illuminate/Routing/Router->runRouteWithinStack(Object(Illuminate/Routing/Route), Object(Illuminate/Http/Request))
#36 C:/Users/hamza/Desktop/PROYECTOS/APP/mightyfitness/fitness-backend/vendor/laravel/framework/src/Illuminate/Routing/Router.php(750): Illuminate/Routing/Router->runRoute(Object(Illuminate/Http/Request), Object(Illuminate/Routing/Route))
#37 C:/Users/hamza/Desktop/PROYECTOS/APP/mightyfitness/fitness-backend/vendor/laravel/framework/src/Illuminate/Routing/Router.php(739): Illuminate/Routing/Router->dispatchToRoute(Object(Illuminate/Http/Request))
#38 C:/Users/hamza/Desktop/PROYECTOS/APP/mightyfitness/fitness-backend/vendor/laravel/framework/src/Illuminate/Foundation/Http/Kernel.php(201): Illuminate/Routing/Router->dispatch(Object(Illuminate/Http/Request))
#39 C:/Users/hamza/Desktop/PROYECTOS/APP/mightyfitness/fitness-backend/vendor/laravel/framework/src/Illuminate/Pipeline/Pipeline.php(170): Illuminate/Foundation/Http/Kernel->Illuminate/Foundation/Http/{closure}(Object(Illuminate/Http/Request))
#40 C:/Users/hamza/Desktop/PROYECTOS/APP/mightyfitness/fitness-backend/vendor/livewire/livewire/src/Features/SupportDisablingBackButtonCache/DisableBackButtonCacheMiddleware.php(19): Illuminate/Pipeline/Pipeline->Illuminate/Pipeline/{closure}(Object(Illuminate/Http/Request))
#41 C:/Users/hamza/Desktop/PROYECTOS/APP/mightyfitness/fitness-backend/vendor/laravel/framework/src/Illuminate/Pipeline/Pipeline.php(209): Livewire/Features/SupportDisablingBackButtonCache/DisableBackButtonCacheMiddleware->handle(Object(Illuminate/Http/Request), Object(Closure))
#42 C:/Users/hamza/Desktop/PROYECTOS/APP/mightyfitness/fitness-backend/vendor/laravel/framework/src/Illuminate/Foundation/Http/Middleware/TransformsRequest.php(21): Illuminate/Pipeline/Pipeline->Illuminate/Pipeline/{closure}(Object(Illuminate/Http/Request))
#43 C:/Users/hamza/Desktop/PROYECTOS/APP/mightyfitness/fitness-backend/vendor/laravel/framework/src/Illuminate/Foundation/Http/Middleware/ConvertEmptyStringsToNull.php(31): Illuminate/Foundation/Http/Middleware/TransformsRequest->handle(Object(Illuminate/Http/Request), Object(Closure))
#44 C:/Users/hamza/Desktop/PROYECTOS/APP/mightyfitness/fitness-backend/vendor/laravel/framework/src/Illuminate/Pipeline/Pipeline.php(209): Illuminate/Foundation/Http/Middleware/ConvertEmptyStringsToNull->handle(Object(Illuminate/Http/Request), Object(Closure))
#45 C:/Users/hamza/Desktop/PROYECTOS/APP/mightyfitness/fitness-backend/vendor/laravel/framework/src/Illuminate/Foundation/Http/Middleware/TransformsRequest.php(21): Illuminate/Pipeline/Pipeline->Illuminate/Pipeline/{closure}(Object(Illuminate/Http/Request))
#46 C:/Users/hamza/Desktop/PROYECTOS/APP/mightyfitness/fitness-backend/vendor/laravel/framework/src/Illuminate/Foundation/Http/Middleware/TrimStrings.php(51): Illuminate/Foundation/Http/Middleware/TransformsRequest->handle(Object(Illuminate/Http/Request), Object(Closure))
#47 C:/Users/hamza/Desktop/PROYECTOS/APP/mightyfitness/fitness-backend/vendor/laravel/framework/src/Illuminate/Pipeline/Pipeline.php(209): Illuminate/Foundation/Http/Middleware/TrimStrings->handle(Object(Illuminate/Http/Request), Object(Closure))
#48 C:/Users/hamza/Desktop/PROYECTOS/APP/mightyfitness/fitness-backend/vendor/laravel/framework/src/Illuminate/Http/Middleware/ValidatePostSize.php(27): Illuminate/Pipeline/Pipeline->Illuminate/Pipeline/{closure}(Object(Illuminate/Http/Request))
#49 C:/Users/hamza/Desktop/PROYECTOS/APP/mightyfitness/fitness-backend/vendor/laravel/framework/src/Illuminate/Pipeline/Pipeline.php(209): Illuminate/Http/Middleware/ValidatePostSize->handle(Object(Illuminate/Http/Request), Object(Closure))
#50 C:/Users/hamza/Desktop/PROYECTOS/APP/mightyfitness/fitness-backend/vendor/laravel/framework/src/Illuminate/Foundation/Http/Middleware/PreventRequestsDuringMaintenance.php(110): Illuminate/Pipeline/Pipeline->Illuminate/Pipeline/{closure}(Object(Illuminate/Http/Request))
#51 C:/Users/hamza/Desktop/PROYECTOS/APP/mightyfitness/fitness-backend/vendor/laravel/framework/src/Illuminate/Pipeline/Pipeline.php(209): Illuminate/Foundation/Http/Middleware/PreventRequestsDuringMaintenance->handle(Object(Illuminate/Http/Request), Object(Closure))
#52 C:/Users/hamza/Desktop/PROYECTOS/APP/mightyfitness/fitness-backend/vendor/laravel/framework/src/Illuminate/Http/Middleware/HandleCors.php(62): Illuminate/Pipeline/Pipeline->Illuminate/Pipeline/{closure}(Object(Illuminate/Http/Request))
#53 C:/Users/hamza/Desktop/PROYECTOS/APP/mightyfitness/fitness-backend/vendor/laravel/framework/src/Illuminate/Pipeline/Pipeline.php(209): Illuminate/Http/Middleware/HandleCors->handle(Object(Illuminate/Http/Request), Object(Closure))
#54 C:/Users/hamza/Desktop/PROYECTOS/APP/mightyfitness/fitness-backend/vendor/laravel/framework/src/Illuminate/Pipeline/Pipeline.php(127): Illuminate/Pipeline/Pipeline->Illuminate/Pipeline/{closure}(Object(Illuminate/Http/Request))
#55 C:/Users/hamza/Desktop/PROYECTOS/APP/mightyfitness/fitness-backend/vendor/laravel/framework/src/Illuminate/Foundation/Http/Kernel.php(176): Illuminate/Pipeline/Pipeline->then(Object(Closure))
#56 C:/Users/hamza/Desktop/PROYECTOS/APP/mightyfitness/fitness-backend/vendor/laravel/framework/src/Illuminate/Foundation/Http/Kernel.php(145): Illuminate/Foundation/Http/Kernel->sendRequestThroughRouter(Object(Illuminate/Http/Request))
#57 C:/Users/hamza/Desktop/PROYECTOS/APP/mightyfitness/fitness-backend/public/index.php(51): Illuminate/Foundation/Http/Kernel->handle(Object(Illuminate/Http/Request))
#58 C:/Users/hamza/Desktop/PROYECTOS/APP/mightyfitness/fitness-backend/server.php(21): require_once('C://Users//hamza//...')
#59 {main}

[previous exception] [object] (PDOException(code: 42S22): SQLSTATE[42S22]: Column not found: 1054 Unknown column 'client_tag_assignments.tag_id' in 'field list' at C:/Users/hamza/Desktop/PROYECTOS/APP/mightyfitness/fitness-backend/vendor/laravel/framework/src/Illuminate/Database/Connection.php:407)
[stacktrace]
#0 C:/Users/hamza/Desktop/PROYECTOS/APP/mightyfitness/fitness-backend/vendor/laravel/framework/src/Illuminate/Database/Connection.php(407): PDO->prepare('select `client_...')
#1 C:/Users/hamza/Desktop/PROYECTOS/APP/mightyfitness/fitness-backend/vendor/laravel/framework/src/Illuminate/Database/Connection.php(812): Illuminate/Database/Connection->Illuminate/Database/{closure}('select `client_...', Array)
#2 C:/Users/hamza/Desktop/PROYECTOS/APP/mightyfitness/fitness-backend/vendor/laravel/framework/src/Illuminate/Database/Connection.php(779): Illuminate/Database/Connection->runQueryCallback('select `client_...', Array, Object(Closure))
#3 C:/Users/hamza/Desktop/PROYECTOS/APP/mightyfitness/fitness-backend/vendor/laravel/framework/src/Illuminate/Database/Connection.php(398): Illuminate/Database/Connection->run('select `client_...', Array, Object(Closure))
#4 C:/Users/hamza/Desktop/PROYECTOS/APP/mightyfitness/fitness-backend/vendor/laravel/framework/src/Illuminate/Database/Query/Builder.php(3106): Illuminate/Database/Connection->select('select `client_...', Array, true)
#5 C:/Users/hamza/Desktop/PROYECTOS/APP/mightyfitness/fitness-backend/vendor/laravel/framework/src/Illuminate/Database/Query/Builder.php(3091): Illuminate/Database/Query/Builder->runSelect()
#6 C:/Users/hamza/Desktop/PROYECTOS/APP/mightyfitness/fitness-backend/vendor/laravel/framework/src/Illuminate/Database/Query/Builder.php(3676): Illuminate/Database/Query/Builder->Illuminate/Database/Query/{closure}()
#7 C:/Users/hamza/Desktop/PROYECTOS/APP/mightyfitness/fitness-backend/vendor/laravel/framework/src/Illuminate/Database/Query/Builder.php(3090): Illuminate/Database/Query/Builder->onceWithColumns(Array, Object(Closure))
#8 C:/Users/hamza/Desktop/PROYECTOS/APP/mightyfitness/fitness-backend/vendor/laravel/framework/src/Illuminate/Database/Eloquent/Builder.php(811): Illuminate/Database/Query/Builder->get(Array)
#9 C:/Users/hamza/Desktop/PROYECTOS/APP/mightyfitness/fitness-backend/vendor/laravel/framework/src/Illuminate/Database/Eloquent/Relations/BelongsToMany.php(887): Illuminate/Database/Eloquent/Builder->getModels()
#10 C:/Users/hamza/Desktop/PROYECTOS/APP/mightyfitness/fitness-backend/vendor/laravel/framework/src/Illuminate/Database/Eloquent/Relations/Relation.php(176): Illuminate/Database/Eloquent/Relations/BelongsToMany->get()
#11 C:/Users/hamza/Desktop/PROYECTOS/APP/mightyfitness/fitness-backend/vendor/laravel/framework/src/Illuminate/Database/Eloquent/Builder.php(859): Illuminate/Database/Eloquent/Relations/Relation->getEager()
#12 C:/Users/hamza/Desktop/PROYECTOS/APP/mightyfitness/fitness-backend/vendor/laravel/framework/src/Illuminate/Database/Eloquent/Builder.php(828): Illuminate/Database/Eloquent/Builder->eagerLoadRelation(Array, 'tags', Object(Closure))
#13 C:/Users/hamza/Desktop/PROYECTOS/APP/mightyfitness/fitness-backend/vendor/laravel/framework/src/Illuminate/Database/Eloquent/Builder.php(794): Illuminate/Database/Eloquent/Builder->eagerLoadRelations(Array)
#14 C:/Users/hamza/Desktop/PROYECTOS/APP/mightyfitness/fitness-backend/vendor/laravel/framework/src/Illuminate/Database/Concerns/BuildsQueries.php(343): Illuminate/Database/Eloquent/Builder->get(Array)
#15 C:/Users/hamza/Desktop/PROYECTOS/APP/mightyfitness/fitness-backend/vendor/laravel/framework/src/Illuminate/Database/Eloquent/Builder.php(477): Illuminate/Database/Eloquent/Builder->first(Array)
#16 C:/Users/hamza/Desktop/PROYECTOS/APP/mightyfitness/fitness-backend/app/Http/Controllers/API/ClientTagController.php(55): Illuminate/Database/Eloquent/Builder->find('8')
#17 C:/Users/hamza/Desktop/PROYECTOS/APP/mightyfitness/fitness-backend/vendor/laravel/framework/src/Illuminate/Routing/Controller.php(54): App/Http/Controllers/API/ClientTagController->getClientTags(Object(Illuminate/Http/Request))
#18 C:/Users/hamza/Desktop/PROYECTOS/APP/mightyfitness/fitness-backend/vendor/laravel/framework/src/Illuminate/Routing/ControllerDispatcher.php(44): Illuminate/Routing/Controller->callAction('getClientTags', Array)
#19 C:/Users/hamza/Desktop/PROYECTOS/APP/mightyfitness/fitness-backend/vendor/laravel/framework/src/Illuminate/Routing/Route.php(266): Illuminate/Routing/ControllerDispatcher->dispatch(Object(Illuminate/Routing/Route), Object(App/Http/Controllers/API/ClientTagController), 'getClientTags')
#20 C:/Users/hamza/Desktop/PROYECTOS/APP/mightyfitness/fitness-backend/vendor/laravel/framework/src/Illuminate/Routing/Route.php(212): Illuminate/Routing/Route->runController()
#21 C:/Users/hamza/Desktop/PROYECTOS/APP/mightyfitness/fitness-backend/vendor/laravel/framework/src/Illuminate/Routing/Router.php(808): Illuminate/Routing/Route->run()
#22 C:/Users/hamza/Desktop/PROYECTOS/APP/mightyfitness/fitness-backend/vendor/laravel/framework/src/Illuminate/Pipeline/Pipeline.php(170): Illuminate/Routing/Router->Illuminate/Routing/{closure}(Object(Illuminate/Http/Request))
#23 C:/Users/hamza/Desktop/PROYECTOS/APP/mightyfitness/fitness-backend/app/Http/Middleware/AdminApi.php(26): Illuminate/Pipeline/Pipeline->Illuminate/Pipeline/{closure}(Object(Illuminate/Http/Request))
#24 C:/Users/hamza/Desktop/PROYECTOS/APP/mightyfitness/fitness-backend/vendor/laravel/framework/src/Illuminate/Pipeline/Pipeline.php(209): App/Http/Middleware/AdminApi->handle(Object(Illuminate/Http/Request), Object(Closure))
#25 C:/Users/hamza/Desktop/PROYECTOS/APP/mightyfitness/fitness-backend/app/Http/Middleware/API/CheckUserStatus.php(26): Illuminate/Pipeline/Pipeline->Illuminate/Pipeline/{closure}(Object(Illuminate/Http/Request))
#26 C:/Users/hamza/Desktop/PROYECTOS/APP/mightyfitness/fitness-backend/vendor/laravel/framework/src/Illuminate/Pipeline/Pipeline.php(209): App/Http/Middleware/API/CheckUserStatus->handle(Object(Illuminate/Http/Request), Object(Closure))
#27 C:/Users/hamza/Desktop/PROYECTOS/APP/mightyfitness/fitness-backend/vendor/laravel/framework/src/Illuminate/Routing/Middleware/SubstituteBindings.php(51): Illuminate/Pipeline/Pipeline->Illuminate/Pipeline/{closure}(Object(Illuminate/Http/Request))
#28 C:/Users/hamza/Desktop/PROYECTOS/APP/mightyfitness/fitness-backend/vendor/laravel/framework/src/Illuminate/Pipeline/Pipeline.php(209): Illuminate/Routing/Middleware/SubstituteBindings->handle(Object(Illuminate/Http/Request), Object(Closure))
#29 C:/Users/hamza/Desktop/PROYECTOS/APP/mightyfitness/fitness-backend/vendor/laravel/framework/src/Illuminate/Routing/Middleware/ThrottleRequests.php(161): Illuminate/Pipeline/Pipeline->Illuminate/Pipeline/{closure}(Object(Illuminate/Http/Request))
#30 C:/Users/hamza/Desktop/PROYECTOS/APP/mightyfitness/fitness-backend/vendor/laravel/framework/src/Illuminate/Routing/Middleware/ThrottleRequests.php(127): Illuminate/Routing/Middleware/ThrottleRequests->handleRequest(Object(Illuminate/Http/Request), Object(Closure), Array)
#31 C:/Users/hamza/Desktop/PROYECTOS/APP/mightyfitness/fitness-backend/vendor/laravel/framework/src/Illuminate/Routing/Middleware/ThrottleRequests.php(89): Illuminate/Routing/Middleware/ThrottleRequests->handleRequestUsingNamedLimiter(Object(Illuminate/Http/Request), Object(Closure), 'api', Object(Closure))
#32 C:/Users/hamza/Desktop/PROYECTOS/APP/mightyfitness/fitness-backend/vendor/laravel/framework/src/Illuminate/Pipeline/Pipeline.php(209): Illuminate/Routing/Middleware/ThrottleRequests->handle(Object(Illuminate/Http/Request), Object(Closure), 'api')
#33 C:/Users/hamza/Desktop/PROYECTOS/APP/mightyfitness/fitness-backend/vendor/laravel/framework/src/Illuminate/Auth/Middleware/Authenticate.php(64): Illuminate/Pipeline/Pipeline->Illuminate/Pipeline/{closure}(Object(Illuminate/Http/Request))
#34 C:/Users/hamza/Desktop/PROYECTOS/APP/mightyfitness/fitness-backend/vendor/laravel/framework/src/Illuminate/Pipeline/Pipeline.php(209): Illuminate/Auth/Middleware/Authenticate->handle(Object(Illuminate/Http/Request), Object(Closure), 'sanctum')
#35 C:/Users/hamza/Desktop/PROYECTOS/APP/mightyfitness/fitness-backend/vendor/laravel/framework/src/Illuminate/Pipeline/Pipeline.php(127): Illuminate/Pipeline/Pipeline->Illuminate/Pipeline/{closure}(Object(Illuminate/Http/Request))
#36 C:/Users/hamza/Desktop/PROYECTOS/APP/mightyfitness/fitness-backend/vendor/laravel/framework/src/Illuminate/Routing/Router.php(807): Illuminate/Pipeline/Pipeline->then(Object(Closure))
#37 C:/Users/hamza/Desktop/PROYECTOS/APP/mightyfitness/fitness-backend/vendor/laravel/framework/src/Illuminate/Routing/Router.php(786): Illuminate/Routing/Router->runRouteWithinStack(Object(Illuminate/Routing/Route), Object(Illuminate/Http/Request))
#38 C:/Users/hamza/Desktop/PROYECTOS/APP/mightyfitness/fitness-backend/vendor/laravel/framework/src/Illuminate/Routing/Router.php(750): Illuminate/Routing/Router->runRoute(Object(Illuminate/Http/Request), Object(Illuminate/Routing/Route))
#39 C:/Users/hamza/Desktop/PROYECTOS/APP/mightyfitness/fitness-backend/vendor/laravel/framework/src/Illuminate/Routing/Router.php(739): Illuminate/Routing/Router->dispatchToRoute(Object(Illuminate/Http/Request))
#40 C:/Users/hamza/Desktop/PROYECTOS/APP/mightyfitness/fitness-backend/vendor/laravel/framework/src/Illuminate/Foundation/Http/Kernel.php(201): Illuminate/Routing/Router->dispatch(Object(Illuminate/Http/Request))
#41 C:/Users/hamza/Desktop/PROYECTOS/APP/mightyfitness/fitness-backend/vendor/laravel/framework/src/Illuminate/Pipeline/Pipeline.php(170): Illuminate/Foundation/Http/Kernel->Illuminate/Foundation/Http/{closure}(Object(Illuminate/Http/Request))
#42 C:/Users/hamza/Desktop/PROYECTOS/APP/mightyfitness/fitness-backend/vendor/livewire/livewire/src/Features/SupportDisablingBackButtonCache/DisableBackButtonCacheMiddleware.php(19): Illuminate/Pipeline/Pipeline->Illuminate/Pipeline/{closure}(Object(Illuminate/Http/Request))
#43 C:/Users/hamza/Desktop/PROYECTOS/APP/mightyfitness/fitness-backend/vendor/laravel/framework/src/Illuminate/Pipeline/Pipeline.php(209): Livewire/Features/SupportDisablingBackButtonCache/DisableBackButtonCacheMiddleware->handle(Object(Illuminate/Http/Request), Object(Closure))
#44 C:/Users/hamza/Desktop/PROYECTOS/APP/mightyfitness/fitness-backend/vendor/laravel/framework/src/Illuminate/Foundation/Http/Middleware/TransformsRequest.php(21): Illuminate/Pipeline/Pipeline->Illuminate/Pipeline/{closure}(Object(Illuminate/Http/Request))
#45 C:/Users/hamza/Desktop/PROYECTOS/APP/mightyfitness/fitness-backend/vendor/laravel/framework/src/Illuminate/Foundation/Http/Middleware/ConvertEmptyStringsToNull.php(31): Illuminate/Foundation/Http/Middleware/TransformsRequest->handle(Object(Illuminate/Http/Request), Object(Closure))
#46 C:/Users/hamza/Desktop/PROYECTOS/APP/mightyfitness/fitness-backend/vendor/laravel/framework/src/Illuminate/Pipeline/Pipeline.php(209): Illuminate/Foundation/Http/Middleware/ConvertEmptyStringsToNull->handle(Object(Illuminate/Http/Request), Object(Closure))
#47 C:/Users/hamza/Desktop/PROYECTOS/APP/mightyfitness/fitness-backend/vendor/laravel/framework/src/Illuminate/Foundation/Http/Middleware/TransformsRequest.php(21): Illuminate/Pipeline/Pipeline->Illuminate/Pipeline/{closure}(Object(Illuminate/Http/Request))
#48 C:/Users/hamza/Desktop/PROYECTOS/APP/mightyfitness/fitness-backend/vendor/laravel/framework/src/Illuminate/Foundation/Http/Middleware/TrimStrings.php(51): Illuminate/Foundation/Http/Middleware/TransformsRequest->handle(Object(Illuminate/Http/Request), Object(Closure))
#49 C:/Users/hamza/Desktop/PROYECTOS/APP/mightyfitness/fitness-backend/vendor/laravel/framework/src/Illuminate/Pipeline/Pipeline.php(209): Illuminate/Foundation/Http/Middleware/TrimStrings->handle(Object(Illuminate/Http/Request), Object(Closure))
#50 C:/Users/hamza/Desktop/PROYECTOS/APP/mightyfitness/fitness-backend/vendor/laravel/framework/src/Illuminate/Http/Middleware/ValidatePostSize.php(27): Illuminate/Pipeline/Pipeline->Illuminate/Pipeline/{closure}(Object(Illuminate/Http/Request))
#51 C:/Users/hamza/Desktop/PROYECTOS/APP/mightyfitness/fitness-backend/vendor/laravel/framework/src/Illuminate/Pipeline/Pipeline.php(209): Illuminate/Http/Middleware/ValidatePostSize->handle(Object(Illuminate/Http/Request), Object(Closure))
#52 C:/Users/hamza/Desktop/PROYECTOS/APP/mightyfitness/fitness-backend/vendor/laravel/framework/src/Illuminate/Foundation/Http/Middleware/PreventRequestsDuringMaintenance.php(110): Illuminate/Pipeline/Pipeline->Illuminate/Pipeline/{closure}(Object(Illuminate/Http/Request))
#53 C:/Users/hamza/Desktop/PROYECTOS/APP/mightyfitness/fitness-backend/vendor/laravel/framework/src/Illuminate/Pipeline/Pipeline.php(209): Illuminate/Foundation/Http/Middleware/PreventRequestsDuringMaintenance->handle(Object(Illuminate/Http/Request), Object(Closure))
#54 C:/Users/hamza/Desktop/PROYECTOS/APP/mightyfitness/fitness-backend/vendor/laravel/framework/src/Illuminate/Http/Middleware/HandleCors.php(62): Illuminate/Pipeline/Pipeline->Illuminate/Pipeline/{closure}(Object(Illuminate/Http/Request))
#55 C:/Users/hamza/Desktop/PROYECTOS/APP/mightyfitness/fitness-backend/vendor/laravel/framework/src/Illuminate/Pipeline/Pipeline.php(209): Illuminate/Http/Middleware/HandleCors->handle(Object(Illuminate/Http/Request), Object(Closure))
#56 C:/Users/hamza/Desktop/PROYECTOS/APP/mightyfitness/fitness-backend/vendor/laravel/framework/src/Illuminate/Pipeline/Pipeline.php(127): Illuminate/Pipeline/Pipeline->Illuminate/Pipeline/{closure}(Object(Illuminate/Http/Request))
#57 C:/Users/hamza/Desktop/PROYECTOS/APP/mightyfitness/fitness-backend/vendor/laravel/framework/src/Illuminate/Foundation/Http/Kernel.php(176): Illuminate/Pipeline/Pipeline->then(Object(Closure))
#58 C:/Users/hamza/Desktop/PROYECTOS/APP/mightyfitness/fitness-backend/vendor/laravel/framework/src/Illuminate/Foundation/Http/Kernel.php(145): Illuminate/Foundation/Http/Kernel->sendRequestThroughRouter(Object(Illuminate/Http/Request))
#59 C:/Users/hamza/Desktop/PROYECTOS/APP/mightyfitness/fitness-backend/public/index.php(51): Illuminate/Foundation/Http/Kernel->handle(Object(Illuminate/Http/Request))
#60 C:/Users/hamza/Desktop/PROYECTOS/APP/mightyfitness/fitness-backend/server.php(21): require_once('C://Users//hamza//...')
#61 {main}
"} 
[2026-08-06 17:53:41] local.ERROR: SQLSTATE[42S22]: Column not found: 1054 Unknown column 'workout_day_id' in 'where clause' (Connection: mysql, SQL: select count(*) as aggregate from `user_exercises` where `user_id` = 8 and `workout_id` is not null and `workout_day_id` is not null) {"userId":8,"exception":"[object] (Illuminate\\Database\\QueryException(code: 42S22): SQLSTATE[42S22]: Column not found: 1054 Unknown column 'workout_day_id' in 'where clause' (Connection: mysql, SQL: select count(*) as aggregate from `user_exercises` where `user_id` = 8 and `workout_id` is not null and `workout_day_id` is not null) at C:/Users/hamza/Desktop/PROYECTOS/APP/mightyfitness/fitness-backend/vendor/laravel/framework/src/Illuminate/Database/Connection.php:825)
[stacktrace]
#0 C:/Users/hamza/Desktop/PROYECTOS/APP/mightyfitness/fitness-backend/vendor/laravel/framework/src/Illuminate/Database/Connection.php(779): Illuminate/Database/Connection->runQueryCallback('select count(*)...', Array, Object(Closure))
#1 C:/Users/hamza/Desktop/PROYECTOS/APP/mightyfitness/fitness-backend/vendor/laravel/framework/src/Illuminate/Database/Connection.php(398): Illuminate/Database/Connection->run('select count(*)...', Array, Object(Closure))
#2 C:/Users/hamza/Desktop/PROYECTOS/APP/mightyfitness/fitness-backend/vendor/laravel/framework/src/Illuminate/Database/Query/Builder.php(3106): Illuminate/Database/Connection->select('select count(*)...', Array, true)
#3 C:/Users/hamza/Desktop/PROYECTOS/APP/mightyfitness/fitness-backend/vendor/laravel/framework/src/Illuminate/Database/Query/Builder.php(3091): Illuminate/Database/Query/Builder->runSelect()
#4 C:/Users/hamza/Desktop/PROYECTOS/APP/mightyfitness/fitness-backend/vendor/laravel/framework/src/Illuminate/Database/Query/Builder.php(3676): Illuminate/Database/Query/Builder->Illuminate/Database/Query/{closure}()
#5 C:/Users/hamza/Desktop/PROYECTOS/APP/mightyfitness/fitness-backend/vendor/laravel/framework/src/Illuminate/Database/Query/Builder.php(3090): Illuminate/Database/Query/Builder->onceWithColumns(Array, Object(Closure))
#6 C:/Users/hamza/Desktop/PROYECTOS/APP/mightyfitness/fitness-backend/vendor/laravel/framework/src/Illuminate/Database/Query/Builder.php(3285): Illuminate/Database/Query/Builder->get()
#7 C:/Users/hamza/Desktop/PROYECTOS/APP/mightyfitness/fitness-backend/vendor/laravel/framework/src/Illuminate/Database/Query/Builder.php(3244): Illuminate/Database/Query/Builder->runPaginationCountQuery(Array)
#8 C:/Users/hamza/Desktop/PROYECTOS/APP/mightyfitness/fitness-backend/vendor/laravel/framework/src/Illuminate/Database/Eloquent/Builder.php(1029): Illuminate/Database/Query/Builder->getCountForPagination()
#9 C:/Users/hamza/Desktop/PROYECTOS/APP/mightyfitness/fitness-backend/app/Http/Controllers/API/V1/WorkoutController.php(129): Illuminate/Database/Eloquent/Builder->paginate(10)
#10 C:/Users/hamza/Desktop/PROYECTOS/APP/mightyfitness/fitness-backend/vendor/laravel/framework/src/Illuminate/Routing/Controller.php(54): App/Http/Controllers/API/V1/WorkoutController->getUserWorkoutExercise(Object(Illuminate/Http/Request))
#11 C:/Users/hamza/Desktop/PROYECTOS/APP/mightyfitness/fitness-backend/vendor/laravel/framework/src/Illuminate/Routing/ControllerDispatcher.php(44): Illuminate/Routing/Controller->callAction('getUserWorkoutE...', Array)
#12 C:/Users/hamza/Desktop/PROYECTOS/APP/mightyfitness/fitness-backend/vendor/laravel/framework/src/Illuminate/Routing/Route.php(266): Illuminate/Routing/ControllerDispatcher->dispatch(Object(Illuminate/Routing/Route), Object(App/Http/Controllers/API/V1/WorkoutController), 'getUserWorkoutE...')
#13 C:/Users/hamza/Desktop/PROYECTOS/APP/mightyfitness/fitness-backend/vendor/laravel/framework/src/Illuminate/Routing/Route.php(212): Illuminate/Routing/Route->runController()
#14 C:/Users/hamza/Desktop/PROYECTOS/APP/mightyfitness/fitness-backend/vendor/laravel/framework/src/Illuminate/Routing/Router.php(808): Illuminate/Routing/Route->run()
#15 C:/Users/hamza/Desktop/PROYECTOS/APP/mightyfitness/fitness-backend/vendor/laravel/framework/src/Illuminate/Pipeline/Pipeline.php(170): Illuminate/Routing/Router->Illuminate/Routing/{closure}(Object(Illuminate/Http/Request))
#16 C:/Users/hamza/Desktop/PROYECTOS/APP/mightyfitness/fitness-backend/app/Http/Middleware/API/CheckUserStatus.php(26): Illuminate/Pipeline/Pipeline->Illuminate/Pipeline/{closure}(Object(Illuminate/Http/Request))
#17 C:/Users/hamza/Desktop/PROYECTOS/APP/mightyfitness/fitness-backend/vendor/laravel/framework/src/Illuminate/Pipeline/Pipeline.php(209): App/Http/Middleware/API/CheckUserStatus->handle(Object(Illuminate/Http/Request), Object(Closure))
#18 C:/Users/hamza/Desktop/PROYECTOS/APP/mightyfitness/fitness-backend/vendor/laravel/framework/src/Illuminate/Routing/Middleware/SubstituteBindings.php(51): Illuminate/Pipeline/Pipeline->Illuminate/Pipeline/{closure}(Object(Illuminate/Http/Request))
#19 C:/Users/hamza/Desktop/PROYECTOS/APP/mightyfitness/fitness-backend/vendor/laravel/framework/src/Illuminate/Pipeline/Pipeline.php(209): Illuminate/Routing/Middleware/SubstituteBindings->handle(Object(Illuminate/Http/Request), Object(Closure))
#20 C:/Users/hamza/Desktop/PROYECTOS/APP/mightyfitness/fitness-backend/vendor/laravel/framework/src/Illuminate/Routing/Middleware/ThrottleRequests.php(161): Illuminate/Pipeline/Pipeline->Illuminate/Pipeline/{closure}(Object(Illuminate/Http/Request))
#21 C:/Users/hamza/Desktop/PROYECTOS/APP/mightyfitness/fitness-backend/vendor/laravel/framework/src/Illuminate/Routing/Middleware/ThrottleRequests.php(127): Illuminate/Routing/Middleware/ThrottleRequests->handleRequest(Object(Illuminate/Http/Request), Object(Closure), Array)
#22 C:/Users/hamza/Desktop/PROYECTOS/APP/mightyfitness/fitness-backend/vendor/laravel/framework/src/Illuminate/Routing/Middleware/ThrottleRequests.php(89): Illuminate/Routing/Middleware/ThrottleRequests->handleRequestUsingNamedLimiter(Object(Illuminate/Http/Request), Object(Closure), 'api', Object(Closure))
#23 C:/Users/hamza/Desktop/PROYECTOS/APP/mightyfitness/fitness-backend/vendor/laravel/framework/src/Illuminate/Pipeline/Pipeline.php(209): Illuminate/Routing/Middleware/ThrottleRequests->handle(Object(Illuminate/Http/Request), Object(Closure), 'api')
#24 C:/Users/hamza/Desktop/PROYECTOS/APP/mightyfitness/fitness-backend/vendor/laravel/framework/src/Illuminate/Auth/Middleware/Authenticate.php(64): Illuminate/Pipeline/Pipeline->Illuminate/Pipeline/{closure}(Object(Illuminate/Http/Request))
#25 C:/Users/hamza/Desktop/PROYECTOS/APP/mightyfitness/fitness-backend/vendor/laravel/framework/src/Illuminate/Pipeline/Pipeline.php(209): Illuminate/Auth/Middleware/Authenticate->handle(Object(Illuminate/Http/Request), Object(Closure), 'sanctum')
#26 C:/Users/hamza/Desktop/PROYECTOS/APP/mightyfitness/fitness-backend/vendor/laravel/framework/src/Illuminate/Pipeline/Pipeline.php(127): Illuminate/Pipeline/Pipeline->Illuminate/Pipeline/{closure}(Object(Illuminate/Http/Request))
#27 C:/Users/hamza/Desktop/PROYECTOS/APP/mightyfitness/fitness-backend/vendor/laravel/framework/src/Illuminate/Routing/Router.php(807): Illuminate/Pipeline/Pipeline->then(Object(Closure))
#28 C:/Users/hamza/Desktop/PROYECTOS/APP/mightyfitness/fitness-backend/vendor/laravel/framework/src/Illuminate/Routing/Router.php(786): Illuminate/Routing/Router->runRouteWithinStack(Object(Illuminate/Routing/Route), Object(Illuminate/Http/Request))
#29 C:/Users/hamza/Desktop/PROYECTOS/APP/mightyfitness/fitness-backend/vendor/laravel/framework/src/Illuminate/Routing/Router.php(750): Illuminate/Routing/Router->runRoute(Object(Illuminate/Http/Request), Object(Illuminate/Routing/Route))
#30 C:/Users/hamza/Desktop/PROYECTOS/APP/mightyfitness/fitness-backend/vendor/laravel/framework/src/Illuminate/Routing/Router.php(739): Illuminate/Routing/Router->dispatchToRoute(Object(Illuminate/Http/Request))
#31 C:/Users/hamza/Desktop/PROYECTOS/APP/mightyfitness/fitness-backend/vendor/laravel/framework/src/Illuminate/Foundation/Http/Kernel.php(201): Illuminate/Routing/Router->dispatch(Object(Illuminate/Http/Request))
#32 C:/Users/hamza/Desktop/PROYECTOS/APP/mightyfitness/fitness-backend/vendor/laravel/framework/src/Illuminate/Pipeline/Pipeline.php(170): Illuminate/Foundation/Http/Kernel->Illuminate/Foundation/Http/{closure}(Object(Illuminate/Http/Request))
#33 C:/Users/hamza/Desktop/PROYECTOS/APP/mightyfitness/fitness-backend/vendor/livewire/livewire/src/Features/SupportDisablingBackButtonCache/DisableBackButtonCacheMiddleware.php(19): Illuminate/Pipeline/Pipeline->Illuminate/Pipeline/{closure}(Object(Illuminate/Http/Request))
#34 C:/Users/hamza/Desktop/PROYECTOS/APP/mightyfitness/fitness-backend/vendor/laravel/framework/src/Illuminate/Pipeline/Pipeline.php(209): Livewire/Features/SupportDisablingBackButtonCache/DisableBackButtonCacheMiddleware->handle(Object(Illuminate/Http/Request), Object(Closure))
#35 C:/Users/hamza/Desktop/PROYECTOS/APP/mightyfitness/fitness-backend/vendor/laravel/framework/src/Illuminate/Foundation/Http/Middleware/TransformsRequest.php(21): Illuminate/Pipeline/Pipeline->Illuminate/Pipeline/{closure}(Object(Illuminate/Http/Request))
#36 C:/Users/hamza/Desktop/PROYECTOS/APP/mightyfitness/fitness-backend/vendor/laravel/framework/src/Illuminate/Foundation/Http/Middleware/ConvertEmptyStringsToNull.php(31): Illuminate/Foundation/Http/Middleware/TransformsRequest->handle(Object(Illuminate/Http/Request), Object(Closure))
#37 C:/Users/hamza/Desktop/PROYECTOS/APP/mightyfitness/fitness-backend/vendor/laravel/framework/src/Illuminate/Pipeline/Pipeline.php(209): Illuminate/Foundation/Http/Middleware/ConvertEmptyStringsToNull->handle(Object(Illuminate/Http/Request), Object(Closure))
#38 C:/Users/hamza/Desktop/PROYECTOS/APP/mightyfitness/fitness-backend/vendor/laravel/framework/src/Illuminate/Foundation/Http/Middleware/TransformsRequest.php(21): Illuminate/Pipeline/Pipeline->Illuminate/Pipeline/{closure}(Object(Illuminate/Http/Request))
#39 C:/Users/hamza/Desktop/PROYECTOS/APP/mightyfitness/fitness-backend/vendor/laravel/framework/src/Illuminate/Foundation/Http/Middleware/TrimStrings.php(51): Illuminate/Foundation/Http/Middleware/TransformsRequest->handle(Object(Illuminate/Http/Request), Object(Closure))
#40 C:/Users/hamza/Desktop/PROYECTOS/APP/mightyfitness/fitness-backend/vendor/laravel/framework/src/Illuminate/Pipeline/Pipeline.php(209): Illuminate/Foundation/Http/Middleware/TrimStrings->handle(Object(Illuminate/Http/Request), Object(Closure))
#41 C:/Users/hamza/Desktop/PROYECTOS/APP/mightyfitness/fitness-backend/vendor/laravel/framework/src/Illuminate/Http/Middleware/ValidatePostSize.php(27): Illuminate/Pipeline/Pipeline->Illuminate/Pipeline/{closure}(Object(Illuminate/Http/Request))
#42 C:/Users/hamza/Desktop/PROYECTOS/APP/mightyfitness/fitness-backend/vendor/laravel/framework/src/Illuminate/Pipeline/Pipeline.php(209): Illuminate/Http/Middleware/ValidatePostSize->handle(Object(Illuminate/Http/Request), Object(Closure))
#43 C:/Users/hamza/Desktop/PROYECTOS/APP/mightyfitness/fitness-backend/vendor/laravel/framework/src/Illuminate/Foundation/Http/Middleware/PreventRequestsDuringMaintenance.php(110): Illuminate/Pipeline/Pipeline->Illuminate/Pipeline/{closure}(Object(Illuminate/Http/Request))
#44 C:/Users/hamza/Desktop/PROYECTOS/APP/mightyfitness/fitness-backend/vendor/laravel/framework/src/Illuminate/Pipeline/Pipeline.php(209): Illuminate/Foundation/Http/Middleware/PreventRequestsDuringMaintenance->handle(Object(Illuminate/Http/Request), Object(Closure))
#45 C:/Users/hamza/Desktop/PROYECTOS/APP/mightyfitness/fitness-backend/vendor/laravel/framework/src/Illuminate/Http/Middleware/HandleCors.php(62): Illuminate/Pipeline/Pipeline->Illuminate/Pipeline/{closure}(Object(Illuminate/Http/Request))
#46 C:/Users/hamza/Desktop/PROYECTOS/APP/mightyfitness/fitness-backend/vendor/laravel/framework/src/Illuminate/Pipeline/Pipeline.php(209): Illuminate/Http/Middleware/HandleCors->handle(Object(Illuminate/Http/Request), Object(Closure))
#47 C:/Users/hamza/Desktop/PROYECTOS/APP/mightyfitness/fitness-backend/vendor/laravel/framework/src/Illuminate/Pipeline/Pipeline.php(127): Illuminate/Pipeline/Pipeline->Illuminate/Pipeline/{closure}(Object(Illuminate/Http/Request))
#48 C:/Users/hamza/Desktop/PROYECTOS/APP/mightyfitness/fitness-backend/vendor/laravel/framework/src/Illuminate/Foundation/Http/Kernel.php(176): Illuminate/Pipeline/Pipeline->then(Object(Closure))
#49 C:/Users/hamza/Desktop/PROYECTOS/APP/mightyfitness/fitness-backend/vendor/laravel/framework/src/Illuminate/Foundation/Http/Kernel.php(145): Illuminate/Foundation/Http/Kernel->sendRequestThroughRouter(Object(Illuminate/Http/Request))
#50 C:/Users/hamza/Desktop/PROYECTOS/APP/mightyfitness/fitness-backend/public/index.php(51): Illuminate/Foundation/Http/Kernel->handle(Object(Illuminate/Http/Request))
#51 C:/Users/hamza/Desktop/PROYECTOS/APP/mightyfitness/fitness-backend/server.php(21): require_once('C://Users//hamza//...')
#52 {main}

[previous exception] [object] (PDOException(code: 42S22): SQLSTATE[42S22]: Column not found: 1054 Unknown column 'workout_day_id' in 'where clause' at C:/Users/hamza/Desktop/PROYECTOS/APP/mightyfitness/fitness-backend/vendor/laravel/framework/src/Illuminate/Database/Connection.php:407)
[stacktrace]
#0 C:/Users/hamza/Desktop/PROYECTOS/APP/mightyfitness/fitness-backend/vendor/laravel/framework/src/Illuminate/Database/Connection.php(407): PDO->prepare('select count(*)...')
#1 C:/Users/hamza/Desktop/PROYECTOS/APP/mightyfitness/fitness-backend/vendor/laravel/framework/src/Illuminate/Database/Connection.php(812): Illuminate/Database/Connection->Illuminate/Database/{closure}('select count(*)...', Array)
#2 C:/Users/hamza/Desktop/PROYECTOS/APP/mightyfitness/fitness-backend/vendor/laravel/framework/src/Illuminate/Database/Connection.php(779): Illuminate/Database/Connection->runQueryCallback('select count(*)...', Array, Object(Closure))
#3 C:/Users/hamza/Desktop/PROYECTOS/APP/mightyfitness/fitness-backend/vendor/laravel/framework/src/Illuminate/Database/Connection.php(398): Illuminate/Database/Connection->run('select count(*)...', Array, Object(Closure))
#4 C:/Users/hamza/Desktop/PROYECTOS/APP/mightyfitness/fitness-backend/vendor/laravel/framework/src/Illuminate/Database/Query/Builder.php(3106): Illuminate/Database/Connection->select('select count(*)...', Array, true)
#5 C:/Users/hamza/Desktop/PROYECTOS/APP/mightyfitness/fitness-backend/vendor/laravel/framework/src/Illuminate/Database/Query/Builder.php(3091): Illuminate/Database/Query/Builder->runSelect()
#6 C:/Users/hamza/Desktop/PROYECTOS/APP/mightyfitness/fitness-backend/vendor/laravel/framework/src/Illuminate/Database/Query/Builder.php(3676): Illuminate/Database/Query/Builder->Illuminate/Database/Query/{closure}()
#7 C:/Users/hamza/Desktop/PROYECTOS/APP/mightyfitness/fitness-backend/vendor/laravel/framework/src/Illuminate/Database/Query/Builder.php(3090): Illuminate/Database/Query/Builder->onceWithColumns(Array, Object(Closure))
#8 C:/Users/hamza/Desktop/PROYECTOS/APP/mightyfitness/fitness-backend/vendor/laravel/framework/src/Illuminate/Database/Query/Builder.php(3285): Illuminate/Database/Query/Builder->get()
#9 C:/Users/hamza/Desktop/PROYECTOS/APP/mightyfitness/fitness-backend/vendor/laravel/framework/src/Illuminate/Database/Query/Builder.php(3244): Illuminate/Database/Query/Builder->runPaginationCountQuery(Array)
#10 C:/Users/hamza/Desktop/PROYECTOS/APP/mightyfitness/fitness-backend/vendor/laravel/framework/src/Illuminate/Database/Eloquent/Builder.php(1029): Illuminate/Database/Query/Builder->getCountForPagination()
#11 C:/Users/hamza/Desktop/PROYECTOS/APP/mightyfitness/fitness-backend/app/Http/Controllers/API/V1/WorkoutController.php(129): Illuminate/Database/Eloquent/Builder->paginate(10)
#12 C:/Users/hamza/Desktop/PROYECTOS/APP/mightyfitness/fitness-backend/vendor/laravel/framework/src/Illuminate/Routing/Controller.php(54): App/Http/Controllers/API/V1/WorkoutController->getUserWorkoutExercise(Object(Illuminate/Http/Request))
#13 C:/Users/hamza/Desktop/PROYECTOS/APP/mightyfitness/fitness-backend/vendor/laravel/framework/src/Illuminate/Routing/ControllerDispatcher.php(44): Illuminate/Routing/Controller->callAction('getUserWorkoutE...', Array)
#14 C:/Users/hamza/Desktop/PROYECTOS/APP/mightyfitness/fitness-backend/vendor/laravel/framework/src/Illuminate/Routing/Route.php(266): Illuminate/Routing/ControllerDispatcher->dispatch(Object(Illuminate/Routing/Route), Object(App/Http/Controllers/API/V1/WorkoutController), 'getUserWorkoutE...')
#15 C:/Users/hamza/Desktop/PROYECTOS/APP/mightyfitness/fitness-backend/vendor/laravel/framework/src/Illuminate/Routing/Route.php(212): Illuminate/Routing/Route->runController()
#16 C:/Users/hamza/Desktop/PROYECTOS/APP/mightyfitness/fitness-backend/vendor/laravel/framework/src/Illuminate/Routing/Router.php(808): Illuminate/Routing/Route->run()
#17 C:/Users/hamza/Desktop/PROYECTOS/APP/mightyfitness/fitness-backend/vendor/laravel/framework/src/Illuminate/Pipeline/Pipeline.php(170): Illuminate/Routing/Router->Illuminate/Routing/{closure}(Object(Illuminate/Http/Request))
#18 C:/Users/hamza/Desktop/PROYECTOS/APP/mightyfitness/fitness-backend/app/Http/Middleware/API/CheckUserStatus.php(26): Illuminate/Pipeline/Pipeline->Illuminate/Pipeline/{closure}(Object(Illuminate/Http/Request))
#19 C:/Users/hamza/Desktop/PROYECTOS/APP/mightyfitness/fitness-backend/vendor/laravel/framework/src/Illuminate/Pipeline/Pipeline.php(209): App/Http/Middleware/API/CheckUserStatus->handle(Object(Illuminate/Http/Request), Object(Closure))
#20 C:/Users/hamza/Desktop/PROYECTOS/APP/mightyfitness/fitness-backend/vendor/laravel/framework/src/Illuminate/Routing/Middleware/SubstituteBindings.php(51): Illuminate/Pipeline/Pipeline->Illuminate/Pipeline/{closure}(Object(Illuminate/Http/Request))
#21 C:/Users/hamza/Desktop/PROYECTOS/APP/mightyfitness/fitness-backend/vendor/laravel/framework/src/Illuminate/Pipeline/Pipeline.php(209): Illuminate/Routing/Middleware/SubstituteBindings->handle(Object(Illuminate/Http/Request), Object(Closure))
#22 C:/Users/hamza/Desktop/PROYECTOS/APP/mightyfitness/fitness-backend/vendor/laravel/framework/src/Illuminate/Routing/Middleware/ThrottleRequests.php(161): Illuminate/Pipeline/Pipeline->Illuminate/Pipeline/{closure}(Object(Illuminate/Http/Request))
#23 C:/Users/hamza/Desktop/PROYECTOS/APP/mightyfitness/fitness-backend/vendor/laravel/framework/src/Illuminate/Routing/Middleware/ThrottleRequests.php(127): Illuminate/Routing/Middleware/ThrottleRequests->handleRequest(Object(Illuminate/Http/Request), Object(Closure), Array)
#24 C:/Users/hamza/Desktop/PROYECTOS/APP/mightyfitness/fitness-backend/vendor/laravel/framework/src/Illuminate/Routing/Middleware/ThrottleRequests.php(89): Illuminate/Routing/Middleware/ThrottleRequests->handleRequestUsingNamedLimiter(Object(Illuminate/Http/Request), Object(Closure), 'api', Object(Closure))
#25 C:/Users/hamza/Desktop/PROYECTOS/APP/mightyfitness/fitness-backend/vendor/laravel/framework/src/Illuminate/Pipeline/Pipeline.php(209): Illuminate/Routing/Middleware/ThrottleRequests->handle(Object(Illuminate/Http/Request), Object(Closure), 'api')
#26 C:/Users/hamza/Desktop/PROYECTOS/APP/mightyfitness/fitness-backend/vendor/laravel/framework/src/Illuminate/Auth/Middleware/Authenticate.php(64): Illuminate/Pipeline/Pipeline->Illuminate/Pipeline/{closure}(Object(Illuminate/Http/Request))
#27 C:/Users/hamza/Desktop/PROYECTOS/APP/mightyfitness/fitness-backend/vendor/laravel/framework/src/Illuminate/Pipeline/Pipeline.php(209): Illuminate/Auth/Middleware/Authenticate->handle(Object(Illuminate/Http/Request), Object(Closure), 'sanctum')
#28 C:/Users/hamza/Desktop/PROYECTOS/APP/mightyfitness/fitness-backend/vendor/laravel/framework/src/Illuminate/Pipeline/Pipeline.php(127): Illuminate/Pipeline/Pipeline->Illuminate/Pipeline/{closure}(Object(Illuminate/Http/Request))
#29 C:/Users/hamza/Desktop/PROYECTOS/APP/mightyfitness/fitness-backend/vendor/laravel/framework/src/Illuminate/Routing/Router.php(807): Illuminate/Pipeline/Pipeline->then(Object(Closure))
#30 C:/Users/hamza/Desktop/PROYECTOS/APP/mightyfitness/fitness-backend/vendor/laravel/framework/src/Illuminate/Routing/Router.php(786): Illuminate/Routing/Router->runRouteWithinStack(Object(Illuminate/Routing/Route), Object(Illuminate/Http/Request))
#31 C:/Users/hamza/Desktop/PROYECTOS/APP/mightyfitness/fitness-backend/vendor/laravel/framework/src/Illuminate/Routing/Router.php(750): Illuminate/Routing/Router->runRoute(Object(Illuminate/Http/Request), Object(Illuminate/Routing/Route))
#32 C:/Users/hamza/Desktop/PROYECTOS/APP/mightyfitness/fitness-backend/vendor/laravel/framework/src/Illuminate/Routing/Router.php(739): Illuminate/Routing/Router->dispatchToRoute(Object(Illuminate/Http/Request))
#33 C:/Users/hamza/Desktop/PROYECTOS/APP/mightyfitness/fitness-backend/vendor/laravel/framework/src/Illuminate/Foundation/Http/Kernel.php(201): Illuminate/Routing/Router->dispatch(Object(Illuminate/Http/Request))
#34 C:/Users/hamza/Desktop/PROYECTOS/APP/mightyfitness/fitness-backend/vendor/laravel/framework/src/Illuminate/Pipeline/Pipeline.php(170): Illuminate/Foundation/Http/Kernel->Illuminate/Foundation/Http/{closure}(Object(Illuminate/Http/Request))
#35 C:/Users/hamza/Desktop/PROYECTOS/APP/mightyfitness/fitness-backend/vendor/livewire/livewire/src/Features/SupportDisablingBackButtonCache/DisableBackButtonCacheMiddleware.php(19): Illuminate/Pipeline/Pipeline->Illuminate/Pipeline/{closure}(Object(Illuminate/Http/Request))
#36 C:/Users/hamza/Desktop/PROYECTOS/APP/mightyfitness/fitness-backend/vendor/laravel/framework/src/Illuminate/Pipeline/Pipeline.php(209): Livewire/Features/SupportDisablingBackButtonCache/DisableBackButtonCacheMiddleware->handle(Object(Illuminate/Http/Request), Object(Closure))
#37 C:/Users/hamza/Desktop/PROYECTOS/APP/mightyfitness/fitness-backend/vendor/laravel/framework/src/Illuminate/Foundation/Http/Middleware/TransformsRequest.php(21): Illuminate/Pipeline/Pipeline->Illuminate/Pipeline/{closure}(Object(Illuminate/Http/Request))
#38 C:/Users/hamza/Desktop/PROYECTOS/APP/mightyfitness/fitness-backend/vendor/laravel/framework/src/Illuminate/Foundation/Http/Middleware/ConvertEmptyStringsToNull.php(31): Illuminate/Foundation/Http/Middleware/TransformsRequest->handle(Object(Illuminate/Http/Request), Object(Closure))
#39 C:/Users/hamza/Desktop/PROYECTOS/APP/mightyfitness/fitness-backend/vendor/laravel/framework/src/Illuminate/Pipeline/Pipeline.php(209): Illuminate/Foundation/Http/Middleware/ConvertEmptyStringsToNull->handle(Object(Illuminate/Http/Request), Object(Closure))
#40 C:/Users/hamza/Desktop/PROYECTOS/APP/mightyfitness/fitness-backend/vendor/laravel/framework/src/Illuminate/Foundation/Http/Middleware/TransformsRequest.php(21): Illuminate/Pipeline/Pipeline->Illuminate/Pipeline/{closure}(Object(Illuminate/Http/Request))
#41 C:/Users/hamza/Desktop/PROYECTOS/APP/mightyfitness/fitness-backend/vendor/laravel/framework/src/Illuminate/Foundation/Http/Middleware/TrimStrings.php(51): Illuminate/Foundation/Http/Middleware/TransformsRequest->handle(Object(Illuminate/Http/Request), Object(Closure))
#42 C:/Users/hamza/Desktop/PROYECTOS/APP/mightyfitness/fitness-backend/vendor/laravel/framework/src/Illuminate/Pipeline/Pipeline.php(209): Illuminate/Foundation/Http/Middleware/TrimStrings->handle(Object(Illuminate/Http/Request), Object(Closure))
#43 C:/Users/hamza/Desktop/PROYECTOS/APP/mightyfitness/fitness-backend/vendor/laravel/framework/src/Illuminate/Http/Middleware/ValidatePostSize.php(27): Illuminate/Pipeline/Pipeline->Illuminate/Pipeline/{closure}(Object(Illuminate/Http/Request))
#44 C:/Users/hamza/Desktop/PROYECTOS/APP/mightyfitness/fitness-backend/vendor/laravel/framework/src/Illuminate/Pipeline/Pipeline.php(209): Illuminate/Http/Middleware/ValidatePostSize->handle(Object(Illuminate/Http/Request), Object(Closure))
#45 C:/Users/hamza/Desktop/PROYECTOS/APP/mightyfitness/fitness-backend/vendor/laravel/framework/src/Illuminate/Foundation/Http/Middleware/PreventRequestsDuringMaintenance.php(110): Illuminate/Pipeline/Pipeline->Illuminate/Pipeline/{closure}(Object(Illuminate/Http/Request))
#46 C:/Users/hamza/Desktop/PROYECTOS/APP/mightyfitness/fitness-backend/vendor/laravel/framework/src/Illuminate/Pipeline/Pipeline.php(209): Illuminate/Foundation/Http/Middleware/PreventRequestsDuringMaintenance->handle(Object(Illuminate/Http/Request), Object(Closure))
#47 C:/Users/hamza/Desktop/PROYECTOS/APP/mightyfitness/fitness-backend/vendor/laravel/framework/src/Illuminate/Http/Middleware/HandleCors.php(62): Illuminate/Pipeline/Pipeline->Illuminate/Pipeline/{closure}(Object(Illuminate/Http/Request))
#48 C:/Users/hamza/Desktop/PROYECTOS/APP/mightyfitness/fitness-backend/vendor/laravel/framework/src/Illuminate/Pipeline/Pipeline.php(209): Illuminate/Http/Middleware/HandleCors->handle(Object(Illuminate/Http/Request), Object(Closure))
#49 C:/Users/hamza/Desktop/PROYECTOS/APP/mightyfitness/fitness-backend/vendor/laravel/framework/src/Illuminate/Pipeline/Pipeline.php(127): Illuminate/Pipeline/Pipeline->Illuminate/Pipeline/{closure}(Object(Illuminate/Http/Request))
#50 C:/Users/hamza/Desktop/PROYECTOS/APP/mightyfitness/fitness-backend/vendor/laravel/framework/src/Illuminate/Foundation/Http/Kernel.php(176): Illuminate/Pipeline/Pipeline->then(Object(Closure))
#51 C:/Users/hamza/Desktop/PROYECTOS/APP/mightyfitness/fitness-backend/vendor/laravel/framework/src/Illuminate/Foundation/Http/Kernel.php(145): Illuminate/Foundation/Http/Kernel->sendRequestThroughRouter(Object(Illuminate/Http/Request))
#52 C:/Users/hamza/Desktop/PROYECTOS/APP/mightyfitness/fitness-backend/public/index.php(51): Illuminate/Foundation/Http/Kernel->handle(Object(Illuminate/Http/Request))
#53 C:/Users/hamza/Desktop/PROYECTOS/APP/mightyfitness/fitness-backend/server.php(21): require_once('C://Users//hamza//...')
#54 {main}
"} 
[2026-08-06 18:14:32] local.ERROR: PHP Parse error: Syntax error, unexpected ')' on line 1 {"exception":"[object] (Psy\\Exception\\ParseErrorException(code: 0): PHP Parse error: Syntax error, unexpected ')' on line 1 at C:/Users/hamza/Desktop/PROYECTOS/APP/mightyfitness/fitness-backend/vendor/psy/psysh/src/Exception/ParseErrorException.php:44)
[stacktrace]
#0 C:/Users/hamza/Desktop/PROYECTOS/APP/mightyfitness/fitness-backend/vendor/psy/psysh/src/CodeCleaner.php(657): Psy/Exception/ParseErrorException::fromParseError(Object(PhpParser/Error))
#1 C:/Users/hamza/Desktop/PROYECTOS/APP/mightyfitness/fitness-backend/vendor/psy/psysh/src/CodeCleaner.php(273): Psy/CodeCleaner->parse('<?php echo 'tag...', false)
#2 C:/Users/hamza/Desktop/PROYECTOS/APP/mightyfitness/fitness-backend/vendor/psy/psysh/src/Shell.php(1358): Psy/CodeCleaner->clean(Array, false)
#3 C:/Users/hamza/Desktop/PROYECTOS/APP/mightyfitness/fitness-backend/vendor/psy/psysh/src/Shell.php(1465): Psy/Shell->appendCode('echo 'tags='.Ap...', true, false)
#4 C:/Users/hamza/Desktop/PROYECTOS/APP/mightyfitness/fitness-backend/vendor/psy/psysh/src/Shell.php(2173): Psy/Shell->setCode('echo 'tags='.Ap...', true)
#5 C:/Users/hamza/Desktop/PROYECTOS/APP/mightyfitness/fitness-backend/vendor/laravel/tinker/src/Console/TinkerCommand.php(77): Psy/Shell->execute('echo 'tags='.Ap...')
#6 C:/Users/hamza/Desktop/PROYECTOS/APP/mightyfitness/fitness-backend/vendor/laravel/framework/src/Illuminate/Container/BoundMethod.php(36): Laravel/Tinker/Console/TinkerCommand->handle()
#7 C:/Users/hamza/Desktop/PROYECTOS/APP/mightyfitness/fitness-backend/vendor/laravel/framework/src/Illuminate/Container/Util.php(43): Illuminate/Container/BoundMethod::Illuminate/Container/{closure}()
#8 C:/Users/hamza/Desktop/PROYECTOS/APP/mightyfitness/fitness-backend/vendor/laravel/framework/src/Illuminate/Container/BoundMethod.php(95): Illuminate/Container/Util::unwrapIfClosure(Object(Closure))
#9 C:/Users/hamza/Desktop/PROYECTOS/APP/mightyfitness/fitness-backend/vendor/laravel/framework/src/Illuminate/Container/BoundMethod.php(35): Illuminate/Container/BoundMethod::callBoundMethod(Object(Illuminate/Foundation/Application), Array, Object(Closure))
#10 C:/Users/hamza/Desktop/PROYECTOS/APP/mightyfitness/fitness-backend/vendor/laravel/framework/src/Illuminate/Container/Container.php(696): Illuminate/Container/BoundMethod::call(Object(Illuminate/Foundation/Application), Array, Array, NULL)
#11 C:/Users/hamza/Desktop/PROYECTOS/APP/mightyfitness/fitness-backend/vendor/laravel/framework/src/Illuminate/Console/Command.php(213): Illuminate/Container/Container->call(Array)
#12 C:/Users/hamza/Desktop/PROYECTOS/APP/mightyfitness/fitness-backend/vendor/symfony/console/Command/Command.php(341): Illuminate/Console/Command->execute(Object(Symfony/Component/Console/Input/ArgvInput), Object(Illuminate/Console/OutputStyle))
#13 C:/Users/hamza/Desktop/PROYECTOS/APP/mightyfitness/fitness-backend/vendor/laravel/framework/src/Illuminate/Console/Command.php(182): Symfony/Component/Console/Command/Command->run(Object(Symfony/Component/Console/Input/ArgvInput), Object(Illuminate/Console/OutputStyle))
#14 C:/Users/hamza/Desktop/PROYECTOS/APP/mightyfitness/fitness-backend/vendor/symfony/console/Application.php(1117): Illuminate/Console/Command->run(Object(Symfony/Component/Console/Input/ArgvInput), Object(Symfony/Component/Console/Output/ConsoleOutput))
#15 C:/Users/hamza/Desktop/PROYECTOS/APP/mightyfitness/fitness-backend/vendor/symfony/console/Application.php(356): Symfony/Component/Console/Application->doRunCommand(Object(Laravel/Tinker/Console/TinkerCommand), Object(Symfony/Component/Console/Input/ArgvInput), Object(Symfony/Component/Console/Output/ConsoleOutput))
#16 C:/Users/hamza/Desktop/PROYECTOS/APP/mightyfitness/fitness-backend/vendor/symfony/console/Application.php(195): Symfony/Component/Console/Application->doRun(Object(Symfony/Component/Console/Input/ArgvInput), Object(Symfony/Component/Console/Output/ConsoleOutput))
#17 C:/Users/hamza/Desktop/PROYECTOS/APP/mightyfitness/fitness-backend/vendor/laravel/framework/src/Illuminate/Foundation/Console/Kernel.php(198): Symfony/Component/Console/Application->run(Object(Symfony/Component/Console/Input/ArgvInput), Object(Symfony/Component/Console/Output/ConsoleOutput))
#18 C:/Users/hamza/Desktop/PROYECTOS/APP/mightyfitness/fitness-backend/artisan(35): Illuminate/Foundation/Console/Kernel->handle(Object(Symfony/Component/Console/Input/ArgvInput), Object(Symfony/Component/Console/Output/ConsoleOutput))
#19 {main}
"} 
[2026-08-06 18:14:39] local.ERROR: Call to undefined method App\Models\RecipeTag::recipeTagMapping() {"exception":"[object] (BadMethodCallException(code: 0): Call to undefined method App\\Models\\RecipeTag::recipeTagMapping() at C:/Users/hamza/Desktop/PROYECTOS/APP/mightyfitness/fitness-backend/vendor/laravel/framework/src/Illuminate/Support/Traits/ForwardsCalls.php:67)
[stacktrace]
#0 C:/Users/hamza/Desktop/PROYECTOS/APP/mightyfitness/fitness-backend/vendor/laravel/framework/src/Illuminate/Support/Traits/ForwardsCalls.php(36): Illuminate/Database/Eloquent/Model::throwBadMethodCallException('recipeTagMappin...')
#1 C:/Users/hamza/Desktop/PROYECTOS/APP/mightyfitness/fitness-backend/vendor/laravel/framework/src/Illuminate/Database/Eloquent/Model.php(2372): Illuminate/Database/Eloquent/Model->forwardCallTo(Object(Illuminate/Database/Eloquent/Builder), 'recipeTagMappin...', Array)
#2 C:/Users/hamza/Desktop/PROYECTOS/APP/mightyfitness/fitness-backend/vendor/laravel/framework/src/Illuminate/Database/Eloquent/Concerns/QueriesRelationships.php(1046): Illuminate/Database/Eloquent/Model->__call('recipeTagMappin...', Array)
#3 C:/Users/hamza/Desktop/PROYECTOS/APP/mightyfitness/fitness-backend/vendor/laravel/framework/src/Illuminate/Database/Eloquent/Relations/Relation.php(120): Illuminate/Database/Eloquent/Builder->Illuminate/Database/Eloquent/Concerns/{closure}()
#4 C:/Users/hamza/Desktop/PROYECTOS/APP/mightyfitness/fitness-backend/vendor/laravel/framework/src/Illuminate/Database/Eloquent/Concerns/QueriesRelationships.php(1045): Illuminate/Database/Eloquent/Relations/Relation::noConstraints(Object(Closure))
#5 C:/Users/hamza/Desktop/PROYECTOS/APP/mightyfitness/fitness-backend/vendor/laravel/framework/src/Illuminate/Database/Eloquent/Concerns/QueriesRelationships.php(800): Illuminate/Database/Eloquent/Builder->getRelationWithoutConstraints('recipeTagMappin...')
#6 C:/Users/hamza/Desktop/PROYECTOS/APP/mightyfitness/fitness-backend/vendor/laravel/framework/src/Illuminate/Database/Eloquent/Concerns/QueriesRelationships.php(889): Illuminate/Database/Eloquent/Builder->withAggregate(Array, '*', 'count')
#7 C:/Users/hamza/Desktop/PROYECTOS/APP/mightyfitness/fitness-backend/vendor/laravel/framework/src/Illuminate/Support/Traits/ForwardsCalls.php(23): Illuminate/Database/Eloquent/Builder->withCount('recipeTagMappin...')
#8 C:/Users/hamza/Desktop/PROYECTOS/APP/mightyfitness/fitness-backend/vendor/laravel/framework/src/Illuminate/Database/Eloquent/Model.php(2372): Illuminate/Database/Eloquent/Model->forwardCallTo(Object(Illuminate/Database/Eloquent/Builder), 'withCount', Array)
#9 C:/Users/hamza/Desktop/PROYECTOS/APP/mightyfitness/fitness-backend/vendor/laravel/framework/src/Illuminate/Database/Eloquent/Model.php(2384): Illuminate/Database/Eloquent/Model->__call('withCount', Array)
#10 C:/Users/hamza/Desktop/PROYECTOS/APP/mightyfitness/fitness-backend/diag_nutrition.php(7): Illuminate/Database/Eloquent/Model::__callStatic('withCount', Array)
#11 {main}
"} 
[2026-08-06 18:14:48] local.ERROR: Call to undefined method App\Models\RecipeTag::mappings() {"exception":"[object] (BadMethodCallException(code: 0): Call to undefined method App\\Models\\RecipeTag::mappings() at C:/Users/hamza/Desktop/PROYECTOS/APP/mightyfitness/fitness-backend/vendor/laravel/framework/src/Illuminate/Support/Traits/ForwardsCalls.php:67)
[stacktrace]
#0 C:/Users/hamza/Desktop/PROYECTOS/APP/mightyfitness/fitness-backend/vendor/laravel/framework/src/Illuminate/Support/Traits/ForwardsCalls.php(36): Illuminate/Database/Eloquent/Model::throwBadMethodCallException('mappings')
#1 C:/Users/hamza/Desktop/PROYECTOS/APP/mightyfitness/fitness-backend/vendor/laravel/framework/src/Illuminate/Database/Eloquent/Model.php(2372): Illuminate/Database/Eloquent/Model->forwardCallTo(Object(Illuminate/Database/Eloquent/Builder), 'mappings', Array)
#2 C:/Users/hamza/Desktop/PROYECTOS/APP/mightyfitness/fitness-backend/vendor/laravel/framework/src/Illuminate/Database/Eloquent/Concerns/QueriesRelationships.php(1046): Illuminate/Database/Eloquent/Model->__call('mappings', Array)
#3 C:/Users/hamza/Desktop/PROYECTOS/APP/mightyfitness/fitness-backend/vendor/laravel/framework/src/Illuminate/Database/Eloquent/Relations/Relation.php(120): Illuminate/Database/Eloquent/Builder->Illuminate/Database/Eloquent/Concerns/{closure}()
#4 C:/Users/hamza/Desktop/PROYECTOS/APP/mightyfitness/fitness-backend/vendor/laravel/framework/src/Illuminate/Database/Eloquent/Concerns/QueriesRelationships.php(1045): Illuminate/Database/Eloquent/Relations/Relation::noConstraints(Object(Closure))
#5 C:/Users/hamza/Desktop/PROYECTOS/APP/mightyfitness/fitness-backend/vendor/laravel/framework/src/Illuminate/Database/Eloquent/Concerns/QueriesRelationships.php(800): Illuminate/Database/Eloquent/Builder->getRelationWithoutConstraints('mappings')
#6 C:/Users/hamza/Desktop/PROYECTOS/APP/mightyfitness/fitness-backend/vendor/laravel/framework/src/Illuminate/Database/Eloquent/Concerns/QueriesRelationships.php(889): Illuminate/Database/Eloquent/Builder->withAggregate(Array, '*', 'count')
#7 C:/Users/hamza/Desktop/PROYECTOS/APP/mightyfitness/fitness-backend/vendor/laravel/framework/src/Illuminate/Support/Traits/ForwardsCalls.php(23): Illuminate/Database/Eloquent/Builder->withCount('mappings')
#8 C:/Users/hamza/Desktop/PROYECTOS/APP/mightyfitness/fitness-backend/vendor/laravel/framework/src/Illuminate/Database/Eloquent/Model.php(2372): Illuminate/Database/Eloquent/Model->forwardCallTo(Object(Illuminate/Database/Eloquent/Builder), 'withCount', Array)
#9 C:/Users/hamza/Desktop/PROYECTOS/APP/mightyfitness/fitness-backend/vendor/laravel/framework/src/Illuminate/Database/Eloquent/Model.php(2384): Illuminate/Database/Eloquent/Model->__call('withCount', Array)
#10 C:/Users/hamza/Desktop/PROYECTOS/APP/mightyfitness/fitness-backend/diag_nutrition.php(7): Illuminate/Database/Eloquent/Model::__callStatic('withCount', Array)
#11 {main}
"} 
[2026-08-06 18:14:54] local.ERROR: Call to undefined method App\Models\RecipeTag::recipeTagMapping() {"exception":"[object] (BadMethodCallException(code: 0): Call to undefined method App\\Models\\RecipeTag::recipeTagMapping() at C:/Users/hamza/Desktop/PROYECTOS/APP/mightyfitness/fitness-backend/vendor/laravel/framework/src/Illuminate/Support/Traits/ForwardsCalls.php:67)
[stacktrace]
#0 C:/Users/hamza/Desktop/PROYECTOS/APP/mightyfitness/fitness-backend/vendor/laravel/framework/src/Illuminate/Support/Traits/ForwardsCalls.php(36): Illuminate/Database/Eloquent/Model::throwBadMethodCallException('recipeTagMappin...')
#1 C:/Users/hamza/Desktop/PROYECTOS/APP/mightyfitness/fitness-backend/vendor/laravel/framework/src/Illuminate/Database/Eloquent/Model.php(2372): Illuminate/Database/Eloquent/Model->forwardCallTo(Object(Illuminate/Database/Eloquent/Builder), 'recipeTagMappin...', Array)
#2 C:/Users/hamza/Desktop/PROYECTOS/APP/mightyfitness/fitness-backend/vendor/laravel/framework/src/Illuminate/Database/Eloquent/Concerns/QueriesRelationships.php(1046): Illuminate/Database/Eloquent/Model->__call('recipeTagMappin...', Array)
#3 C:/Users/hamza/Desktop/PROYECTOS/APP/mightyfitness/fitness-backend/vendor/laravel/framework/src/Illuminate/Database/Eloquent/Relations/Relation.php(120): Illuminate/Database/Eloquent/Builder->Illuminate/Database/Eloquent/Concerns/{closure}()
#4 C:/Users/hamza/Desktop/PROYECTOS/APP/mightyfitness/fitness-backend/vendor/laravel/framework/src/Illuminate/Database/Eloquent/Concerns/QueriesRelationships.php(1045): Illuminate/Database/Eloquent/Relations/Relation::noConstraints(Object(Closure))
#5 C:/Users/hamza/Desktop/PROYECTOS/APP/mightyfitness/fitness-backend/vendor/laravel/framework/src/Illuminate/Database/Eloquent/Concerns/QueriesRelationships.php(800): Illuminate/Database/Eloquent/Builder->getRelationWithoutConstraints('recipeTagMappin...')
#6 C:/Users/hamza/Desktop/PROYECTOS/APP/mightyfitness/fitness-backend/vendor/laravel/framework/src/Illuminate/Database/Eloquent/Concerns/QueriesRelationships.php(889): Illuminate/Database/Eloquent/Builder->withAggregate(Array, '*', 'count')
#7 C:/Users/hamza/Desktop/PROYECTOS/APP/mightyfitness/fitness-backend/vendor/laravel/framework/src/Illuminate/Support/Traits/ForwardsCalls.php(23): Illuminate/Database/Eloquent/Builder->withCount(Array)
#8 C:/Users/hamza/Desktop/PROYECTOS/APP/mightyfitness/fitness-backend/vendor/laravel/framework/src/Illuminate/Database/Eloquent/Model.php(2372): Illuminate/Database/Eloquent/Model->forwardCallTo(Object(Illuminate/Database/Eloquent/Builder), 'withCount', Array)
#9 C:/Users/hamza/Desktop/PROYECTOS/APP/mightyfitness/fitness-backend/vendor/laravel/framework/src/Illuminate/Database/Eloquent/Model.php(2384): Illuminate/Database/Eloquent/Model->__call('withCount', Array)
#10 C:/Users/hamza/Desktop/PROYECTOS/APP/mightyfitness/fitness-backend/diag_nutrition.php(7): Illuminate/Database/Eloquent/Model::__callStatic('withCount', Array)
#11 {main}
"} 
[2026-08-06 18:26:07] local.ERROR: SQLSTATE[42S22]: Column not found: 1054 Unknown column 'workout_day_id' in 'where clause' (Connection: mysql, SQL: select count(*) as aggregate from `user_exercises` where `user_id` = 8 and `workout_id` is not null and `workout_day_id` is not null) {"userId":8,"exception":"[object] (Illuminate\\Database\\QueryException(code: 42S22): SQLSTATE[42S22]: Column not found: 1054 Unknown column 'workout_day_id' in 'where clause' (Connection: mysql, SQL: select count(*) as aggregate from `user_exercises` where `user_id` = 8 and `workout_id` is not null and `workout_day_id` is not null) at C:/Users/hamza/Desktop/PROYECTOS/APP/mightyfitness/fitness-backend/vendor/laravel/framework/src/Illuminate/Database/Connection.php:825)
[stacktrace]
#0 C:/Users/hamza/Desktop/PROYECTOS/APP/mightyfitness/fitness-backend/vendor/laravel/framework/src/Illuminate/Database/Connection.php(779): Illuminate/Database/Connection->runQueryCallback('select count(*)...', Array, Object(Closure))
#1 C:/Users/hamza/Desktop/PROYECTOS/APP/mightyfitness/fitness-backend/vendor/laravel/framework/src/Illuminate/Database/Connection.php(398): Illuminate/Database/Connection->run('select count(*)...', Array, Object(Closure))
#2 C:/Users/hamza/Desktop/PROYECTOS/APP/mightyfitness/fitness-backend/vendor/laravel/framework/src/Illuminate/Database/Query/Builder.php(3106): Illuminate/Database/Connection->select('select count(*)...', Array, true)
#3 C:/Users/hamza/Desktop/PROYECTOS/APP/mightyfitness/fitness-backend/vendor/laravel/framework/src/Illuminate/Database/Query/Builder.php(3091): Illuminate/Database/Query/Builder->runSelect()
#4 C:/Users/hamza/Desktop/PROYECTOS/APP/mightyfitness/fitness-backend/vendor/laravel/framework/src/Illuminate/Database/Query/Builder.php(3676): Illuminate/Database/Query/Builder->Illuminate/Database/Query/{closure}()
#5 C:/Users/hamza/Desktop/PROYECTOS/APP/mightyfitness/fitness-backend/vendor/laravel/framework/src/Illuminate/Database/Query/Builder.php(3090): Illuminate/Database/Query/Builder->onceWithColumns(Array, Object(Closure))
#6 C:/Users/hamza/Desktop/PROYECTOS/APP/mightyfitness/fitness-backend/vendor/laravel/framework/src/Illuminate/Database/Query/Builder.php(3285): Illuminate/Database/Query/Builder->get()
#7 C:/Users/hamza/Desktop/PROYECTOS/APP/mightyfitness/fitness-backend/vendor/laravel/framework/src/Illuminate/Database/Query/Builder.php(3244): Illuminate/Database/Query/Builder->runPaginationCountQuery(Array)
#8 C:/Users/hamza/Desktop/PROYECTOS/APP/mightyfitness/fitness-backend/vendor/laravel/framework/src/Illuminate/Database/Eloquent/Builder.php(1029): Illuminate/Database/Query/Builder->getCountForPagination()
#9 C:/Users/hamza/Desktop/PROYECTOS/APP/mightyfitness/fitness-backend/app/Http/Controllers/API/V1/WorkoutController.php(129): Illuminate/Database/Eloquent/Builder->paginate(10)
#10 C:/Users/hamza/Desktop/PROYECTOS/APP/mightyfitness/fitness-backend/vendor/laravel/framework/src/Illuminate/Routing/Controller.php(54): App/Http/Controllers/API/V1/WorkoutController->getUserWorkoutExercise(Object(Illuminate/Http/Request))
#11 C:/Users/hamza/Desktop/PROYECTOS/APP/mightyfitness/fitness-backend/vendor/laravel/framework/src/Illuminate/Routing/ControllerDispatcher.php(44): Illuminate/Routing/Controller->callAction('getUserWorkoutE...', Array)
#12 C:/Users/hamza/Desktop/PROYECTOS/APP/mightyfitness/fitness-backend/vendor/laravel/framework/src/Illuminate/Routing/Route.php(266): Illuminate/Routing/ControllerDispatcher->dispatch(Object(Illuminate/Routing/Route), Object(App/Http/Controllers/API/V1/WorkoutController), 'getUserWorkoutE...')
#13 C:/Users/hamza/Desktop/PROYECTOS/APP/mightyfitness/fitness-backend/vendor/laravel/framework/src/Illuminate/Routing/Route.php(212): Illuminate/Routing/Route->runController()
#14 C:/Users/hamza/Desktop/PROYECTOS/APP/mightyfitness/fitness-backend/vendor/laravel/framework/src/Illuminate/Routing/Router.php(808): Illuminate/Routing/Route->run()
#15 C:/Users/hamza/Desktop/PROYECTOS/APP/mightyfitness/fitness-backend/vendor/laravel/framework/src/Illuminate/Pipeline/Pipeline.php(170): Illuminate/Routing/Router->Illuminate/Routing/{closure}(Object(Illuminate/Http/Request))
#16 C:/Users/hamza/Desktop/PROYECTOS/APP/mightyfitness/fitness-backend/app/Http/Middleware/API/CheckUserStatus.php(26): Illuminate/Pipeline/Pipeline->Illuminate/Pipeline/{closure}(Object(Illuminate/Http/Request))
#17 C:/Users/hamza/Desktop/PROYECTOS/APP/mightyfitness/fitness-backend/vendor/laravel/framework/src/Illuminate/Pipeline/Pipeline.php(209): App/Http/Middleware/API/CheckUserStatus->handle(Object(Illuminate/Http/Request), Object(Closure))
#18 C:/Users/hamza/Desktop/PROYECTOS/APP/mightyfitness/fitness-backend/vendor/laravel/framework/src/Illuminate/Routing/Middleware/SubstituteBindings.php(51): Illuminate/Pipeline/Pipeline->Illuminate/Pipeline/{closure}(Object(Illuminate/Http/Request))
#19 C:/Users/hamza/Desktop/PROYECTOS/APP/mightyfitness/fitness-backend/vendor/laravel/framework/src/Illuminate/Pipeline/Pipeline.php(209): Illuminate/Routing/Middleware/SubstituteBindings->handle(Object(Illuminate/Http/Request), Object(Closure))
#20 C:/Users/hamza/Desktop/PROYECTOS/APP/mightyfitness/fitness-backend/vendor/laravel/framework/src/Illuminate/Routing/Middleware/ThrottleRequests.php(161): Illuminate/Pipeline/Pipeline->Illuminate/Pipeline/{closure}(Object(Illuminate/Http/Request))
#21 C:/Users/hamza/Desktop/PROYECTOS/APP/mightyfitness/fitness-backend/vendor/laravel/framework/src/Illuminate/Routing/Middleware/ThrottleRequests.php(127): Illuminate/Routing/Middleware/ThrottleRequests->handleRequest(Object(Illuminate/Http/Request), Object(Closure), Array)
#22 C:/Users/hamza/Desktop/PROYECTOS/APP/mightyfitness/fitness-backend/vendor/laravel/framework/src/Illuminate/Routing/Middleware/ThrottleRequests.php(89): Illuminate/Routing/Middleware/ThrottleRequests->handleRequestUsingNamedLimiter(Object(Illuminate/Http/Request), Object(Closure), 'api', Object(Closure))
#23 C:/Users/hamza/Desktop/PROYECTOS/APP/mightyfitness/fitness-backend/vendor/laravel/framework/src/Illuminate/Pipeline/Pipeline.php(209): Illuminate/Routing/Middleware/ThrottleRequests->handle(Object(Illuminate/Http/Request), Object(Closure), 'api')
#24 C:/Users/hamza/Desktop/PROYECTOS/APP/mightyfitness/fitness-backend/vendor/laravel/framework/src/Illuminate/Auth/Middleware/Authenticate.php(64): Illuminate/Pipeline/Pipeline->Illuminate/Pipeline/{closure}(Object(Illuminate/Http/Request))
#25 C:/Users/hamza/Desktop/PROYECTOS/APP/mightyfitness/fitness-backend/vendor/laravel/framework/src/Illuminate/Pipeline/Pipeline.php(209): Illuminate/Auth/Middleware/Authenticate->handle(Object(Illuminate/Http/Request), Object(Closure), 'sanctum')
#26 C:/Users/hamza/Desktop/PROYECTOS/APP/mightyfitness/fitness-backend/vendor/laravel/framework/src/Illuminate/Pipeline/Pipeline.php(127): Illuminate/Pipeline/Pipeline->Illuminate/Pipeline/{closure}(Object(Illuminate/Http/Request))
#27 C:/Users/hamza/Desktop/PROYECTOS/APP/mightyfitness/fitness-backend/vendor/laravel/framework/src/Illuminate/Routing/Router.php(807): Illuminate/Pipeline/Pipeline->then(Object(Closure))
#28 C:/Users/hamza/Desktop/PROYECTOS/APP/mightyfitness/fitness-backend/vendor/laravel/framework/src/Illuminate/Routing/Router.php(786): Illuminate/Routing/Router->runRouteWithinStack(Object(Illuminate/Routing/Route), Object(Illuminate/Http/Request))
#29 C:/Users/hamza/Desktop/PROYECTOS/APP/mightyfitness/fitness-backend/vendor/laravel/framework/src/Illuminate/Routing/Router.php(750): Illuminate/Routing/Router->runRoute(Object(Illuminate/Http/Request), Object(Illuminate/Routing/Route))
#30 C:/Users/hamza/Desktop/PROYECTOS/APP/mightyfitness/fitness-backend/vendor/laravel/framework/src/Illuminate/Routing/Router.php(739): Illuminate/Routing/Router->dispatchToRoute(Object(Illuminate/Http/Request))
#31 C:/Users/hamza/Desktop/PROYECTOS/APP/mightyfitness/fitness-backend/vendor/laravel/framework/src/Illuminate/Foundation/Http/Kernel.php(201): Illuminate/Routing/Router->dispatch(Object(Illuminate/Http/Request))
#32 C:/Users/hamza/Desktop/PROYECTOS/APP/mightyfitness/fitness-backend/vendor/laravel/framework/src/Illuminate/Pipeline/Pipeline.php(170): Illuminate/Foundation/Http/Kernel->Illuminate/Foundation/Http/{closure}(Object(Illuminate/Http/Request))
#33 C:/Users/hamza/Desktop/PROYECTOS/APP/mightyfitness/fitness-backend/vendor/livewire/livewire/src/Features/SupportDisablingBackButtonCache/DisableBackButtonCacheMiddleware.php(19): Illuminate/Pipeline/Pipeline->Illuminate/Pipeline/{closure}(Object(Illuminate/Http/Request))
#34 C:/Users/hamza/Desktop/PROYECTOS/APP/mightyfitness/fitness-backend/vendor/laravel/framework/src/Illuminate/Pipeline/Pipeline.php(209): Livewire/Features/SupportDisablingBackButtonCache/DisableBackButtonCacheMiddleware->handle(Object(Illuminate/Http/Request), Object(Closure))
#35 C:/Users/hamza/Desktop/PROYECTOS/APP/mightyfitness/fitness-backend/vendor/laravel/framework/src/Illuminate/Foundation/Http/Middleware/TransformsRequest.php(21): Illuminate/Pipeline/Pipeline->Illuminate/Pipeline/{closure}(Object(Illuminate/Http/Request))
#36 C:/Users/hamza/Desktop/PROYECTOS/APP/mightyfitness/fitness-backend/vendor/laravel/framework/src/Illuminate/Foundation/Http/Middleware/ConvertEmptyStringsToNull.php(31): Illuminate/Foundation/Http/Middleware/TransformsRequest->handle(Object(Illuminate/Http/Request), Object(Closure))
#37 C:/Users/hamza/Desktop/PROYECTOS/APP/mightyfitness/fitness-backend/vendor/laravel/framework/src/Illuminate/Pipeline/Pipeline.php(209): Illuminate/Foundation/Http/Middleware/ConvertEmptyStringsToNull->handle(Object(Illuminate/Http/Request), Object(Closure))
#38 C:/Users/hamza/Desktop/PROYECTOS/APP/mightyfitness/fitness-backend/vendor/laravel/framework/src/Illuminate/Foundation/Http/Middleware/TransformsRequest.php(21): Illuminate/Pipeline/Pipeline->Illuminate/Pipeline/{closure}(Object(Illuminate/Http/Request))
#39 C:/Users/hamza/Desktop/PROYECTOS/APP/mightyfitness/fitness-backend/vendor/laravel/framework/src/Illuminate/Foundation/Http/Middleware/TrimStrings.php(51): Illuminate/Foundation/Http/Middleware/TransformsRequest->handle(Object(Illuminate/Http/Request), Object(Closure))
#40 C:/Users/hamza/Desktop/PROYECTOS/APP/mightyfitness/fitness-backend/vendor/laravel/framework/src/Illuminate/Pipeline/Pipeline.php(209): Illuminate/Foundation/Http/Middleware/TrimStrings->handle(Object(Illuminate/Http/Request), Object(Closure))
#41 C:/Users/hamza/Desktop/PROYECTOS/APP/mightyfitness/fitness-backend/vendor/laravel/framework/src/Illuminate/Http/Middleware/ValidatePostSize.php(27): Illuminate/Pipeline/Pipeline->Illuminate/Pipeline/{closure}(Object(Illuminate/Http/Request))
#42 C:/Users/hamza/Desktop/PROYECTOS/APP/mightyfitness/fitness-backend/vendor/laravel/framework/src/Illuminate/Pipeline/Pipeline.php(209): Illuminate/Http/Middleware/ValidatePostSize->handle(Object(Illuminate/Http/Request), Object(Closure))
#43 C:/Users/hamza/Desktop/PROYECTOS/APP/mightyfitness/fitness-backend/vendor/laravel/framework/src/Illuminate/Foundation/Http/Middleware/PreventRequestsDuringMaintenance.php(110): Illuminate/Pipeline/Pipeline->Illuminate/Pipeline/{closure}(Object(Illuminate/Http/Request))
#44 C:/Users/hamza/Desktop/PROYECTOS/APP/mightyfitness/fitness-backend/vendor/laravel/framework/src/Illuminate/Pipeline/Pipeline.php(209): Illuminate/Foundation/Http/Middleware/PreventRequestsDuringMaintenance->handle(Object(Illuminate/Http/Request), Object(Closure))
#45 C:/Users/hamza/Desktop/PROYECTOS/APP/mightyfitness/fitness-backend/vendor/laravel/framework/src/Illuminate/Http/Middleware/HandleCors.php(62): Illuminate/Pipeline/Pipeline->Illuminate/Pipeline/{closure}(Object(Illuminate/Http/Request))
#46 C:/Users/hamza/Desktop/PROYECTOS/APP/mightyfitness/fitness-backend/vendor/laravel/framework/src/Illuminate/Pipeline/Pipeline.php(209): Illuminate/Http/Middleware/HandleCors->handle(Object(Illuminate/Http/Request), Object(Closure))
#47 C:/Users/hamza/Desktop/PROYECTOS/APP/mightyfitness/fitness-backend/vendor/laravel/framework/src/Illuminate/Pipeline/Pipeline.php(127): Illuminate/Pipeline/Pipeline->Illuminate/Pipeline/{closure}(Object(Illuminate/Http/Request))
#48 C:/Users/hamza/Desktop/PROYECTOS/APP/mightyfitness/fitness-backend/vendor/laravel/framework/src/Illuminate/Foundation/Http/Kernel.php(176): Illuminate/Pipeline/Pipeline->then(Object(Closure))
#49 C:/Users/hamza/Desktop/PROYECTOS/APP/mightyfitness/fitness-backend/vendor/laravel/framework/src/Illuminate/Foundation/Http/Kernel.php(145): Illuminate/Foundation/Http/Kernel->sendRequestThroughRouter(Object(Illuminate/Http/Request))
#50 C:/Users/hamza/Desktop/PROYECTOS/APP/mightyfitness/fitness-backend/public/index.php(51): Illuminate/Foundation/Http/Kernel->handle(Object(Illuminate/Http/Request))
#51 C:/Users/hamza/Desktop/PROYECTOS/APP/mightyfitness/fitness-backend/server.php(21): require_once('C://Users//hamza//...')
#52 {main}

[previous exception] [object] (PDOException(code: 42S22): SQLSTATE[42S22]: Column not found: 1054 Unknown column 'workout_day_id' in 'where clause' at C:/Users/hamza/Desktop/PROYECTOS/APP/mightyfitness/fitness-backend/vendor/laravel/framework/src/Illuminate/Database/Connection.php:407)
[stacktrace]
#0 C:/Users/hamza/Desktop/PROYECTOS/APP/mightyfitness/fitness-backend/vendor/laravel/framework/src/Illuminate/Database/Connection.php(407): PDO->prepare('select count(*)...')
#1 C:/Users/hamza/Desktop/PROYECTOS/APP/mightyfitness/fitness-backend/vendor/laravel/framework/src/Illuminate/Database/Connection.php(812): Illuminate/Database/Connection->Illuminate/Database/{closure}('select count(*)...', Array)
#2 C:/Users/hamza/Desktop/PROYECTOS/APP/mightyfitness/fitness-backend/vendor/laravel/framework/src/Illuminate/Database/Connection.php(779): Illuminate/Database/Connection->runQueryCallback('select count(*)...', Array, Object(Closure))
#3 C:/Users/hamza/Desktop/PROYECTOS/APP/mightyfitness/fitness-backend/vendor/laravel/framework/src/Illuminate/Database/Connection.php(398): Illuminate/Database/Connection->run('select count(*)...', Array, Object(Closure))
#4 C:/Users/hamza/Desktop/PROYECTOS/APP/mightyfitness/fitness-backend/vendor/laravel/framework/src/Illuminate/Database/Query/Builder.php(3106): Illuminate/Database/Connection->select('select count(*)...', Array, true)
#5 C:/Users/hamza/Desktop/PROYECTOS/APP/mightyfitness/fitness-backend/vendor/laravel/framework/src/Illuminate/Database/Query/Builder.php(3091): Illuminate/Database/Query/Builder->runSelect()
#6 C:/Users/hamza/Desktop/PROYECTOS/APP/mightyfitness/fitness-backend/vendor/laravel/framework/src/Illuminate/Database/Query/Builder.php(3676): Illuminate/Database/Query/Builder->Illuminate/Database/Query/{closure}()
#7 C:/Users/hamza/Desktop/PROYECTOS/APP/mightyfitness/fitness-backend/vendor/laravel/framework/src/Illuminate/Database/Query/Builder.php(3090): Illuminate/Database/Query/Builder->onceWithColumns(Array, Object(Closure))
#8 C:/Users/hamza/Desktop/PROYECTOS/APP/mightyfitness/fitness-backend/vendor/laravel/framework/src/Illuminate/Database/Query/Builder.php(3285): Illuminate/Database/Query/Builder->get()
#9 C:/Users/hamza/Desktop/PROYECTOS/APP/mightyfitness/fitness-backend/vendor/laravel/framework/src/Illuminate/Database/Query/Builder.php(3244): Illuminate/Database/Query/Builder->runPaginationCountQuery(Array)
#10 C:/Users/hamza/Desktop/PROYECTOS/APP/mightyfitness/fitness-backend/vendor/laravel/framework/src/Illuminate/Database/Eloquent/Builder.php(1029): Illuminate/Database/Query/Builder->getCountForPagination()
#11 C:/Users/hamza/Desktop/PROYECTOS/APP/mightyfitness/fitness-backend/app/Http/Controllers/API/V1/WorkoutController.php(129): Illuminate/Database/Eloquent/Builder->paginate(10)
#12 C:/Users/hamza/Desktop/PROYECTOS/APP/mightyfitness/fitness-backend/vendor/laravel/framework/src/Illuminate/Routing/Controller.php(54): App/Http/Controllers/API/V1/WorkoutController->getUserWorkoutExercise(Object(Illuminate/Http/Request))
#13 C:/Users/hamza/Desktop/PROYECTOS/APP/mightyfitness/fitness-backend/vendor/laravel/framework/src/Illuminate/Routing/ControllerDispatcher.php(44): Illuminate/Routing/Controller->callAction('getUserWorkoutE...', Array)
#14 C:/Users/hamza/Desktop/PROYECTOS/APP/mightyfitness/fitness-backend/vendor/laravel/framework/src/Illuminate/Routing/Route.php(266): Illuminate/Routing/ControllerDispatcher->dispatch(Object(Illuminate/Routing/Route), Object(App/Http/Controllers/API/V1/WorkoutController), 'getUserWorkoutE...')
#15 C:/Users/hamza/Desktop/PROYECTOS/APP/mightyfitness/fitness-backend/vendor/laravel/framework/src/Illuminate/Routing/Route.php(212): Illuminate/Routing/Route->runController()
#16 C:/Users/hamza/Desktop/PROYECTOS/APP/mightyfitness/fitness-backend/vendor/laravel/framework/src/Illuminate/Routing/Router.php(808): Illuminate/Routing/Route->run()
#17 C:/Users/hamza/Desktop/PROYECTOS/APP/mightyfitness/fitness-backend/vendor/laravel/framework/src/Illuminate/Pipeline/Pipeline.php(170): Illuminate/Routing/Router->Illuminate/Routing/{closure}(Object(Illuminate/Http/Request))
#18 C:/Users/hamza/Desktop/PROYECTOS/APP/mightyfitness/fitness-backend/app/Http/Middleware/API/CheckUserStatus.php(26): Illuminate/Pipeline/Pipeline->Illuminate/Pipeline/{closure}(Object(Illuminate/Http/Request))
#19 C:/Users/hamza/Desktop/PROYECTOS/APP/mightyfitness/fitness-backend/vendor/laravel/framework/src/Illuminate/Pipeline/Pipeline.php(209): App/Http/Middleware/API/CheckUserStatus->handle(Object(Illuminate/Http/Request), Object(Closure))
#20 C:/Users/hamza/Desktop/PROYECTOS/APP/mightyfitness/fitness-backend/vendor/laravel/framework/src/Illuminate/Routing/Middleware/SubstituteBindings.php(51): Illuminate/Pipeline/Pipeline->Illuminate/Pipeline/{closure}(Object(Illuminate/Http/Request))
#21 C:/Users/hamza/Desktop/PROYECTOS/APP/mightyfitness/fitness-backend/vendor/laravel/framework/src/Illuminate/Pipeline/Pipeline.php(209): Illuminate/Routing/Middleware/SubstituteBindings->handle(Object(Illuminate/Http/Request), Object(Closure))
#22 C:/Users/hamza/Desktop/PROYECTOS/APP/mightyfitness/fitness-backend/vendor/laravel/framework/src/Illuminate/Routing/Middleware/ThrottleRequests.php(161): Illuminate/Pipeline/Pipeline->Illuminate/Pipeline/{closure}(Object(Illuminate/Http/Request))
#23 C:/Users/hamza/Desktop/PROYECTOS/APP/mightyfitness/fitness-backend/vendor/laravel/framework/src/Illuminate/Routing/Middleware/ThrottleRequests.php(127): Illuminate/Routing/Middleware/ThrottleRequests->handleRequest(Object(Illuminate/Http/Request), Object(Closure), Array)
#24 C:/Users/hamza/Desktop/PROYECTOS/APP/mightyfitness/fitness-backend/vendor/laravel/framework/src/Illuminate/Routing/Middleware/ThrottleRequests.php(89): Illuminate/Routing/Middleware/ThrottleRequests->handleRequestUsingNamedLimiter(Object(Illuminate/Http/Request), Object(Closure), 'api', Object(Closure))
#25 C:/Users/hamza/Desktop/PROYECTOS/APP/mightyfitness/fitness-backend/vendor/laravel/framework/src/Illuminate/Pipeline/Pipeline.php(209): Illuminate/Routing/Middleware/ThrottleRequests->handle(Object(Illuminate/Http/Request), Object(Closure), 'api')
#26 C:/Users/hamza/Desktop/PROYECTOS/APP/mightyfitness/fitness-backend/vendor/laravel/framework/src/Illuminate/Auth/Middleware/Authenticate.php(64): Illuminate/Pipeline/Pipeline->Illuminate/Pipeline/{closure}(Object(Illuminate/Http/Request))
#27 C:/Users/hamza/Desktop/PROYECTOS/APP/mightyfitness/fitness-backend/vendor/laravel/framework/src/Illuminate/Pipeline/Pipeline.php(209): Illuminate/Auth/Middleware/Authenticate->handle(Object(Illuminate/Http/Request), Object(Closure), 'sanctum')
#28 C:/Users/hamza/Desktop/PROYECTOS/APP/mightyfitness/fitness-backend/vendor/laravel/framework/src/Illuminate/Pipeline/Pipeline.php(127): Illuminate/Pipeline/Pipeline->Illuminate/Pipeline/{closure}(Object(Illuminate/Http/Request))
#29 C:/Users/hamza/Desktop/PROYECTOS/APP/mightyfitness/fitness-backend/vendor/laravel/framework/src/Illuminate/Routing/Router.php(807): Illuminate/Pipeline/Pipeline->then(Object(Closure))
#30 C:/Users/hamza/Desktop/PROYECTOS/APP/mightyfitness/fitness-backend/vendor/laravel/framework/src/Illuminate/Routing/Router.php(786): Illuminate/Routing/Router->runRouteWithinStack(Object(Illuminate/Routing/Route), Object(Illuminate/Http/Request))
#31 C:/Users/hamza/Desktop/PROYECTOS/APP/mightyfitness/fitness-backend/vendor/laravel/framework/src/Illuminate/Routing/Router.php(750): Illuminate/Routing/Router->runRoute(Object(Illuminate/Http/Request), Object(Illuminate/Routing/Route))
#32 C:/Users/hamza/Desktop/PROYECTOS/APP/mightyfitness/fitness-backend/vendor/laravel/framework/src/Illuminate/Routing/Router.php(739): Illuminate/Routing/Router->dispatchToRoute(Object(Illuminate/Http/Request))
#33 C:/Users/hamza/Desktop/PROYECTOS/APP/mightyfitness/fitness-backend/vendor/laravel/framework/src/Illuminate/Foundation/Http/Kernel.php(201): Illuminate/Routing/Router->dispatch(Object(Illuminate/Http/Request))
#34 C:/Users/hamza/Desktop/PROYECTOS/APP/mightyfitness/fitness-backend/vendor/laravel/framework/src/Illuminate/Pipeline/Pipeline.php(170): Illuminate/Foundation/Http/Kernel->Illuminate/Foundation/Http/{closure}(Object(Illuminate/Http/Request))
#35 C:/Users/hamza/Desktop/PROYECTOS/APP/mightyfitness/fitness-backend/vendor/livewire/livewire/src/Features/SupportDisablingBackButtonCache/DisableBackButtonCacheMiddleware.php(19): Illuminate/Pipeline/Pipeline->Illuminate/Pipeline/{closure}(Object(Illuminate/Http/Request))
#36 C:/Users/hamza/Desktop/PROYECTOS/APP/mightyfitness/fitness-backend/vendor/laravel/framework/src/Illuminate/Pipeline/Pipeline.php(209): Livewire/Features/SupportDisablingBackButtonCache/DisableBackButtonCacheMiddleware->handle(Object(Illuminate/Http/Request), Object(Closure))
#37 C:/Users/hamza/Desktop/PROYECTOS/APP/mightyfitness/fitness-backend/vendor/laravel/framework/src/Illuminate/Foundation/Http/Middleware/TransformsRequest.php(21): Illuminate/Pipeline/Pipeline->Illuminate/Pipeline/{closure}(Object(Illuminate/Http/Request))
#38 C:/Users/hamza/Desktop/PROYECTOS/APP/mightyfitness/fitness-backend/vendor/laravel/framework/src/Illuminate/Foundation/Http/Middleware/ConvertEmptyStringsToNull.php(31): Illuminate/Foundation/Http/Middleware/TransformsRequest->handle(Object(Illuminate/Http/Request), Object(Closure))
#39 C:/Users/hamza/Desktop/PROYECTOS/APP/mightyfitness/fitness-backend/vendor/laravel/framework/src/Illuminate/Pipeline/Pipeline.php(209): Illuminate/Foundation/Http/Middleware/ConvertEmptyStringsToNull->handle(Object(Illuminate/Http/Request), Object(Closure))
#40 C:/Users/hamza/Desktop/PROYECTOS/APP/mightyfitness/fitness-backend/vendor/laravel/framework/src/Illuminate/Foundation/Http/Middleware/TransformsRequest.php(21): Illuminate/Pipeline/Pipeline->Illuminate/Pipeline/{closure}(Object(Illuminate/Http/Request))
#41 C:/Users/hamza/Desktop/PROYECTOS/APP/mightyfitness/fitness-backend/vendor/laravel/framework/src/Illuminate/Foundation/Http/Middleware/TrimStrings.php(51): Illuminate/Foundation/Http/Middleware/TransformsRequest->handle(Object(Illuminate/Http/Request), Object(Closure))
#42 C:/Users/hamza/Desktop/PROYECTOS/APP/mightyfitness/fitness-backend/vendor/laravel/framework/src/Illuminate/Pipeline/Pipeline.php(209): Illuminate/Foundation/Http/Middleware/TrimStrings->handle(Object(Illuminate/Http/Request), Object(Closure))
#43 C:/Users/hamza/Desktop/PROYECTOS/APP/mightyfitness/fitness-backend/vendor/laravel/framework/src/Illuminate/Http/Middleware/ValidatePostSize.php(27): Illuminate/Pipeline/Pipeline->Illuminate/Pipeline/{closure}(Object(Illuminate/Http/Request))
#44 C:/Users/hamza/Desktop/PROYECTOS/APP/mightyfitness/fitness-backend/vendor/laravel/framework/src/Illuminate/Pipeline/Pipeline.php(209): Illuminate/Http/Middleware/ValidatePostSize->handle(Object(Illuminate/Http/Request), Object(Closure))
#45 C:/Users/hamza/Desktop/PROYECTOS/APP/mightyfitness/fitness-backend/vendor/laravel/framework/src/Illuminate/Foundation/Http/Middleware/PreventRequestsDuringMaintenance.php(110): Illuminate/Pipeline/Pipeline->Illuminate/Pipeline/{closure}(Object(Illuminate/Http/Request))
#46 C:/Users/hamza/Desktop/PROYECTOS/APP/mightyfitness/fitness-backend/vendor/laravel/framework/src/Illuminate/Pipeline/Pipeline.php(209): Illuminate/Foundation/Http/Middleware/PreventRequestsDuringMaintenance->handle(Object(Illuminate/Http/Request), Object(Closure))
#47 C:/Users/hamza/Desktop/PROYECTOS/APP/mightyfitness/fitness-backend/vendor/laravel/framework/src/Illuminate/Http/Middleware/HandleCors.php(62): Illuminate/Pipeline/Pipeline->Illuminate/Pipeline/{closure}(Object(Illuminate/Http/Request))
#48 C:/Users/hamza/Desktop/PROYECTOS/APP/mightyfitness/fitness-backend/vendor/laravel/framework/src/Illuminate/Pipeline/Pipeline.php(209): Illuminate/Http/Middleware/HandleCors->handle(Object(Illuminate/Http/Request), Object(Closure))
#49 C:/Users/hamza/Desktop/PROYECTOS/APP/mightyfitness/fitness-backend/vendor/laravel/framework/src/Illuminate/Pipeline/Pipeline.php(127): Illuminate/Pipeline/Pipeline->Illuminate/Pipeline/{closure}(Object(Illuminate/Http/Request))
#50 C:/Users/hamza/Desktop/PROYECTOS/APP/mightyfitness/fitness-backend/vendor/laravel/framework/src/Illuminate/Foundation/Http/Kernel.php(176): Illuminate/Pipeline/Pipeline->then(Object(Closure))
#51 C:/Users/hamza/Desktop/PROYECTOS/APP/mightyfitness/fitness-backend/vendor/laravel/framework/src/Illuminate/Foundation/Http/Kernel.php(145): Illuminate/Foundation/Http/Kernel->sendRequestThroughRouter(Object(Illuminate/Http/Request))
#52 C:/Users/hamza/Desktop/PROYECTOS/APP/mightyfitness/fitness-backend/public/index.php(51): Illuminate/Foundation/Http/Kernel->handle(Object(Illuminate/Http/Request))
#53 C:/Users/hamza/Desktop/PROYECTOS/APP/mightyfitness/fitness-backend/server.php(21): require_once('C://Users//hamza//...')
#54 {main}
"} 
[2026-08-06 18:32:59] local.ERROR: 9 arguments are required, 8 given {"exception":"[object] (ArgumentCountError(code: 0): 9 arguments are required, 8 given at C:/Users/hamza/Desktop/PROYECTOS/APP/mightyfitness/fitness-backend/diag4.php:10)
[stacktrace]
#0 C:/Users/hamza/Desktop/PROYECTOS/APP/mightyfitness/fitness-backend/diag4.php(10): printf('%4d | %-28s | c...', 368, 'Sal', 2, 0.0, 0.0, 0.0, 0.0)
#1 {main}
"} 
[2026-08-06 18:46:14] local.ERROR: An email must have a "From" or a "Sender" header. {"userId":2,"exception":"[object] (Symfony\\Component\\Mime\\Exception\\LogicException(code: 0): An email must have a \"From\" or a \"Sender\" header. at C:/Users/hamza/Desktop/PROYECTOS/APP/mightyfitness/fitness-backend/vendor/symfony/mime/Message.php:132)
[stacktrace]
#0 C:/Users/hamza/Desktop/PROYECTOS/APP/mightyfitness/fitness-backend/vendor/symfony/mime/Email.php(399): Symfony/Component/Mime/Message->ensureValidity()
#1 C:/Users/hamza/Desktop/PROYECTOS/APP/mightyfitness/fitness-backend/vendor/symfony/mailer/SentMessage.php(34): Symfony/Component/Mime/Email->ensureValidity()
#2 C:/Users/hamza/Desktop/PROYECTOS/APP/mightyfitness/fitness-backend/vendor/symfony/mailer/Transport/AbstractTransport.php(68): Symfony/Component/Mailer/SentMessage->__construct(Object(Symfony/Component/Mime/Email), Object(Symfony/Component/Mailer/DelayedEnvelope))
#3 C:/Users/hamza/Desktop/PROYECTOS/APP/mightyfitness/fitness-backend/vendor/symfony/mailer/Transport/Smtp/SmtpTransport.php(138): Symfony/Component/Mailer/Transport/AbstractTransport->send(Object(Symfony/Component/Mime/Email), Object(Symfony/Component/Mailer/DelayedEnvelope))
#4 C:/Users/hamza/Desktop/PROYECTOS/APP/mightyfitness/fitness-backend/vendor/laravel/framework/src/Illuminate/Mail/Mailer.php(585): Symfony/Component/Mailer/Transport/Smtp/SmtpTransport->send(Object(Symfony/Component/Mime/Email), Object(Symfony/Component/Mailer/DelayedEnvelope))
#5 C:/Users/hamza/Desktop/PROYECTOS/APP/mightyfitness/fitness-backend/vendor/laravel/framework/src/Illuminate/Mail/Mailer.php(332): Illuminate/Mail/Mailer->sendSymfonyMessage(Object(Symfony/Component/Mime/Email))
#6 C:/Users/hamza/Desktop/PROYECTOS/APP/mightyfitness/fitness-backend/vendor/laravel/framework/src/Illuminate/Mail/Mailable.php(207): Illuminate/Mail/Mailer->send(Object(Closure), Array, Object(Closure))
#7 C:/Users/hamza/Desktop/PROYECTOS/APP/mightyfitness/fitness-backend/vendor/laravel/framework/src/Illuminate/Support/Traits/Localizable.php(19): Illuminate/Mail/Mailable->Illuminate/Mail/{closure}()
#8 C:/Users/hamza/Desktop/PROYECTOS/APP/mightyfitness/fitness-backend/vendor/laravel/framework/src/Illuminate/Mail/Mailable.php(200): Illuminate/Mail/Mailable->withLocale(NULL, Object(Closure))
#9 C:/Users/hamza/Desktop/PROYECTOS/APP/mightyfitness/fitness-backend/vendor/laravel/framework/src/Illuminate/Mail/SendQueuedMailable.php(83): Illuminate/Mail/Mailable->send(Object(Illuminate/Mail/MailManager))
#10 C:/Users/hamza/Desktop/PROYECTOS/APP/mightyfitness/fitness-backend/vendor/laravel/framework/src/Illuminate/Container/BoundMethod.php(36): Illuminate/Mail/SendQueuedMailable->handle(Object(Illuminate/Mail/MailManager))
#11 C:/Users/hamza/Desktop/PROYECTOS/APP/mightyfitness/fitness-backend/vendor/laravel/framework/src/Illuminate/Container/Util.php(43): Illuminate/Container/BoundMethod::Illuminate/Container/{closure}()
#12 C:/Users/hamza/Desktop/PROYECTOS/APP/mightyfitness/fitness-backend/vendor/laravel/framework/src/Illuminate/Container/BoundMethod.php(95): Illuminate/Container/Util::unwrapIfClosure(Object(Closure))
#13 C:/Users/hamza/Desktop/PROYECTOS/APP/mightyfitness/fitness-backend/vendor/laravel/framework/src/Illuminate/Container/BoundMethod.php(35): Illuminate/Container/BoundMethod::callBoundMethod(Object(Illuminate/Foundation/Application), Array, Object(Closure))
#14 C:/Users/hamza/Desktop/PROYECTOS/APP/mightyfitness/fitness-backend/vendor/laravel/framework/src/Illuminate/Container/Container.php(696): Illuminate/Container/BoundMethod::call(Object(Illuminate/Foundation/Application), Array, Array, NULL)
#15 C:/Users/hamza/Desktop/PROYECTOS/APP/mightyfitness/fitness-backend/vendor/laravel/framework/src/Illuminate/Bus/Dispatcher.php(126): Illuminate/Container/Container->call(Array)
#16 C:/Users/hamza/Desktop/PROYECTOS/APP/mightyfitness/fitness-backend/vendor/laravel/framework/src/Illuminate/Pipeline/Pipeline.php(170): Illuminate/Bus/Dispatcher->Illuminate/Bus/{closure}(Object(Illuminate/Mail/SendQueuedMailable))
#17 C:/Users/hamza/Desktop/PROYECTOS/APP/mightyfitness/fitness-backend/vendor/laravel/framework/src/Illuminate/Pipeline/Pipeline.php(127): Illuminate/Pipeline/Pipeline->Illuminate/Pipeline/{closure}(Object(Illuminate/Mail/SendQueuedMailable))
#18 C:/Users/hamza/Desktop/PROYECTOS/APP/mightyfitness/fitness-backend/vendor/laravel/framework/src/Illuminate/Bus/Dispatcher.php(130): Illuminate/Pipeline/Pipeline->then(Object(Closure))
#19 C:/Users/hamza/Desktop/PROYECTOS/APP/mightyfitness/fitness-backend/vendor/laravel/framework/src/Illuminate/Queue/CallQueuedHandler.php(126): Illuminate/Bus/Dispatcher->dispatchNow(Object(Illuminate/Mail/SendQueuedMailable), false)
#20 C:/Users/hamza/Desktop/PROYECTOS/APP/mightyfitness/fitness-backend/vendor/laravel/framework/src/Illuminate/Pipeline/Pipeline.php(170): Illuminate/Queue/CallQueuedHandler->Illuminate/Queue/{closure}(Object(Illuminate/Mail/SendQueuedMailable))
#21 C:/Users/hamza/Desktop/PROYECTOS/APP/mightyfitness/fitness-backend/vendor/laravel/framework/src/Illuminate/Pipeline/Pipeline.php(127): Illuminate/Pipeline/Pipeline->Illuminate/Pipeline/{closure}(Object(Illuminate/Mail/SendQueuedMailable))
#22 C:/Users/hamza/Desktop/PROYECTOS/APP/mightyfitness/fitness-backend/vendor/laravel/framework/src/Illuminate/Queue/CallQueuedHandler.php(121): Illuminate/Pipeline/Pipeline->then(Object(Closure))
#23 C:/Users/hamza/Desktop/PROYECTOS/APP/mightyfitness/fitness-backend/vendor/laravel/framework/src/Illuminate/Queue/CallQueuedHandler.php(69): Illuminate/Queue/CallQueuedHandler->dispatchThroughMiddleware(Object(Illuminate/Queue/Jobs/SyncJob), Object(Illuminate/Mail/SendQueuedMailable))
#24 C:/Users/hamza/Desktop/PROYECTOS/APP/mightyfitness/fitness-backend/vendor/laravel/framework/src/Illuminate/Queue/Jobs/Job.php(102): Illuminate/Queue/CallQueuedHandler->call(Object(Illuminate/Queue/Jobs/SyncJob), Array)
#25 C:/Users/hamza/Desktop/PROYECTOS/APP/mightyfitness/fitness-backend/vendor/laravel/framework/src/Illuminate/Queue/SyncQueue.php(76): Illuminate/Queue/Jobs/Job->fire()
#26 C:/Users/hamza/Desktop/PROYECTOS/APP/mightyfitness/fitness-backend/vendor/laravel/framework/src/Illuminate/Queue/SyncQueue.php(56): Illuminate/Queue/SyncQueue->executeJob(Object(Illuminate/Mail/SendQueuedMailable), '', NULL)
#27 C:/Users/hamza/Desktop/PROYECTOS/APP/mightyfitness/fitness-backend/vendor/laravel/framework/src/Illuminate/Queue/Queue.php(59): Illuminate/Queue/SyncQueue->push(Object(Illuminate/Mail/SendQueuedMailable), '', NULL)
#28 C:/Users/hamza/Desktop/PROYECTOS/APP/mightyfitness/fitness-backend/vendor/laravel/framework/src/Illuminate/Mail/Mailable.php(235): Illuminate/Queue/Queue->pushOn(NULL, Object(Illuminate/Mail/SendQueuedMailable))
#29 C:/Users/hamza/Desktop/PROYECTOS/APP/mightyfitness/fitness-backend/vendor/laravel/framework/src/Illuminate/Mail/Mailer.php(353): Illuminate/Mail/Mailable->queue(Object(Illuminate/Queue/QueueManager))
#30 C:/Users/hamza/Desktop/PROYECTOS/APP/mightyfitness/fitness-backend/vendor/laravel/framework/src/Illuminate/Mail/Mailer.php(301): Illuminate/Mail/Mailer->sendMailable(Object(App/Mail/SubscriptionReminderMail))
#31 C:/Users/hamza/Desktop/PROYECTOS/APP/mightyfitness/fitness-backend/vendor/laravel/framework/src/Illuminate/Mail/PendingMail.php(124): Illuminate/Mail/Mailer->send(Object(App/Mail/SubscriptionReminderMail))
#32 C:/Users/hamza/Desktop/PROYECTOS/APP/mightyfitness/fitness-backend/app/Http/Controllers/API/Admin/PlanSubscriptionController.php(257): Illuminate/Mail/PendingMail->send(Object(App/Mail/SubscriptionReminderMail))
#33 C:/Users/hamza/Desktop/PROYECTOS/APP/mightyfitness/fitness-backend/vendor/laravel/framework/src/Illuminate/Routing/Controller.php(54): App/Http/Controllers/API/Admin/PlanSubscriptionController->reminder(Object(Illuminate/Http/Request))
#34 C:/Users/hamza/Desktop/PROYECTOS/APP/mightyfitness/fitness-backend/vendor/laravel/framework/src/Illuminate/Routing/ControllerDispatcher.php(44): Illuminate/Routing/Controller->callAction('reminder', Array)
#35 C:/Users/hamza/Desktop/PROYECTOS/APP/mightyfitness/fitness-backend/vendor/laravel/framework/src/Illuminate/Routing/Route.php(266): Illuminate/Routing/ControllerDispatcher->dispatch(Object(Illuminate/Routing/Route), Object(App/Http/Controllers/API/Admin/PlanSubscriptionController), 'reminder')
#36 C:/Users/hamza/Desktop/PROYECTOS/APP/mightyfitness/fitness-backend/vendor/laravel/framework/src/Illuminate/Routing/Route.php(212): Illuminate/Routing/Route->runController()
#37 C:/Users/hamza/Desktop/PROYECTOS/APP/mightyfitness/fitness-backend/vendor/laravel/framework/src/Illuminate/Routing/Router.php(808): Illuminate/Routing/Route->run()
#38 C:/Users/hamza/Desktop/PROYECTOS/APP/mightyfitness/fitness-backend/vendor/laravel/framework/src/Illuminate/Pipeline/Pipeline.php(170): Illuminate/Routing/Router->Illuminate/Routing/{closure}(Object(Illuminate/Http/Request))
#39 C:/Users/hamza/Desktop/PROYECTOS/APP/mightyfitness/fitness-backend/app/Http/Middleware/AdminApi.php(26): Illuminate/Pipeline/Pipeline->Illuminate/Pipeline/{closure}(Object(Illuminate/Http/Request))
#40 C:/Users/hamza/Desktop/PROYECTOS/APP/mightyfitness/fitness-backend/vendor/laravel/framework/src/Illuminate/Pipeline/Pipeline.php(209): App/Http/Middleware/AdminApi->handle(Object(Illuminate/Http/Request), Object(Closure))
#41 C:/Users/hamza/Desktop/PROYECTOS/APP/mightyfitness/fitness-backend/app/Http/Middleware/API/CheckUserStatus.php(26): Illuminate/Pipeline/Pipeline->Illuminate/Pipeline/{closure}(Object(Illuminate/Http/Request))
#42 C:/Users/hamza/Desktop/PROYECTOS/APP/mightyfitness/fitness-backend/vendor/laravel/framework/src/Illuminate/Pipeline/Pipeline.php(209): App/Http/Middleware/API/CheckUserStatus->handle(Object(Illuminate/Http/Request), Object(Closure))
#43 C:/Users/hamza/Desktop/PROYECTOS/APP/mightyfitness/fitness-backend/vendor/laravel/framework/src/Illuminate/Routing/Middleware/SubstituteBindings.php(51): Illuminate/Pipeline/Pipeline->Illuminate/Pipeline/{closure}(Object(Illuminate/Http/Request))
#44 C:/Users/hamza/Desktop/PROYECTOS/APP/mightyfitness/fitness-backend/vendor/laravel/framework/src/Illuminate/Pipeline/Pipeline.php(209): Illuminate/Routing/Middleware/SubstituteBindings->handle(Object(Illuminate/Http/Request), Object(Closure))
#45 C:/Users/hamza/Desktop/PROYECTOS/APP/mightyfitness/fitness-backend/vendor/laravel/framework/src/Illuminate/Routing/Middleware/ThrottleRequests.php(161): Illuminate/Pipeline/Pipeline->Illuminate/Pipeline/{closure}(Object(Illuminate/Http/Request))
#46 C:/Users/hamza/Desktop/PROYECTOS/APP/mightyfitness/fitness-backend/vendor/laravel/framework/src/Illuminate/Routing/Middleware/ThrottleRequests.php(127): Illuminate/Routing/Middleware/ThrottleRequests->handleRequest(Object(Illuminate/Http/Request), Object(Closure), Array)
#47 C:/Users/hamza/Desktop/PROYECTOS/APP/mightyfitness/fitness-backend/vendor/laravel/framework/src/Illuminate/Routing/Middleware/ThrottleRequests.php(89): Illuminate/Routing/Middleware/ThrottleRequests->handleRequestUsingNamedLimiter(Object(Illuminate/Http/Request), Object(Closure), 'api', Object(Closure))
#48 C:/Users/hamza/Desktop/PROYECTOS/APP/mightyfitness/fitness-backend/vendor/laravel/framework/src/Illuminate/Pipeline/Pipeline.php(209): Illuminate/Routing/Middleware/ThrottleRequests->handle(Object(Illuminate/Http/Request), Object(Closure), 'api')
#49 C:/Users/hamza/Desktop/PROYECTOS/APP/mightyfitness/fitness-backend/vendor/laravel/framework/src/Illuminate/Auth/Middleware/Authenticate.php(64): Illuminate/Pipeline/Pipeline->Illuminate/Pipeline/{closure}(Object(Illuminate/Http/Request))
#50 C:/Users/hamza/Desktop/PROYECTOS/APP/mightyfitness/fitness-backend/vendor/laravel/framework/src/Illuminate/Pipeline/Pipeline.php(209): Illuminate/Auth/Middleware/Authenticate->handle(Object(Illuminate/Http/Request), Object(Closure), 'sanctum')
#51 C:/Users/hamza/Desktop/PROYECTOS/APP/mightyfitness/fitness-backend/vendor/laravel/framework/src/Illuminate/Pipeline/Pipeline.php(127): Illuminate/Pipeline/Pipeline->Illuminate/Pipeline/{closure}(Object(Illuminate/Http/Request))
#52 C:/Users/hamza/Desktop/PROYECTOS/APP/mightyfitness/fitness-backend/vendor/laravel/framework/src/Illuminate/Routing/Router.php(807): Illuminate/Pipeline/Pipeline->then(Object(Closure))
#53 C:/Users/hamza/Desktop/PROYECTOS/APP/mightyfitness/fitness-backend/vendor/laravel/framework/src/Illuminate/Routing/Router.php(786): Illuminate/Routing/Router->runRouteWithinStack(Object(Illuminate/Routing/Route), Object(Illuminate/Http/Request))
#54 C:/Users/hamza/Desktop/PROYECTOS/APP/mightyfitness/fitness-backend/vendor/laravel/framework/src/Illuminate/Routing/Router.php(750): Illuminate/Routing/Router->runRoute(Object(Illuminate/Http/Request), Object(Illuminate/Routing/Route))
#55 C:/Users/hamza/Desktop/PROYECTOS/APP/mightyfitness/fitness-backend/vendor/laravel/framework/src/Illuminate/Routing/Router.php(739): Illuminate/Routing/Router->dispatchToRoute(Object(Illuminate/Http/Request))
#56 C:/Users/hamza/Desktop/PROYECTOS/APP/mightyfitness/fitness-backend/vendor/laravel/framework/src/Illuminate/Foundation/Http/Kernel.php(201): Illuminate/Routing/Router->dispatch(Object(Illuminate/Http/Request))
#57 C:/Users/hamza/Desktop/PROYECTOS/APP/mightyfitness/fitness-backend/vendor/laravel/framework/src/Illuminate/Pipeline/Pipeline.php(170): Illuminate/Foundation/Http/Kernel->Illuminate/Foundation/Http/{closure}(Object(Illuminate/Http/Request))
#58 C:/Users/hamza/Desktop/PROYECTOS/APP/mightyfitness/fitness-backend/vendor/livewire/livewire/src/Features/SupportDisablingBackButtonCache/DisableBackButtonCacheMiddleware.php(19): Illuminate/Pipeline/Pipeline->Illuminate/Pipeline/{closure}(Object(Illuminate/Http/Request))
#59 C:/Users/hamza/Desktop/PROYECTOS/APP/mightyfitness/fitness-backend/vendor/laravel/framework/src/Illuminate/Pipeline/Pipeline.php(209): Livewire/Features/SupportDisablingBackButtonCache/DisableBackButtonCacheMiddleware->handle(Object(Illuminate/Http/Request), Object(Closure))
#60 C:/Users/hamza/Desktop/PROYECTOS/APP/mightyfitness/fitness-backend/vendor/laravel/framework/src/Illuminate/Foundation/Http/Middleware/TransformsRequest.php(21): Illuminate/Pipeline/Pipeline->Illuminate/Pipeline/{closure}(Object(Illuminate/Http/Request))
#61 C:/Users/hamza/Desktop/PROYECTOS/APP/mightyfitness/fitness-backend/vendor/laravel/framework/src/Illuminate/Foundation/Http/Middleware/ConvertEmptyStringsToNull.php(31): Illuminate/Foundation/Http/Middleware/TransformsRequest->handle(Object(Illuminate/Http/Request), Object(Closure))
#62 C:/Users/hamza/Desktop/PROYECTOS/APP/mightyfitness/fitness-backend/vendor/laravel/framework/src/Illuminate/Pipeline/Pipeline.php(209): Illuminate/Foundation/Http/Middleware/ConvertEmptyStringsToNull->handle(Object(Illuminate/Http/Request), Object(Closure))
#63 C:/Users/hamza/Desktop/PROYECTOS/APP/mightyfitness/fitness-backend/vendor/laravel/framework/src/Illuminate/Foundation/Http/Middleware/TransformsRequest.php(21): Illuminate/Pipeline/Pipeline->Illuminate/Pipeline/{closure}(Object(Illuminate/Http/Request))
#64 C:/Users/hamza/Desktop/PROYECTOS/APP/mightyfitness/fitness-backend/vendor/laravel/framework/src/Illuminate/Foundation/Http/Middleware/TrimStrings.php(51): Illuminate/Foundation/Http/Middleware/TransformsRequest->handle(Object(Illuminate/Http/Request), Object(Closure))
#65 C:/Users/hamza/Desktop/PROYECTOS/APP/mightyfitness/fitness-backend/vendor/laravel/framework/src/Illuminate/Pipeline/Pipeline.php(209): Illuminate/Foundation/Http/Middleware/TrimStrings->handle(Object(Illuminate/Http/Request), Object(Closure))
#66 C:/Users/hamza/Desktop/PROYECTOS/APP/mightyfitness/fitness-backend/vendor/laravel/framework/src/Illuminate/Http/Middleware/ValidatePostSize.php(27): Illuminate/Pipeline/Pipeline->Illuminate/Pipeline/{closure}(Object(Illuminate/Http/Request))
#67 C:/Users/hamza/Desktop/PROYECTOS/APP/mightyfitness/fitness-backend/vendor/laravel/framework/src/Illuminate/Pipeline/Pipeline.php(209): Illuminate/Http/Middleware/ValidatePostSize->handle(Object(Illuminate/Http/Request), Object(Closure))
#68 C:/Users/hamza/Desktop/PROYECTOS/APP/mightyfitness/fitness-backend/vendor/laravel/framework/src/Illuminate/Foundation/Http/Middleware/PreventRequestsDuringMaintenance.php(110): Illuminate/Pipeline/Pipeline->Illuminate/Pipeline/{closure}(Object(Illuminate/Http/Request))
#69 C:/Users/hamza/Desktop/PROYECTOS/APP/mightyfitness/fitness-backend/vendor/laravel/framework/src/Illuminate/Pipeline/Pipeline.php(209): Illuminate/Foundation/Http/Middleware/PreventRequestsDuringMaintenance->handle(Object(Illuminate/Http/Request), Object(Closure))
#70 C:/Users/hamza/Desktop/PROYECTOS/APP/mightyfitness/fitness-backend/vendor/laravel/framework/src/Illuminate/Http/Middleware/HandleCors.php(62): Illuminate/Pipeline/Pipeline->Illuminate/Pipeline/{closure}(Object(Illuminate/Http/Request))
#71 C:/Users/hamza/Desktop/PROYECTOS/APP/mightyfitness/fitness-backend/vendor/laravel/framework/src/Illuminate/Pipeline/Pipeline.php(209): Illuminate/Http/Middleware/HandleCors->handle(Object(Illuminate/Http/Request), Object(Closure))
#72 C:/Users/hamza/Desktop/PROYECTOS/APP/mightyfitness/fitness-backend/vendor/laravel/framework/src/Illuminate/Pipeline/Pipeline.php(127): Illuminate/Pipeline/Pipeline->Illuminate/Pipeline/{closure}(Object(Illuminate/Http/Request))
#73 C:/Users/hamza/Desktop/PROYECTOS/APP/mightyfitness/fitness-backend/vendor/laravel/framework/src/Illuminate/Foundation/Http/Kernel.php(176): Illuminate/Pipeline/Pipeline->then(Object(Closure))
#74 C:/Users/hamza/Desktop/PROYECTOS/APP/mightyfitness/fitness-backend/vendor/laravel/framework/src/Illuminate/Foundation/Http/Kernel.php(145): Illuminate/Foundation/Http/Kernel->sendRequestThroughRouter(Object(Illuminate/Http/Request))
#75 C:/Users/hamza/Desktop/PROYECTOS/APP/mightyfitness/fitness-backend/public/index.php(51): Illuminate/Foundation/Http/Kernel->handle(Object(Illuminate/Http/Request))
#76 C:/Users/hamza/Desktop/PROYECTOS/APP/mightyfitness/fitness-backend/server.php(21): require_once('C://Users//hamza//...')
#77 {main}
"} 
[2026-08-06 18:46:32] local.ERROR: Undefined variable $countPer100Over {"exception":"[object] (ErrorException(code: 0): Undefined variable $countPer100Over at C:/Users/hamza/Desktop/PROYECTOS/APP/mightyfitness/fitness-backend/audit_outliers.php:46)
[stacktrace]
#0 C:/Users/hamza/Desktop/PROYECTOS/APP/mightyfitness/fitness-backend/vendor/laravel/framework/src/Illuminate/Foundation/Bootstrap/HandleExceptions.php(258): Illuminate/Foundation/Bootstrap/HandleExceptions->handleError(2, 'Undefined varia...', 'C://Users//hamza//...', 46)
#1 C:/Users/hamza/Desktop/PROYECTOS/APP/mightyfitness/fitness-backend/audit_outliers.php(46): Illuminate/Foundation/Bootstrap/HandleExceptions->Illuminate/Foundation/Bootstrap/{closure}(2, 'Undefined varia...', 'C://Users//hamza//...', 46)
#2 {main}
"} 
[2026-08-06 18:48:20] local.ERROR: PHP Parse error: Syntax error, unexpected T_NS_SEPARATOR on line 1 {"exception":"[object] (Psy\\Exception\\ParseErrorException(code: 0): PHP Parse error: Syntax error, unexpected T_NS_SEPARATOR on line 1 at C:/Users/hamza/Desktop/PROYECTOS/APP/mightyfitness/fitness-backend/vendor/psy/psysh/src/Exception/ParseErrorException.php:44)
[stacktrace]
#0 C:/Users/hamza/Desktop/PROYECTOS/APP/mightyfitness/fitness-backend/vendor/psy/psysh/src/CodeCleaner.php(657): Psy/Exception/ParseErrorException::fromParseError(Object(PhpParser/Error))
#1 C:/Users/hamza/Desktop/PROYECTOS/APP/mightyfitness/fitness-backend/vendor/psy/psysh/src/CodeCleaner.php(273): Psy/CodeCleaner->parse('<?php foreach([...', false)
#2 C:/Users/hamza/Desktop/PROYECTOS/APP/mightyfitness/fitness-backend/vendor/psy/psysh/src/Shell.php(1358): Psy/CodeCleaner->clean(Array, false)
#3 C:/Users/hamza/Desktop/PROYECTOS/APP/mightyfitness/fitness-backend/vendor/psy/psysh/src/Shell.php(1465): Psy/Shell->appendCode('foreach([1200,7...', true, false)
#4 C:/Users/hamza/Desktop/PROYECTOS/APP/mightyfitness/fitness-backend/vendor/psy/psysh/src/Shell.php(2173): Psy/Shell->setCode('foreach([1200,7...', true)
#5 C:/Users/hamza/Desktop/PROYECTOS/APP/mightyfitness/fitness-backend/vendor/laravel/tinker/src/Console/TinkerCommand.php(77): Psy/Shell->execute('foreach([1200,7...')
#6 C:/Users/hamza/Desktop/PROYECTOS/APP/mightyfitness/fitness-backend/vendor/laravel/framework/src/Illuminate/Container/BoundMethod.php(36): Laravel/Tinker/Console/TinkerCommand->handle()
#7 C:/Users/hamza/Desktop/PROYECTOS/APP/mightyfitness/fitness-backend/vendor/laravel/framework/src/Illuminate/Container/Util.php(43): Illuminate/Container/BoundMethod::Illuminate/Container/{closure}()
#8 C:/Users/hamza/Desktop/PROYECTOS/APP/mightyfitness/fitness-backend/vendor/laravel/framework/src/Illuminate/Container/BoundMethod.php(95): Illuminate/Container/Util::unwrapIfClosure(Object(Closure))
#9 C:/Users/hamza/Desktop/PROYECTOS/APP/mightyfitness/fitness-backend/vendor/laravel/framework/src/Illuminate/Container/BoundMethod.php(35): Illuminate/Container/BoundMethod::callBoundMethod(Object(Illuminate/Foundation/Application), Array, Object(Closure))
#10 C:/Users/hamza/Desktop/PROYECTOS/APP/mightyfitness/fitness-backend/vendor/laravel/framework/src/Illuminate/Container/Container.php(696): Illuminate/Container/BoundMethod::call(Object(Illuminate/Foundation/Application), Array, Array, NULL)
#11 C:/Users/hamza/Desktop/PROYECTOS/APP/mightyfitness/fitness-backend/vendor/laravel/framework/src/Illuminate/Console/Command.php(213): Illuminate/Container/Container->call(Array)
#12 C:/Users/hamza/Desktop/PROYECTOS/APP/mightyfitness/fitness-backend/vendor/symfony/console/Command/Command.php(341): Illuminate/Console/Command->execute(Object(Symfony/Component/Console/Input/ArgvInput), Object(Illuminate/Console/OutputStyle))
#13 C:/Users/hamza/Desktop/PROYECTOS/APP/mightyfitness/fitness-backend/vendor/laravel/framework/src/Illuminate/Console/Command.php(182): Symfony/Component/Console/Command/Command->run(Object(Symfony/Component/Console/Input/ArgvInput), Object(Illuminate/Console/OutputStyle))
#14 C:/Users/hamza/Desktop/PROYECTOS/APP/mightyfitness/fitness-backend/vendor/symfony/console/Application.php(1117): Illuminate/Console/Command->run(Object(Symfony/Component/Console/Input/ArgvInput), Object(Symfony/Component/Console/Output/ConsoleOutput))
#15 C:/Users/hamza/Desktop/PROYECTOS/APP/mightyfitness/fitness-backend/vendor/symfony/console/Application.php(356): Symfony/Component/Console/Application->doRunCommand(Object(Laravel/Tinker/Console/TinkerCommand), Object(Symfony/Component/Console/Input/ArgvInput), Object(Symfony/Component/Console/Output/ConsoleOutput))
#16 C:/Users/hamza/Desktop/PROYECTOS/APP/mightyfitness/fitness-backend/vendor/symfony/console/Application.php(195): Symfony/Component/Console/Application->doRun(Object(Symfony/Component/Console/Input/ArgvInput), Object(Symfony/Component/Console/Output/ConsoleOutput))
#17 C:/Users/hamza/Desktop/PROYECTOS/APP/mightyfitness/fitness-backend/vendor/laravel/framework/src/Illuminate/Foundation/Console/Kernel.php(198): Symfony/Component/Console/Application->run(Object(Symfony/Component/Console/Input/ArgvInput), Object(Symfony/Component/Console/Output/ConsoleOutput))
#18 C:/Users/hamza/Desktop/PROYECTOS/APP/mightyfitness/fitness-backend/artisan(35): Illuminate/Foundation/Console/Kernel->handle(Object(Symfony/Component/Console/Input/ArgvInput), Object(Symfony/Component/Console/Output/ConsoleOutput))
#19 {main}
"} 
[2026-08-06 18:55:43] local.ERROR: SQLSTATE[42S22]: Column not found: 1054 Unknown column 'r.servings_estimate' in 'field list' (Connection: mysql, SQL: select `r`.`id`, `r`.`title`, `r`.`calories`, `r`.`protein`, `r`.`fats`, `r`.`carbs`, `r`.`servings_estimate`, `r`.`ingredients_total_g` from `recipes` as `r` where `r`.`calories` is not null and `r`.`calories` > 700 order by `r`.`calories` desc) {"exception":"[object] (Illuminate\\Database\\QueryException(code: 42S22): SQLSTATE[42S22]: Column not found: 1054 Unknown column 'r.servings_estimate' in 'field list' (Connection: mysql, SQL: select `r`.`id`, `r`.`title`, `r`.`calories`, `r`.`protein`, `r`.`fats`, `r`.`carbs`, `r`.`servings_estimate`, `r`.`ingredients_total_g` from `recipes` as `r` where `r`.`calories` is not null and `r`.`calories` > 700 order by `r`.`calories` desc) at C:/Users/hamza/Desktop/PROYECTOS/APP/mightyfitness/fitness-backend/vendor/laravel/framework/src/Illuminate/Database/Connection.php:825)
[stacktrace]
#0 C:/Users/hamza/Desktop/PROYECTOS/APP/mightyfitness/fitness-backend/vendor/laravel/framework/src/Illuminate/Database/Connection.php(779): Illuminate/Database/Connection->runQueryCallback('select `r`.`id`...', Array, Object(Closure))
#1 C:/Users/hamza/Desktop/PROYECTOS/APP/mightyfitness/fitness-backend/vendor/laravel/framework/src/Illuminate/Database/Connection.php(398): Illuminate/Database/Connection->run('select `r`.`id`...', Array, Object(Closure))
#2 C:/Users/hamza/Desktop/PROYECTOS/APP/mightyfitness/fitness-backend/vendor/laravel/framework/src/Illuminate/Database/Query/Builder.php(3106): Illuminate/Database/Connection->select('select `r`.`id`...', Array, true)
#3 C:/Users/hamza/Desktop/PROYECTOS/APP/mightyfitness/fitness-backend/vendor/laravel/framework/src/Illuminate/Database/Query/Builder.php(3091): Illuminate/Database/Query/Builder->runSelect()
#4 C:/Users/hamza/Desktop/PROYECTOS/APP/mightyfitness/fitness-backend/vendor/laravel/framework/src/Illuminate/Database/Query/Builder.php(3676): Illuminate/Database/Query/Builder->Illuminate/Database/Query/{closure}()
#5 C:/Users/hamza/Desktop/PROYECTOS/APP/mightyfitness/fitness-backend/vendor/laravel/framework/src/Illuminate/Database/Query/Builder.php(3090): Illuminate/Database/Query/Builder->onceWithColumns(Array, Object(Closure))
#6 C:/Users/hamza/Desktop/PROYECTOS/APP/mightyfitness/fitness-backend/diag_serv1.php(12): Illuminate/Database/Query/Builder->get(Array)
#7 {main}

[previous exception] [object] (PDOException(code: 42S22): SQLSTATE[42S22]: Column not found: 1054 Unknown column 'r.servings_estimate' in 'field list' at C:/Users/hamza/Desktop/PROYECTOS/APP/mightyfitness/fitness-backend/vendor/laravel/framework/src/Illuminate/Database/Connection.php:407)
[stacktrace]
#0 C:/Users/hamza/Desktop/PROYECTOS/APP/mightyfitness/fitness-backend/vendor/laravel/framework/src/Illuminate/Database/Connection.php(407): PDO->prepare('select `r`.`id`...')
#1 C:/Users/hamza/Desktop/PROYECTOS/APP/mightyfitness/fitness-backend/vendor/laravel/framework/src/Illuminate/Database/Connection.php(812): Illuminate/Database/Connection->Illuminate/Database/{closure}('select `r`.`id`...', Array)
#2 C:/Users/hamza/Desktop/PROYECTOS/APP/mightyfitness/fitness-backend/vendor/laravel/framework/src/Illuminate/Database/Connection.php(779): Illuminate/Database/Connection->runQueryCallback('select `r`.`id`...', Array, Object(Closure))
#3 C:/Users/hamza/Desktop/PROYECTOS/APP/mightyfitness/fitness-backend/vendor/laravel/framework/src/Illuminate/Database/Connection.php(398): Illuminate/Database/Connection->run('select `r`.`id`...', Array, Object(Closure))
#4 C:/Users/hamza/Desktop/PROYECTOS/APP/mightyfitness/fitness-backend/vendor/laravel/framework/src/Illuminate/Database/Query/Builder.php(3106): Illuminate/Database/Connection->select('select `r`.`id`...', Array, true)
#5 C:/Users/hamza/Desktop/PROYECTOS/APP/mightyfitness/fitness-backend/vendor/laravel/framework/src/Illuminate/Database/Query/Builder.php(3091): Illuminate/Database/Query/Builder->runSelect()
#6 C:/Users/hamza/Desktop/PROYECTOS/APP/mightyfitness/fitness-backend/vendor/laravel/framework/src/Illuminate/Database/Query/Builder.php(3676): Illuminate/Database/Query/Builder->Illuminate/Database/Query/{closure}()
#7 C:/Users/hamza/Desktop/PROYECTOS/APP/mightyfitness/fitness-backend/vendor/laravel/framework/src/Illuminate/Database/Query/Builder.php(3090): Illuminate/Database/Query/Builder->onceWithColumns(Array, Object(Closure))
#8 C:/Users/hamza/Desktop/PROYECTOS/APP/mightyfitness/fitness-backend/diag_serv1.php(12): Illuminate/Database/Query/Builder->get(Array)
#9 {main}
"} 
