[2026-07-29 11:25:51] local.ERROR: SQLSTATE[42S22]: Column not found: 1054 Unknown column 'client_tag_assignments.tag_id' in 'field list' (Connection: mysql, SQL: select `client_tags`.*, `client_tag_assignments`.`client_id` as `pivot_client_id`, `client_tag_assignments`.`tag_id` as `pivot_tag_id` from `client_tags` inner join `client_tag_assignments` on `client_tags`.`id` = `client_tag_assignments`.`tag_id` where `client_tag_assignments`.`client_id` in (3)) {"userId":1,"exception":"[object] (Illuminate\\Database\\QueryException(code: 42S22): SQLSTATE[42S22]: Column not found: 1054 Unknown column 'client_tag_assignments.tag_id' in 'field list' (Connection: mysql, SQL: select `client_tags`.*, `client_tag_assignments`.`client_id` as `pivot_client_id`, `client_tag_assignments`.`tag_id` as `pivot_tag_id` from `client_tags` inner join `client_tag_assignments` on `client_tags`.`id` = `client_tag_assignments`.`tag_id` where `client_tag_assignments`.`client_id` in (3)) at C:/Users/hamza/Desktop/PROYECTOS/APP/mightyfitness/fitness-backend/vendor/laravel/framework/src/Illuminate/Database/Connection.php:825)
[stacktrace]
#0 C:/Users/hamza/Desktop/PROYECTOS/APP/mightyfitness/fitness-backend/vendor/laravel/framework/src/Illuminate/Database/Connection.php(779): Illuminate/Database/Connection->runQueryCallback('select `client_...', Array, Object(Closure))
#1 C:/Users/hamza/Desktop/PROYECTOS/APP/mightyfitness/fitness-backend/vendor/laravel/framework/src/Illuminate/Database/Connection.php(398): Illuminate/Database/Connection->run('select `client_...', Array, Object(Closure))
#2 C:/Users/hamza/Desktop/PROYECTOS/APP/mightyfitness/fitness-backend/vendor/laravel/framework/src/Illuminate/Database/Query/Builder.php(3106): Illuminate/Database/Connection->select('select `client_...', Array, true)
#3 C:/Users/hamza/Desktop/PROYECTOS/APP/mightyfitness/fitness-backend/vendor/laravel/framework/src/Illuminate/Database/Query/Builder.php(3091): Illuminate/Database/Query/Builder->runSelect()
#4 C:/Users/hamza/Desktop/PROYECTOS/APP/mightyfitness/fitness-backend/vendor/laravel/framework/src/Illuminate/Database/Query/Builder.php(3676): Illuminate/Database/Query/Builder->Illuminate/Database/Query/{closure}()
#5 C:/Users/hamza/Desktop/PROYECTOS/APP/mightyfitness/fitness-backend/vendor/laravel/framework/src/Illuminate/Database/Query/Builder.php(3090): Illuminate/Database/Query/Builder->onceWithColumns(Array, Object(Closure))
#6 C:/Users/hamza/Desktop/PROYECTOS/APP/mightyfitness/fitness-backend/vendor/laravel/framework/src/Illuminate/Database/Eloquent/Builder.php(811): Illuminate/Database/Query/Builder->get(Array)
#7 C:/Users/hamza/Desktop/PROYECTOS/APP/mightyfitness/fitness-backend/vendor/laravel/framework/src/Illuminate/Database/Eloquent/Relations/BelongsToMany.php(887): Illuminate/Database/Eloquent/Builder->getModels()
#8 C:/Users/hamza/Desktop/PROYECTOS/APP/mightyfitness/fitness-backend/vendor/laravel/framework/src/Illuminate/Database/Eloquent/Relations/Relation.php(176): Illuminate/Database/Eloquent/Relations/BelongsToMany->get()
#9 C:/Users/hamza/Desktop/PROYECTOS/APP/mightyfitness/fitness-backend/vendor/laravel/framework/src/Illuminate/Database/Eloquent/Builder.php(859): Illuminate/Database/Eloquent/Relations/Relation->getEager()
#10 C:/Users/hamza/Desktop/PROYECTOS/APP/mightyfitness/fitness-backend/vendor/laravel/framework/src/Illuminate/Database/Eloquent/Builder.php(828): Illuminate/Database/Eloquent/Builder->eagerLoadRelation(Array, 'tags', Object(Closure))
#11 C:/Users/hamza/Desktop/PROYECTOS/APP/mightyfitness/fitness-backend/vendor/laravel/framework/src/Illuminate/Database/Eloquent/Builder.php(794): Illuminate/Database/Eloquent/Builder->eagerLoadRelations(Array)
#12 C:/Users/hamza/Desktop/PROYECTOS/APP/mightyfitness/fitness-backend/vendor/laravel/framework/src/Illuminate/Database/Concerns/BuildsQueries.php(343): Illuminate/Database/Eloquent/Builder->get(Array)
#13 C:/Users/hamza/Desktop/PROYECTOS/APP/mightyfitness/fitness-backend/vendor/laravel/framework/src/Illuminate/Database/Eloquent/Builder.php(477): Illuminate/Database/Eloquent/Builder->first(Array)
#14 C:/Users/hamza/Desktop/PROYECTOS/APP/mightyfitness/fitness-backend/app/Http/Controllers/API/ClientTagController.php(55): Illuminate/Database/Eloquent/Builder->find('3')
#15 C:/Users/hamza/Desktop/PROYECTOS/APP/mightyfitness/fitness-backend/vendor/laravel/framework/src/Illuminate/Routing/Controller.php(54): App/Http/Controllers/API/ClientTagController->getClientTags(Object(Illuminate/Http/Request))
#16 C:/Users/hamza/Desktop/PROYECTOS/APP/mightyfitness/fitness-backend/vendor/laravel/framework/src/Illuminate/Routing/ControllerDispatcher.php(44): Illuminate/Routing/Controller->callAction('getClientTags', Array)
#17 C:/Users/hamza/Desktop/PROYECTOS/APP/mightyfitness/fitness-backend/vendor/laravel/framework/src/Illuminate/Routing/Route.php(266): Illuminate/Routing/ControllerDispatcher->dispatch(Object(Illuminate/Routing/Route), Object(App/Http/Controllers/API/ClientTagController), 'getClientTags')
#18 C:/Users/hamza/Desktop/PROYECTOS/APP/mightyfitness/fitness-backend/vendor/laravel/framework/src/Illuminate/Routing/Route.php(212): Illuminate/Routing/Route->runController()
#19 C:/Users/hamza/Desktop/PROYECTOS/APP/mightyfitness/fitness-backend/vendor/laravel/framework/src/Illuminate/Routing/Router.php(808): Illuminate/Routing/Route->run()
#20 C:/Users/hamza/Desktop/PROYECTOS/APP/mightyfitness/fitness-backend/vendor/laravel/framework/src/Illuminate/Pipeline/Pipeline.php(170): Illuminate/Routing/Router->Illuminate/Routing/{closure}(Object(Illuminate/Http/Request))
#21 C:/Users/hamza/Desktop/PROYECTOS/APP/mightyfitness/fitness-backend/app/Http/Middleware/AdminApi.php(26): Illuminate/Pipeline/Pipeline->Illuminate/Pipeline/{closure}(Object(Illuminate/Http/Request))
#22 C:/Users/hamza/Desktop/PROYECTOS/APP/mightyfitness/fitness-backend/vendor/laravel/framework/src/Illuminate/Pipeline/Pipeline.php(209): App/Http/Middleware/AdminApi->handle(Object(Illuminate/Http/Request), Object(Closure))
#23 C:/Users/hamza/Desktop/PROYECTOS/APP/mightyfitness/fitness-backend/app/Http/Middleware/API/CheckUserStatus.php(26): Illuminate/Pipeline/Pipeline->Illuminate/Pipeline/{closure}(Object(Illuminate/Http/Request))
#24 C:/Users/hamza/Desktop/PROYECTOS/APP/mightyfitness/fitness-backend/vendor/laravel/framework/src/Illuminate/Pipeline/Pipeline.php(209): App/Http/Middleware/API/CheckUserStatus->handle(Object(Illuminate/Http/Request), Object(Closure))
#25 C:/Users/hamza/Desktop/PROYECTOS/APP/mightyfitness/fitness-backend/vendor/laravel/framework/src/Illuminate/Routing/Middleware/SubstituteBindings.php(51): Illuminate/Pipeline/Pipeline->Illuminate/Pipeline/{closure}(Object(Illuminate/Http/Request))
#26 C:/Users/hamza/Desktop/PROYECTOS/APP/mightyfitness/fitness-backend/vendor/laravel/framework/src/Illuminate/Pipeline/Pipeline.php(209): Illuminate/Routing/Middleware/SubstituteBindings->handle(Object(Illuminate/Http/Request), Object(Closure))
#27 C:/Users/hamza/Desktop/PROYECTOS/APP/mightyfitness/fitness-backend/vendor/laravel/framework/src/Illuminate/Routing/Middleware/ThrottleRequests.php(161): Illuminate/Pipeline/Pipeline->Illuminate/Pipeline/{closure}(Object(Illuminate/Http/Request))
#28 C:/Users/hamza/Desktop/PROYECTOS/APP/mightyfitness/fitness-backend/vendor/laravel/framework/src/Illuminate/Routing/Middleware/ThrottleRequests.php(127): Illuminate/Routing/Middleware/ThrottleRequests->handleRequest(Object(Illuminate/Http/Request), Object(Closure), Array)
#29 C:/Users/hamza/Desktop/PROYECTOS/APP/mightyfitness/fitness-backend/vendor/laravel/framework/src/Illuminate/Routing/Middleware/ThrottleRequests.php(89): Illuminate/Routing/Middleware/ThrottleRequests->handleRequestUsingNamedLimiter(Object(Illuminate/Http/Request), Object(Closure), 'api', Object(Closure))
#30 C:/Users/hamza/Desktop/PROYECTOS/APP/mightyfitness/fitness-backend/vendor/laravel/framework/src/Illuminate/Pipeline/Pipeline.php(209): Illuminate/Routing/Middleware/ThrottleRequests->handle(Object(Illuminate/Http/Request), Object(Closure), 'api')
#31 C:/Users/hamza/Desktop/PROYECTOS/APP/mightyfitness/fitness-backend/vendor/laravel/framework/src/Illuminate/Auth/Middleware/Authenticate.php(64): Illuminate/Pipeline/Pipeline->Illuminate/Pipeline/{closure}(Object(Illuminate/Http/Request))
#32 C:/Users/hamza/Desktop/PROYECTOS/APP/mightyfitness/fitness-backend/vendor/laravel/framework/src/Illuminate/Pipeline/Pipeline.php(209): Illuminate/Auth/Middleware/Authenticate->handle(Object(Illuminate/Http/Request), Object(Closure), 'sanctum')
#33 C:/Users/hamza/Desktop/PROYECTOS/APP/mightyfitness/fitness-backend/vendor/laravel/framework/src/Illuminate/Pipeline/Pipeline.php(127): Illuminate/Pipeline/Pipeline->Illuminate/Pipeline/{closure}(Object(Illuminate/Http/Request))
#34 C:/Users/hamza/Desktop/PROYECTOS/APP/mightyfitness/fitness-backend/vendor/laravel/framework/src/Illuminate/Routing/Router.php(807): Illuminate/Pipeline/Pipeline->then(Object(Closure))
#35 C:/Users/hamza/Desktop/PROYECTOS/APP/mightyfitness/fitness-backend/vendor/laravel/framework/src/Illuminate/Routing/Router.php(786): Illuminate/Routing/Router->runRouteWithinStack(Object(Illuminate/Routing/Route), Object(Illuminate/Http/Request))
#36 C:/Users/hamza/Desktop/PROYECTOS/APP/mightyfitness/fitness-backend/vendor/laravel/framework/src/Illuminate/Routing/Router.php(750): Illuminate/Routing/Router->runRoute(Object(Illuminate/Http/Request), Object(Illuminate/Routing/Route))
#37 C:/Users/hamza/Desktop/PROYECTOS/APP/mightyfitness/fitness-backend/vendor/laravel/framework/src/Illuminate/Routing/Router.php(739): Illuminate/Routing/Router->dispatchToRoute(Object(Illuminate/Http/Request))
#38 C:/Users/hamza/Desktop/PROYECTOS/APP/mightyfitness/fitness-backend/vendor/laravel/framework/src/Illuminate/Foundation/Http/Kernel.php(201): Illuminate/Routing/Router->dispatch(Object(Illuminate/Http/Request))
#39 C:/Users/hamza/Desktop/PROYECTOS/APP/mightyfitness/fitness-backend/vendor/laravel/framework/src/Illuminate/Pipeline/Pipeline.php(170): Illuminate/Foundation/Http/Kernel->Illuminate/Foundation/Http/{closure}(Object(Illuminate/Http/Request))
#40 C:/Users/hamza/Desktop/PROYECTOS/APP/mightyfitness/fitness-backend/vendor/livewire/livewire/src/Features/SupportDisablingBackButtonCache/DisableBackButtonCacheMiddleware.php(19): Illuminate/Pipeline/Pipeline->Illuminate/Pipeline/{closure}(Object(Illuminate/Http/Request))
#41 C:/Users/hamza/Desktop/PROYECTOS/APP/mightyfitness/fitness-backend/vendor/laravel/framework/src/Illuminate/Pipeline/Pipeline.php(209): Livewire/Features/SupportDisablingBackButtonCache/DisableBackButtonCacheMiddleware->handle(Object(Illuminate/Http/Request), Object(Closure))
#42 C:/Users/hamza/Desktop/PROYECTOS/APP/mightyfitness/fitness-backend/vendor/laravel/framework/src/Illuminate/Foundation/Http/Middleware/TransformsRequest.php(21): Illuminate/Pipeline/Pipeline->Illuminate/Pipeline/{closure}(Object(Illuminate/Http/Request))
#43 C:/Users/hamza/Desktop/PROYECTOS/APP/mightyfitness/fitness-backend/vendor/laravel/framework/src/Illuminate/Foundation/Http/Middleware/ConvertEmptyStringsToNull.php(31): Illuminate/Foundation/Http/Middleware/TransformsRequest->handle(Object(Illuminate/Http/Request), Object(Closure))
#44 C:/Users/hamza/Desktop/PROYECTOS/APP/mightyfitness/fitness-backend/vendor/laravel/framework/src/Illuminate/Pipeline/Pipeline.php(209): Illuminate/Foundation/Http/Middleware/ConvertEmptyStringsToNull->handle(Object(Illuminate/Http/Request), Object(Closure))
#45 C:/Users/hamza/Desktop/PROYECTOS/APP/mightyfitness/fitness-backend/vendor/laravel/framework/src/Illuminate/Foundation/Http/Middleware/TransformsRequest.php(21): Illuminate/Pipeline/Pipeline->Illuminate/Pipeline/{closure}(Object(Illuminate/Http/Request))
#46 C:/Users/hamza/Desktop/PROYECTOS/APP/mightyfitness/fitness-backend/vendor/laravel/framework/src/Illuminate/Foundation/Http/Middleware/TrimStrings.php(51): Illuminate/Foundation/Http/Middleware/TransformsRequest->handle(Object(Illuminate/Http/Request), Object(Closure))
#47 C:/Users/hamza/Desktop/PROYECTOS/APP/mightyfitness/fitness-backend/vendor/laravel/framework/src/Illuminate/Pipeline/Pipeline.php(209): Illuminate/Foundation/Http/Middleware/TrimStrings->handle(Object(Illuminate/Http/Request), Object(Closure))
#48 C:/Users/hamza/Desktop/PROYECTOS/APP/mightyfitness/fitness-backend/vendor/laravel/framework/src/Illuminate/Http/Middleware/ValidatePostSize.php(27): Illuminate/Pipeline/Pipeline->Illuminate/Pipeline/{closure}(Object(Illuminate/Http/Request))
#49 C:/Users/hamza/Desktop/PROYECTOS/APP/mightyfitness/fitness-backend/vendor/laravel/framework/src/Illuminate/Pipeline/Pipeline.php(209): Illuminate/Http/Middleware/ValidatePostSize->handle(Object(Illuminate/Http/Request), Object(Closure))
#50 C:/Users/hamza/Desktop/PROYECTOS/APP/mightyfitness/fitness-backend/vendor/laravel/framework/src/Illuminate/Foundation/Http/Middleware/PreventRequestsDuringMaintenance.php(110): Illuminate/Pipeline/Pipeline->Illuminate/Pipeline/{closure}(Object(Illuminate/Http/Request))
#51 C:/Users/hamza/Desktop/PROYECTOS/APP/mightyfitness/fitness-backend/vendor/laravel/framework/src/Illuminate/Pipeline/Pipeline.php(209): Illuminate/Foundation/Http/Middleware/PreventRequestsDuringMaintenance->handle(Object(Illuminate/Http/Request), Object(Closure))
#52 C:/Users/hamza/Desktop/PROYECTOS/APP/mightyfitness/fitness-backend/vendor/laravel/framework/src/Illuminate/Http/Middleware/HandleCors.php(62): Illuminate/Pipeline/Pipeline->Illuminate/Pipeline/{closure}(Object(Illuminate/Http/Request))
#53 C:/Users/hamza/Desktop/PROYECTOS/APP/mightyfitness/fitness-backend/vendor/laravel/framework/src/Illuminate/Pipeline/Pipeline.php(209): Illuminate/Http/Middleware/HandleCors->handle(Object(Illuminate/Http/Request), Object(Closure))
#54 C:/Users/hamza/Desktop/PROYECTOS/APP/mightyfitness/fitness-backend/vendor/laravel/framework/src/Illuminate/Pipeline/Pipeline.php(127): Illuminate/Pipeline/Pipeline->Illuminate/Pipeline/{closure}(Object(Illuminate/Http/Request))
#55 C:/Users/hamza/Desktop/PROYECTOS/APP/mightyfitness/fitness-backend/vendor/laravel/framework/src/Illuminate/Foundation/Http/Kernel.php(176): Illuminate/Pipeline/Pipeline->then(Object(Closure))
#56 C:/Users/hamza/Desktop/PROYECTOS/APP/mightyfitness/fitness-backend/vendor/laravel/framework/src/Illuminate/Foundation/Http/Kernel.php(145): Illuminate/Foundation/Http/Kernel->sendRequestThroughRouter(Object(Illuminate/Http/Request))
#57 C:/Users/hamza/Desktop/PROYECTOS/APP/mightyfitness/fitness-backend/public/index.php(51): Illuminate/Foundation/Http/Kernel->handle(Object(Illuminate/Http/Request))
#58 C:/Users/hamza/Desktop/PROYECTOS/APP/mightyfitness/fitness-backend/server.php(21): require_once('C://Users//hamza//...')
#59 {main}

[previous exception] [object] (PDOException(code: 42S22): SQLSTATE[42S22]: Column not found: 1054 Unknown column 'client_tag_assignments.tag_id' in 'field list' at C:/Users/hamza/Desktop/PROYECTOS/APP/mightyfitness/fitness-backend/vendor/laravel/framework/src/Illuminate/Database/Connection.php:407)
[stacktrace]
#0 C:/Users/hamza/Desktop/PROYECTOS/APP/mightyfitness/fitness-backend/vendor/laravel/framework/src/Illuminate/Database/Connection.php(407): PDO->prepare('select `client_...')
#1 C:/Users/hamza/Desktop/PROYECTOS/APP/mightyfitness/fitness-backend/vendor/laravel/framework/src/Illuminate/Database/Connection.php(812): Illuminate/Database/Connection->Illuminate/Database/{closure}('select `client_...', Array)
#2 C:/Users/hamza/Desktop/PROYECTOS/APP/mightyfitness/fitness-backend/vendor/laravel/framework/src/Illuminate/Database/Connection.php(779): Illuminate/Database/Connection->runQueryCallback('select `client_...', Array, Object(Closure))
#3 C:/Users/hamza/Desktop/PROYECTOS/APP/mightyfitness/fitness-backend/vendor/laravel/framework/src/Illuminate/Database/Connection.php(398): Illuminate/Database/Connection->run('select `client_...', Array, Object(Closure))
#4 C:/Users/hamza/Desktop/PROYECTOS/APP/mightyfitness/fitness-backend/vendor/laravel/framework/src/Illuminate/Database/Query/Builder.php(3106): Illuminate/Database/Connection->select('select `client_...', Array, true)
#5 C:/Users/hamza/Desktop/PROYECTOS/APP/mightyfitness/fitness-backend/vendor/laravel/framework/src/Illuminate/Database/Query/Builder.php(3091): Illuminate/Database/Query/Builder->runSelect()
#6 C:/Users/hamza/Desktop/PROYECTOS/APP/mightyfitness/fitness-backend/vendor/laravel/framework/src/Illuminate/Database/Query/Builder.php(3676): Illuminate/Database/Query/Builder->Illuminate/Database/Query/{closure}()
#7 C:/Users/hamza/Desktop/PROYECTOS/APP/mightyfitness/fitness-backend/vendor/laravel/framework/src/Illuminate/Database/Query/Builder.php(3090): Illuminate/Database/Query/Builder->onceWithColumns(Array, Object(Closure))
#8 C:/Users/hamza/Desktop/PROYECTOS/APP/mightyfitness/fitness-backend/vendor/laravel/framework/src/Illuminate/Database/Eloquent/Builder.php(811): Illuminate/Database/Query/Builder->get(Array)
#9 C:/Users/hamza/Desktop/PROYECTOS/APP/mightyfitness/fitness-backend/vendor/laravel/framework/src/Illuminate/Database/Eloquent/Relations/BelongsToMany.php(887): Illuminate/Database/Eloquent/Builder->getModels()
#10 C:/Users/hamza/Desktop/PROYECTOS/APP/mightyfitness/fitness-backend/vendor/laravel/framework/src/Illuminate/Database/Eloquent/Relations/Relation.php(176): Illuminate/Database/Eloquent/Relations/BelongsToMany->get()
#11 C:/Users/hamza/Desktop/PROYECTOS/APP/mightyfitness/fitness-backend/vendor/laravel/framework/src/Illuminate/Database/Eloquent/Builder.php(859): Illuminate/Database/Eloquent/Relations/Relation->getEager()
#12 C:/Users/hamza/Desktop/PROYECTOS/APP/mightyfitness/fitness-backend/vendor/laravel/framework/src/Illuminate/Database/Eloquent/Builder.php(828): Illuminate/Database/Eloquent/Builder->eagerLoadRelation(Array, 'tags', Object(Closure))
#13 C:/Users/hamza/Desktop/PROYECTOS/APP/mightyfitness/fitness-backend/vendor/laravel/framework/src/Illuminate/Database/Eloquent/Builder.php(794): Illuminate/Database/Eloquent/Builder->eagerLoadRelations(Array)
#14 C:/Users/hamza/Desktop/PROYECTOS/APP/mightyfitness/fitness-backend/vendor/laravel/framework/src/Illuminate/Database/Concerns/BuildsQueries.php(343): Illuminate/Database/Eloquent/Builder->get(Array)
#15 C:/Users/hamza/Desktop/PROYECTOS/APP/mightyfitness/fitness-backend/vendor/laravel/framework/src/Illuminate/Database/Eloquent/Builder.php(477): Illuminate/Database/Eloquent/Builder->first(Array)
#16 C:/Users/hamza/Desktop/PROYECTOS/APP/mightyfitness/fitness-backend/app/Http/Controllers/API/ClientTagController.php(55): Illuminate/Database/Eloquent/Builder->find('3')
#17 C:/Users/hamza/Desktop/PROYECTOS/APP/mightyfitness/fitness-backend/vendor/laravel/framework/src/Illuminate/Routing/Controller.php(54): App/Http/Controllers/API/ClientTagController->getClientTags(Object(Illuminate/Http/Request))
#18 C:/Users/hamza/Desktop/PROYECTOS/APP/mightyfitness/fitness-backend/vendor/laravel/framework/src/Illuminate/Routing/ControllerDispatcher.php(44): Illuminate/Routing/Controller->callAction('getClientTags', Array)
#19 C:/Users/hamza/Desktop/PROYECTOS/APP/mightyfitness/fitness-backend/vendor/laravel/framework/src/Illuminate/Routing/Route.php(266): Illuminate/Routing/ControllerDispatcher->dispatch(Object(Illuminate/Routing/Route), Object(App/Http/Controllers/API/ClientTagController), 'getClientTags')
#20 C:/Users/hamza/Desktop/PROYECTOS/APP/mightyfitness/fitness-backend/vendor/laravel/framework/src/Illuminate/Routing/Route.php(212): Illuminate/Routing/Route->runController()
#21 C:/Users/hamza/Desktop/PROYECTOS/APP/mightyfitness/fitness-backend/vendor/laravel/framework/src/Illuminate/Routing/Router.php(808): Illuminate/Routing/Route->run()
#22 C:/Users/hamza/Desktop/PROYECTOS/APP/mightyfitness/fitness-backend/vendor/laravel/framework/src/Illuminate/Pipeline/Pipeline.php(170): Illuminate/Routing/Router->Illuminate/Routing/{closure}(Object(Illuminate/Http/Request))
#23 C:/Users/hamza/Desktop/PROYECTOS/APP/mightyfitness/fitness-backend/app/Http/Middleware/AdminApi.php(26): Illuminate/Pipeline/Pipeline->Illuminate/Pipeline/{closure}(Object(Illuminate/Http/Request))
#24 C:/Users/hamza/Desktop/PROYECTOS/APP/mightyfitness/fitness-backend/vendor/laravel/framework/src/Illuminate/Pipeline/Pipeline.php(209): App/Http/Middleware/AdminApi->handle(Object(Illuminate/Http/Request), Object(Closure))
#25 C:/Users/hamza/Desktop/PROYECTOS/APP/mightyfitness/fitness-backend/app/Http/Middleware/API/CheckUserStatus.php(26): Illuminate/Pipeline/Pipeline->Illuminate/Pipeline/{closure}(Object(Illuminate/Http/Request))
#26 C:/Users/hamza/Desktop/PROYECTOS/APP/mightyfitness/fitness-backend/vendor/laravel/framework/src/Illuminate/Pipeline/Pipeline.php(209): App/Http/Middleware/API/CheckUserStatus->handle(Object(Illuminate/Http/Request), Object(Closure))
#27 C:/Users/hamza/Desktop/PROYECTOS/APP/mightyfitness/fitness-backend/vendor/laravel/framework/src/Illuminate/Routing/Middleware/SubstituteBindings.php(51): Illuminate/Pipeline/Pipeline->Illuminate/Pipeline/{closure}(Object(Illuminate/Http/Request))
#28 C:/Users/hamza/Desktop/PROYECTOS/APP/mightyfitness/fitness-backend/vendor/laravel/framework/src/Illuminate/Pipeline/Pipeline.php(209): Illuminate/Routing/Middleware/SubstituteBindings->handle(Object(Illuminate/Http/Request), Object(Closure))
#29 C:/Users/hamza/Desktop/PROYECTOS/APP/mightyfitness/fitness-backend/vendor/laravel/framework/src/Illuminate/Routing/Middleware/ThrottleRequests.php(161): Illuminate/Pipeline/Pipeline->Illuminate/Pipeline/{closure}(Object(Illuminate/Http/Request))
#30 C:/Users/hamza/Desktop/PROYECTOS/APP/mightyfitness/fitness-backend/vendor/laravel/framework/src/Illuminate/Routing/Middleware/ThrottleRequests.php(127): Illuminate/Routing/Middleware/ThrottleRequests->handleRequest(Object(Illuminate/Http/Request), Object(Closure), Array)
#31 C:/Users/hamza/Desktop/PROYECTOS/APP/mightyfitness/fitness-backend/vendor/laravel/framework/src/Illuminate/Routing/Middleware/ThrottleRequests.php(89): Illuminate/Routing/Middleware/ThrottleRequests->handleRequestUsingNamedLimiter(Object(Illuminate/Http/Request), Object(Closure), 'api', Object(Closure))
#32 C:/Users/hamza/Desktop/PROYECTOS/APP/mightyfitness/fitness-backend/vendor/laravel/framework/src/Illuminate/Pipeline/Pipeline.php(209): Illuminate/Routing/Middleware/ThrottleRequests->handle(Object(Illuminate/Http/Request), Object(Closure), 'api')
#33 C:/Users/hamza/Desktop/PROYECTOS/APP/mightyfitness/fitness-backend/vendor/laravel/framework/src/Illuminate/Auth/Middleware/Authenticate.php(64): Illuminate/Pipeline/Pipeline->Illuminate/Pipeline/{closure}(Object(Illuminate/Http/Request))
#34 C:/Users/hamza/Desktop/PROYECTOS/APP/mightyfitness/fitness-backend/vendor/laravel/framework/src/Illuminate/Pipeline/Pipeline.php(209): Illuminate/Auth/Middleware/Authenticate->handle(Object(Illuminate/Http/Request), Object(Closure), 'sanctum')
#35 C:/Users/hamza/Desktop/PROYECTOS/APP/mightyfitness/fitness-backend/vendor/laravel/framework/src/Illuminate/Pipeline/Pipeline.php(127): Illuminate/Pipeline/Pipeline->Illuminate/Pipeline/{closure}(Object(Illuminate/Http/Request))
#36 C:/Users/hamza/Desktop/PROYECTOS/APP/mightyfitness/fitness-backend/vendor/laravel/framework/src/Illuminate/Routing/Router.php(807): Illuminate/Pipeline/Pipeline->then(Object(Closure))
#37 C:/Users/hamza/Desktop/PROYECTOS/APP/mightyfitness/fitness-backend/vendor/laravel/framework/src/Illuminate/Routing/Router.php(786): Illuminate/Routing/Router->runRouteWithinStack(Object(Illuminate/Routing/Route), Object(Illuminate/Http/Request))
#38 C:/Users/hamza/Desktop/PROYECTOS/APP/mightyfitness/fitness-backend/vendor/laravel/framework/src/Illuminate/Routing/Router.php(750): Illuminate/Routing/Router->runRoute(Object(Illuminate/Http/Request), Object(Illuminate/Routing/Route))
#39 C:/Users/hamza/Desktop/PROYECTOS/APP/mightyfitness/fitness-backend/vendor/laravel/framework/src/Illuminate/Routing/Router.php(739): Illuminate/Routing/Router->dispatchToRoute(Object(Illuminate/Http/Request))
#40 C:/Users/hamza/Desktop/PROYECTOS/APP/mightyfitness/fitness-backend/vendor/laravel/framework/src/Illuminate/Foundation/Http/Kernel.php(201): Illuminate/Routing/Router->dispatch(Object(Illuminate/Http/Request))
#41 C:/Users/hamza/Desktop/PROYECTOS/APP/mightyfitness/fitness-backend/vendor/laravel/framework/src/Illuminate/Pipeline/Pipeline.php(170): Illuminate/Foundation/Http/Kernel->Illuminate/Foundation/Http/{closure}(Object(Illuminate/Http/Request))
#42 C:/Users/hamza/Desktop/PROYECTOS/APP/mightyfitness/fitness-backend/vendor/livewire/livewire/src/Features/SupportDisablingBackButtonCache/DisableBackButtonCacheMiddleware.php(19): Illuminate/Pipeline/Pipeline->Illuminate/Pipeline/{closure}(Object(Illuminate/Http/Request))
#43 C:/Users/hamza/Desktop/PROYECTOS/APP/mightyfitness/fitness-backend/vendor/laravel/framework/src/Illuminate/Pipeline/Pipeline.php(209): Livewire/Features/SupportDisablingBackButtonCache/DisableBackButtonCacheMiddleware->handle(Object(Illuminate/Http/Request), Object(Closure))
#44 C:/Users/hamza/Desktop/PROYECTOS/APP/mightyfitness/fitness-backend/vendor/laravel/framework/src/Illuminate/Foundation/Http/Middleware/TransformsRequest.php(21): Illuminate/Pipeline/Pipeline->Illuminate/Pipeline/{closure}(Object(Illuminate/Http/Request))
#45 C:/Users/hamza/Desktop/PROYECTOS/APP/mightyfitness/fitness-backend/vendor/laravel/framework/src/Illuminate/Foundation/Http/Middleware/ConvertEmptyStringsToNull.php(31): Illuminate/Foundation/Http/Middleware/TransformsRequest->handle(Object(Illuminate/Http/Request), Object(Closure))
#46 C:/Users/hamza/Desktop/PROYECTOS/APP/mightyfitness/fitness-backend/vendor/laravel/framework/src/Illuminate/Pipeline/Pipeline.php(209): Illuminate/Foundation/Http/Middleware/ConvertEmptyStringsToNull->handle(Object(Illuminate/Http/Request), Object(Closure))
#47 C:/Users/hamza/Desktop/PROYECTOS/APP/mightyfitness/fitness-backend/vendor/laravel/framework/src/Illuminate/Foundation/Http/Middleware/TransformsRequest.php(21): Illuminate/Pipeline/Pipeline->Illuminate/Pipeline/{closure}(Object(Illuminate/Http/Request))
#48 C:/Users/hamza/Desktop/PROYECTOS/APP/mightyfitness/fitness-backend/vendor/laravel/framework/src/Illuminate/Foundation/Http/Middleware/TrimStrings.php(51): Illuminate/Foundation/Http/Middleware/TransformsRequest->handle(Object(Illuminate/Http/Request), Object(Closure))
#49 C:/Users/hamza/Desktop/PROYECTOS/APP/mightyfitness/fitness-backend/vendor/laravel/framework/src/Illuminate/Pipeline/Pipeline.php(209): Illuminate/Foundation/Http/Middleware/TrimStrings->handle(Object(Illuminate/Http/Request), Object(Closure))
#50 C:/Users/hamza/Desktop/PROYECTOS/APP/mightyfitness/fitness-backend/vendor/laravel/framework/src/Illuminate/Http/Middleware/ValidatePostSize.php(27): Illuminate/Pipeline/Pipeline->Illuminate/Pipeline/{closure}(Object(Illuminate/Http/Request))
#51 C:/Users/hamza/Desktop/PROYECTOS/APP/mightyfitness/fitness-backend/vendor/laravel/framework/src/Illuminate/Pipeline/Pipeline.php(209): Illuminate/Http/Middleware/ValidatePostSize->handle(Object(Illuminate/Http/Request), Object(Closure))
#52 C:/Users/hamza/Desktop/PROYECTOS/APP/mightyfitness/fitness-backend/vendor/laravel/framework/src/Illuminate/Foundation/Http/Middleware/PreventRequestsDuringMaintenance.php(110): Illuminate/Pipeline/Pipeline->Illuminate/Pipeline/{closure}(Object(Illuminate/Http/Request))
#53 C:/Users/hamza/Desktop/PROYECTOS/APP/mightyfitness/fitness-backend/vendor/laravel/framework/src/Illuminate/Pipeline/Pipeline.php(209): Illuminate/Foundation/Http/Middleware/PreventRequestsDuringMaintenance->handle(Object(Illuminate/Http/Request), Object(Closure))
#54 C:/Users/hamza/Desktop/PROYECTOS/APP/mightyfitness/fitness-backend/vendor/laravel/framework/src/Illuminate/Http/Middleware/HandleCors.php(62): Illuminate/Pipeline/Pipeline->Illuminate/Pipeline/{closure}(Object(Illuminate/Http/Request))
#55 C:/Users/hamza/Desktop/PROYECTOS/APP/mightyfitness/fitness-backend/vendor/laravel/framework/src/Illuminate/Pipeline/Pipeline.php(209): Illuminate/Http/Middleware/HandleCors->handle(Object(Illuminate/Http/Request), Object(Closure))
#56 C:/Users/hamza/Desktop/PROYECTOS/APP/mightyfitness/fitness-backend/vendor/laravel/framework/src/Illuminate/Pipeline/Pipeline.php(127): Illuminate/Pipeline/Pipeline->Illuminate/Pipeline/{closure}(Object(Illuminate/Http/Request))
#57 C:/Users/hamza/Desktop/PROYECTOS/APP/mightyfitness/fitness-backend/vendor/laravel/framework/src/Illuminate/Foundation/Http/Kernel.php(176): Illuminate/Pipeline/Pipeline->then(Object(Closure))
#58 C:/Users/hamza/Desktop/PROYECTOS/APP/mightyfitness/fitness-backend/vendor/laravel/framework/src/Illuminate/Foundation/Http/Kernel.php(145): Illuminate/Foundation/Http/Kernel->sendRequestThroughRouter(Object(Illuminate/Http/Request))
#59 C:/Users/hamza/Desktop/PROYECTOS/APP/mightyfitness/fitness-backend/public/index.php(51): Illuminate/Foundation/Http/Kernel->handle(Object(Illuminate/Http/Request))
#60 C:/Users/hamza/Desktop/PROYECTOS/APP/mightyfitness/fitness-backend/server.php(21): require_once('C://Users//hamza//...')
#61 {main}
"} 
[2026-07-29 11:25:53] local.ERROR: Class "App\Http\Controllers\API\BaseController" not found {"exception":"[object] (Error(code: 0): Class \"App\\Http\\Controllers\\API\\BaseController\" not found at C:/Users/hamza/Desktop/PROYECTOS/APP/mightyfitness/fitness-backend/app/Http/Controllers/API/Admin/ClientGoalController.php:10)
[stacktrace]
#0 C:/Users/hamza/Desktop/PROYECTOS/APP/mightyfitness/fitness-backend/vendor/composer/ClassLoader.php(576): include()
#1 C:/Users/hamza/Desktop/PROYECTOS/APP/mightyfitness/fitness-backend/vendor/composer/ClassLoader.php(427): Composer/Autoload/{closure}('C://Users//hamza//...')
#2 [internal function]: Composer/Autoload/ClassLoader->loadClass('App//Http//Contro...')
#3 C:/Users/hamza/Desktop/PROYECTOS/APP/mightyfitness/fitness-backend/vendor/laravel/framework/src/Illuminate/Routing/Route.php(1117): is_a('App//Http//Contro...', 'Illuminate//Rout...', true)
#4 C:/Users/hamza/Desktop/PROYECTOS/APP/mightyfitness/fitness-backend/vendor/laravel/framework/src/Illuminate/Routing/Route.php(1054): Illuminate/Routing/Route->controllerMiddleware()
#5 C:/Users/hamza/Desktop/PROYECTOS/APP/mightyfitness/fitness-backend/vendor/laravel/framework/src/Illuminate/Routing/Router.php(820): Illuminate/Routing/Route->gatherMiddleware()
#6 C:/Users/hamza/Desktop/PROYECTOS/APP/mightyfitness/fitness-backend/vendor/laravel/framework/src/Illuminate/Routing/Router.php(802): Illuminate/Routing/Router->gatherRouteMiddleware(Object(Illuminate/Routing/Route))
#7 C:/Users/hamza/Desktop/PROYECTOS/APP/mightyfitness/fitness-backend/vendor/laravel/framework/src/Illuminate/Routing/Router.php(786): Illuminate/Routing/Router->runRouteWithinStack(Object(Illuminate/Routing/Route), Object(Illuminate/Http/Request))
#8 C:/Users/hamza/Desktop/PROYECTOS/APP/mightyfitness/fitness-backend/vendor/laravel/framework/src/Illuminate/Routing/Router.php(750): Illuminate/Routing/Router->runRoute(Object(Illuminate/Http/Request), Object(Illuminate/Routing/Route))
#9 C:/Users/hamza/Desktop/PROYECTOS/APP/mightyfitness/fitness-backend/vendor/laravel/framework/src/Illuminate/Routing/Router.php(739): Illuminate/Routing/Router->dispatchToRoute(Object(Illuminate/Http/Request))
#10 C:/Users/hamza/Desktop/PROYECTOS/APP/mightyfitness/fitness-backend/vendor/laravel/framework/src/Illuminate/Foundation/Http/Kernel.php(201): Illuminate/Routing/Router->dispatch(Object(Illuminate/Http/Request))
#11 C:/Users/hamza/Desktop/PROYECTOS/APP/mightyfitness/fitness-backend/vendor/laravel/framework/src/Illuminate/Pipeline/Pipeline.php(170): Illuminate/Foundation/Http/Kernel->Illuminate/Foundation/Http/{closure}(Object(Illuminate/Http/Request))
#12 C:/Users/hamza/Desktop/PROYECTOS/APP/mightyfitness/fitness-backend/vendor/livewire/livewire/src/Features/SupportDisablingBackButtonCache/DisableBackButtonCacheMiddleware.php(19): Illuminate/Pipeline/Pipeline->Illuminate/Pipeline/{closure}(Object(Illuminate/Http/Request))
#13 C:/Users/hamza/Desktop/PROYECTOS/APP/mightyfitness/fitness-backend/vendor/laravel/framework/src/Illuminate/Pipeline/Pipeline.php(209): Livewire/Features/SupportDisablingBackButtonCache/DisableBackButtonCacheMiddleware->handle(Object(Illuminate/Http/Request), Object(Closure))
#14 C:/Users/hamza/Desktop/PROYECTOS/APP/mightyfitness/fitness-backend/vendor/laravel/framework/src/Illuminate/Foundation/Http/Middleware/TransformsRequest.php(21): Illuminate/Pipeline/Pipeline->Illuminate/Pipeline/{closure}(Object(Illuminate/Http/Request))
#15 C:/Users/hamza/Desktop/PROYECTOS/APP/mightyfitness/fitness-backend/vendor/laravel/framework/src/Illuminate/Foundation/Http/Middleware/ConvertEmptyStringsToNull.php(31): Illuminate/Foundation/Http/Middleware/TransformsRequest->handle(Object(Illuminate/Http/Request), Object(Closure))
#16 C:/Users/hamza/Desktop/PROYECTOS/APP/mightyfitness/fitness-backend/vendor/laravel/framework/src/Illuminate/Pipeline/Pipeline.php(209): Illuminate/Foundation/Http/Middleware/ConvertEmptyStringsToNull->handle(Object(Illuminate/Http/Request), Object(Closure))
#17 C:/Users/hamza/Desktop/PROYECTOS/APP/mightyfitness/fitness-backend/vendor/laravel/framework/src/Illuminate/Foundation/Http/Middleware/TransformsRequest.php(21): Illuminate/Pipeline/Pipeline->Illuminate/Pipeline/{closure}(Object(Illuminate/Http/Request))
#18 C:/Users/hamza/Desktop/PROYECTOS/APP/mightyfitness/fitness-backend/vendor/laravel/framework/src/Illuminate/Foundation/Http/Middleware/TrimStrings.php(51): Illuminate/Foundation/Http/Middleware/TransformsRequest->handle(Object(Illuminate/Http/Request), Object(Closure))
#19 C:/Users/hamza/Desktop/PROYECTOS/APP/mightyfitness/fitness-backend/vendor/laravel/framework/src/Illuminate/Pipeline/Pipeline.php(209): Illuminate/Foundation/Http/Middleware/TrimStrings->handle(Object(Illuminate/Http/Request), Object(Closure))
#20 C:/Users/hamza/Desktop/PROYECTOS/APP/mightyfitness/fitness-backend/vendor/laravel/framework/src/Illuminate/Http/Middleware/ValidatePostSize.php(27): Illuminate/Pipeline/Pipeline->Illuminate/Pipeline/{closure}(Object(Illuminate/Http/Request))
#21 C:/Users/hamza/Desktop/PROYECTOS/APP/mightyfitness/fitness-backend/vendor/laravel/framework/src/Illuminate/Pipeline/Pipeline.php(209): Illuminate/Http/Middleware/ValidatePostSize->handle(Object(Illuminate/Http/Request), Object(Closure))
#22 C:/Users/hamza/Desktop/PROYECTOS/APP/mightyfitness/fitness-backend/vendor/laravel/framework/src/Illuminate/Foundation/Http/Middleware/PreventRequestsDuringMaintenance.php(110): Illuminate/Pipeline/Pipeline->Illuminate/Pipeline/{closure}(Object(Illuminate/Http/Request))
#23 C:/Users/hamza/Desktop/PROYECTOS/APP/mightyfitness/fitness-backend/vendor/laravel/framework/src/Illuminate/Pipeline/Pipeline.php(209): Illuminate/Foundation/Http/Middleware/PreventRequestsDuringMaintenance->handle(Object(Illuminate/Http/Request), Object(Closure))
#24 C:/Users/hamza/Desktop/PROYECTOS/APP/mightyfitness/fitness-backend/vendor/laravel/framework/src/Illuminate/Http/Middleware/HandleCors.php(62): Illuminate/Pipeline/Pipeline->Illuminate/Pipeline/{closure}(Object(Illuminate/Http/Request))
#25 C:/Users/hamza/Desktop/PROYECTOS/APP/mightyfitness/fitness-backend/vendor/laravel/framework/src/Illuminate/Pipeline/Pipeline.php(209): Illuminate/Http/Middleware/HandleCors->handle(Object(Illuminate/Http/Request), Object(Closure))
#26 C:/Users/hamza/Desktop/PROYECTOS/APP/mightyfitness/fitness-backend/vendor/laravel/framework/src/Illuminate/Pipeline/Pipeline.php(127): Illuminate/Pipeline/Pipeline->Illuminate/Pipeline/{closure}(Object(Illuminate/Http/Request))
#27 C:/Users/hamza/Desktop/PROYECTOS/APP/mightyfitness/fitness-backend/vendor/laravel/framework/src/Illuminate/Foundation/Http/Kernel.php(176): Illuminate/Pipeline/Pipeline->then(Object(Closure))
#28 C:/Users/hamza/Desktop/PROYECTOS/APP/mightyfitness/fitness-backend/vendor/laravel/framework/src/Illuminate/Foundation/Http/Kernel.php(145): Illuminate/Foundation/Http/Kernel->sendRequestThroughRouter(Object(Illuminate/Http/Request))
#29 C:/Users/hamza/Desktop/PROYECTOS/APP/mightyfitness/fitness-backend/public/index.php(51): Illuminate/Foundation/Http/Kernel->handle(Object(Illuminate/Http/Request))
#30 C:/Users/hamza/Desktop/PROYECTOS/APP/mightyfitness/fitness-backend/server.php(21): require_once('C://Users//hamza//...')
#31 {main}
"} 
[2026-07-29 11:25:53] local.ERROR: Class "App\Http\Controllers\API\BaseController" not found {"exception":"[object] (Error(code: 0): Class \"App\\Http\\Controllers\\API\\BaseController\" not found at C:/Users/hamza/Desktop/PROYECTOS/APP/mightyfitness/fitness-backend/app/Http/Controllers/API/Admin/ClientLimitationController.php:10)
[stacktrace]
#0 C:/Users/hamza/Desktop/PROYECTOS/APP/mightyfitness/fitness-backend/vendor/composer/ClassLoader.php(576): include()
#1 C:/Users/hamza/Desktop/PROYECTOS/APP/mightyfitness/fitness-backend/vendor/composer/ClassLoader.php(427): Composer/Autoload/{closure}('C://Users//hamza//...')
#2 [internal function]: Composer/Autoload/ClassLoader->loadClass('App//Http//Contro...')
#3 C:/Users/hamza/Desktop/PROYECTOS/APP/mightyfitness/fitness-backend/vendor/laravel/framework/src/Illuminate/Routing/Route.php(1117): is_a('App//Http//Contro...', 'Illuminate//Rout...', true)
#4 C:/Users/hamza/Desktop/PROYECTOS/APP/mightyfitness/fitness-backend/vendor/laravel/framework/src/Illuminate/Routing/Route.php(1054): Illuminate/Routing/Route->controllerMiddleware()
#5 C:/Users/hamza/Desktop/PROYECTOS/APP/mightyfitness/fitness-backend/vendor/laravel/framework/src/Illuminate/Routing/Router.php(820): Illuminate/Routing/Route->gatherMiddleware()
#6 C:/Users/hamza/Desktop/PROYECTOS/APP/mightyfitness/fitness-backend/vendor/laravel/framework/src/Illuminate/Routing/Router.php(802): Illuminate/Routing/Router->gatherRouteMiddleware(Object(Illuminate/Routing/Route))
#7 C:/Users/hamza/Desktop/PROYECTOS/APP/mightyfitness/fitness-backend/vendor/laravel/framework/src/Illuminate/Routing/Router.php(786): Illuminate/Routing/Router->runRouteWithinStack(Object(Illuminate/Routing/Route), Object(Illuminate/Http/Request))
#8 C:/Users/hamza/Desktop/PROYECTOS/APP/mightyfitness/fitness-backend/vendor/laravel/framework/src/Illuminate/Routing/Router.php(750): Illuminate/Routing/Router->runRoute(Object(Illuminate/Http/Request), Object(Illuminate/Routing/Route))
#9 C:/Users/hamza/Desktop/PROYECTOS/APP/mightyfitness/fitness-backend/vendor/laravel/framework/src/Illuminate/Routing/Router.php(739): Illuminate/Routing/Router->dispatchToRoute(Object(Illuminate/Http/Request))
#10 C:/Users/hamza/Desktop/PROYECTOS/APP/mightyfitness/fitness-backend/vendor/laravel/framework/src/Illuminate/Foundation/Http/Kernel.php(201): Illuminate/Routing/Router->dispatch(Object(Illuminate/Http/Request))
#11 C:/Users/hamza/Desktop/PROYECTOS/APP/mightyfitness/fitness-backend/vendor/laravel/framework/src/Illuminate/Pipeline/Pipeline.php(170): Illuminate/Foundation/Http/Kernel->Illuminate/Foundation/Http/{closure}(Object(Illuminate/Http/Request))
#12 C:/Users/hamza/Desktop/PROYECTOS/APP/mightyfitness/fitness-backend/vendor/livewire/livewire/src/Features/SupportDisablingBackButtonCache/DisableBackButtonCacheMiddleware.php(19): Illuminate/Pipeline/Pipeline->Illuminate/Pipeline/{closure}(Object(Illuminate/Http/Request))
#13 C:/Users/hamza/Desktop/PROYECTOS/APP/mightyfitness/fitness-backend/vendor/laravel/framework/src/Illuminate/Pipeline/Pipeline.php(209): Livewire/Features/SupportDisablingBackButtonCache/DisableBackButtonCacheMiddleware->handle(Object(Illuminate/Http/Request), Object(Closure))
#14 C:/Users/hamza/Desktop/PROYECTOS/APP/mightyfitness/fitness-backend/vendor/laravel/framework/src/Illuminate/Foundation/Http/Middleware/TransformsRequest.php(21): Illuminate/Pipeline/Pipeline->Illuminate/Pipeline/{closure}(Object(Illuminate/Http/Request))
#15 C:/Users/hamza/Desktop/PROYECTOS/APP/mightyfitness/fitness-backend/vendor/laravel/framework/src/Illuminate/Foundation/Http/Middleware/ConvertEmptyStringsToNull.php(31): Illuminate/Foundation/Http/Middleware/TransformsRequest->handle(Object(Illuminate/Http/Request), Object(Closure))
#16 C:/Users/hamza/Desktop/PROYECTOS/APP/mightyfitness/fitness-backend/vendor/laravel/framework/src/Illuminate/Pipeline/Pipeline.php(209): Illuminate/Foundation/Http/Middleware/ConvertEmptyStringsToNull->handle(Object(Illuminate/Http/Request), Object(Closure))
#17 C:/Users/hamza/Desktop/PROYECTOS/APP/mightyfitness/fitness-backend/vendor/laravel/framework/src/Illuminate/Foundation/Http/Middleware/TransformsRequest.php(21): Illuminate/Pipeline/Pipeline->Illuminate/Pipeline/{closure}(Object(Illuminate/Http/Request))
#18 C:/Users/hamza/Desktop/PROYECTOS/APP/mightyfitness/fitness-backend/vendor/laravel/framework/src/Illuminate/Foundation/Http/Middleware/TrimStrings.php(51): Illuminate/Foundation/Http/Middleware/TransformsRequest->handle(Object(Illuminate/Http/Request), Object(Closure))
#19 C:/Users/hamza/Desktop/PROYECTOS/APP/mightyfitness/fitness-backend/vendor/laravel/framework/src/Illuminate/Pipeline/Pipeline.php(209): Illuminate/Foundation/Http/Middleware/TrimStrings->handle(Object(Illuminate/Http/Request), Object(Closure))
#20 C:/Users/hamza/Desktop/PROYECTOS/APP/mightyfitness/fitness-backend/vendor/laravel/framework/src/Illuminate/Http/Middleware/ValidatePostSize.php(27): Illuminate/Pipeline/Pipeline->Illuminate/Pipeline/{closure}(Object(Illuminate/Http/Request))
#21 C:/Users/hamza/Desktop/PROYECTOS/APP/mightyfitness/fitness-backend/vendor/laravel/framework/src/Illuminate/Pipeline/Pipeline.php(209): Illuminate/Http/Middleware/ValidatePostSize->handle(Object(Illuminate/Http/Request), Object(Closure))
#22 C:/Users/hamza/Desktop/PROYECTOS/APP/mightyfitness/fitness-backend/vendor/laravel/framework/src/Illuminate/Foundation/Http/Middleware/PreventRequestsDuringMaintenance.php(110): Illuminate/Pipeline/Pipeline->Illuminate/Pipeline/{closure}(Object(Illuminate/Http/Request))
#23 C:/Users/hamza/Desktop/PROYECTOS/APP/mightyfitness/fitness-backend/vendor/laravel/framework/src/Illuminate/Pipeline/Pipeline.php(209): Illuminate/Foundation/Http/Middleware/PreventRequestsDuringMaintenance->handle(Object(Illuminate/Http/Request), Object(Closure))
#24 C:/Users/hamza/Desktop/PROYECTOS/APP/mightyfitness/fitness-backend/vendor/laravel/framework/src/Illuminate/Http/Middleware/HandleCors.php(62): Illuminate/Pipeline/Pipeline->Illuminate/Pipeline/{closure}(Object(Illuminate/Http/Request))
#25 C:/Users/hamza/Desktop/PROYECTOS/APP/mightyfitness/fitness-backend/vendor/laravel/framework/src/Illuminate/Pipeline/Pipeline.php(209): Illuminate/Http/Middleware/HandleCors->handle(Object(Illuminate/Http/Request), Object(Closure))
#26 C:/Users/hamza/Desktop/PROYECTOS/APP/mightyfitness/fitness-backend/vendor/laravel/framework/src/Illuminate/Pipeline/Pipeline.php(127): Illuminate/Pipeline/Pipeline->Illuminate/Pipeline/{closure}(Object(Illuminate/Http/Request))
#27 C:/Users/hamza/Desktop/PROYECTOS/APP/mightyfitness/fitness-backend/vendor/laravel/framework/src/Illuminate/Foundation/Http/Kernel.php(176): Illuminate/Pipeline/Pipeline->then(Object(Closure))
#28 C:/Users/hamza/Desktop/PROYECTOS/APP/mightyfitness/fitness-backend/vendor/laravel/framework/src/Illuminate/Foundation/Http/Kernel.php(145): Illuminate/Foundation/Http/Kernel->sendRequestThroughRouter(Object(Illuminate/Http/Request))
#29 C:/Users/hamza/Desktop/PROYECTOS/APP/mightyfitness/fitness-backend/public/index.php(51): Illuminate/Foundation/Http/Kernel->handle(Object(Illuminate/Http/Request))
#30 C:/Users/hamza/Desktop/PROYECTOS/APP/mightyfitness/fitness-backend/server.php(21): require_once('C://Users//hamza//...')
#31 {main}
"} 
[2026-07-29 11:25:53] local.ERROR: Class "App\Http\Controllers\API\BaseController" not found {"exception":"[object] (Error(code: 0): Class \"App\\Http\\Controllers\\API\\BaseController\" not found at C:/Users/hamza/Desktop/PROYECTOS/APP/mightyfitness/fitness-backend/app/Http/Controllers/API/Admin/ClientBodyMetricController.php:11)
[stacktrace]
#0 C:/Users/hamza/Desktop/PROYECTOS/APP/mightyfitness/fitness-backend/vendor/composer/ClassLoader.php(576): include()
#1 C:/Users/hamza/Desktop/PROYECTOS/APP/mightyfitness/fitness-backend/vendor/composer/ClassLoader.php(427): Composer/Autoload/{closure}('C://Users//hamza//...')
#2 [internal function]: Composer/Autoload/ClassLoader->loadClass('App//Http//Contro...')
#3 C:/Users/hamza/Desktop/PROYECTOS/APP/mightyfitness/fitness-backend/vendor/laravel/framework/src/Illuminate/Routing/Route.php(1117): is_a('App//Http//Contro...', 'Illuminate//Rout...', true)
#4 C:/Users/hamza/Desktop/PROYECTOS/APP/mightyfitness/fitness-backend/vendor/laravel/framework/src/Illuminate/Routing/Route.php(1054): Illuminate/Routing/Route->controllerMiddleware()
#5 C:/Users/hamza/Desktop/PROYECTOS/APP/mightyfitness/fitness-backend/vendor/laravel/framework/src/Illuminate/Routing/Router.php(820): Illuminate/Routing/Route->gatherMiddleware()
#6 C:/Users/hamza/Desktop/PROYECTOS/APP/mightyfitness/fitness-backend/vendor/laravel/framework/src/Illuminate/Routing/Router.php(802): Illuminate/Routing/Router->gatherRouteMiddleware(Object(Illuminate/Routing/Route))
#7 C:/Users/hamza/Desktop/PROYECTOS/APP/mightyfitness/fitness-backend/vendor/laravel/framework/src/Illuminate/Routing/Router.php(786): Illuminate/Routing/Router->runRouteWithinStack(Object(Illuminate/Routing/Route), Object(Illuminate/Http/Request))
#8 C:/Users/hamza/Desktop/PROYECTOS/APP/mightyfitness/fitness-backend/vendor/laravel/framework/src/Illuminate/Routing/Router.php(750): Illuminate/Routing/Router->runRoute(Object(Illuminate/Http/Request), Object(Illuminate/Routing/Route))
#9 C:/Users/hamza/Desktop/PROYECTOS/APP/mightyfitness/fitness-backend/vendor/laravel/framework/src/Illuminate/Routing/Router.php(739): Illuminate/Routing/Router->dispatchToRoute(Object(Illuminate/Http/Request))
#10 C:/Users/hamza/Desktop/PROYECTOS/APP/mightyfitness/fitness-backend/vendor/laravel/framework/src/Illuminate/Foundation/Http/Kernel.php(201): Illuminate/Routing/Router->dispatch(Object(Illuminate/Http/Request))
#11 C:/Users/hamza/Desktop/PROYECTOS/APP/mightyfitness/fitness-backend/vendor/laravel/framework/src/Illuminate/Pipeline/Pipeline.php(170): Illuminate/Foundation/Http/Kernel->Illuminate/Foundation/Http/{closure}(Object(Illuminate/Http/Request))
#12 C:/Users/hamza/Desktop/PROYECTOS/APP/mightyfitness/fitness-backend/vendor/livewire/livewire/src/Features/SupportDisablingBackButtonCache/DisableBackButtonCacheMiddleware.php(19): Illuminate/Pipeline/Pipeline->Illuminate/Pipeline/{closure}(Object(Illuminate/Http/Request))
#13 C:/Users/hamza/Desktop/PROYECTOS/APP/mightyfitness/fitness-backend/vendor/laravel/framework/src/Illuminate/Pipeline/Pipeline.php(209): Livewire/Features/SupportDisablingBackButtonCache/DisableBackButtonCacheMiddleware->handle(Object(Illuminate/Http/Request), Object(Closure))
#14 C:/Users/hamza/Desktop/PROYECTOS/APP/mightyfitness/fitness-backend/vendor/laravel/framework/src/Illuminate/Foundation/Http/Middleware/TransformsRequest.php(21): Illuminate/Pipeline/Pipeline->Illuminate/Pipeline/{closure}(Object(Illuminate/Http/Request))
#15 C:/Users/hamza/Desktop/PROYECTOS/APP/mightyfitness/fitness-backend/vendor/laravel/framework/src/Illuminate/Foundation/Http/Middleware/ConvertEmptyStringsToNull.php(31): Illuminate/Foundation/Http/Middleware/TransformsRequest->handle(Object(Illuminate/Http/Request), Object(Closure))
#16 C:/Users/hamza/Desktop/PROYECTOS/APP/mightyfitness/fitness-backend/vendor/laravel/framework/src/Illuminate/Pipeline/Pipeline.php(209): Illuminate/Foundation/Http/Middleware/ConvertEmptyStringsToNull->handle(Object(Illuminate/Http/Request), Object(Closure))
#17 C:/Users/hamza/Desktop/PROYECTOS/APP/mightyfitness/fitness-backend/vendor/laravel/framework/src/Illuminate/Foundation/Http/Middleware/TransformsRequest.php(21): Illuminate/Pipeline/Pipeline->Illuminate/Pipeline/{closure}(Object(Illuminate/Http/Request))
#18 C:/Users/hamza/Desktop/PROYECTOS/APP/mightyfitness/fitness-backend/vendor/laravel/framework/src/Illuminate/Foundation/Http/Middleware/TrimStrings.php(51): Illuminate/Foundation/Http/Middleware/TransformsRequest->handle(Object(Illuminate/Http/Request), Object(Closure))
#19 C:/Users/hamza/Desktop/PROYECTOS/APP/mightyfitness/fitness-backend/vendor/laravel/framework/src/Illuminate/Pipeline/Pipeline.php(209): Illuminate/Foundation/Http/Middleware/TrimStrings->handle(Object(Illuminate/Http/Request), Object(Closure))
#20 C:/Users/hamza/Desktop/PROYECTOS/APP/mightyfitness/fitness-backend/vendor/laravel/framework/src/Illuminate/Http/Middleware/ValidatePostSize.php(27): Illuminate/Pipeline/Pipeline->Illuminate/Pipeline/{closure}(Object(Illuminate/Http/Request))
#21 C:/Users/hamza/Desktop/PROYECTOS/APP/mightyfitness/fitness-backend/vendor/laravel/framework/src/Illuminate/Pipeline/Pipeline.php(209): Illuminate/Http/Middleware/ValidatePostSize->handle(Object(Illuminate/Http/Request), Object(Closure))
#22 C:/Users/hamza/Desktop/PROYECTOS/APP/mightyfitness/fitness-backend/vendor/laravel/framework/src/Illuminate/Foundation/Http/Middleware/PreventRequestsDuringMaintenance.php(110): Illuminate/Pipeline/Pipeline->Illuminate/Pipeline/{closure}(Object(Illuminate/Http/Request))
#23 C:/Users/hamza/Desktop/PROYECTOS/APP/mightyfitness/fitness-backend/vendor/laravel/framework/src/Illuminate/Pipeline/Pipeline.php(209): Illuminate/Foundation/Http/Middleware/PreventRequestsDuringMaintenance->handle(Object(Illuminate/Http/Request), Object(Closure))
#24 C:/Users/hamza/Desktop/PROYECTOS/APP/mightyfitness/fitness-backend/vendor/laravel/framework/src/Illuminate/Http/Middleware/HandleCors.php(62): Illuminate/Pipeline/Pipeline->Illuminate/Pipeline/{closure}(Object(Illuminate/Http/Request))
#25 C:/Users/hamza/Desktop/PROYECTOS/APP/mightyfitness/fitness-backend/vendor/laravel/framework/src/Illuminate/Pipeline/Pipeline.php(209): Illuminate/Http/Middleware/HandleCors->handle(Object(Illuminate/Http/Request), Object(Closure))
#26 C:/Users/hamza/Desktop/PROYECTOS/APP/mightyfitness/fitness-backend/vendor/laravel/framework/src/Illuminate/Pipeline/Pipeline.php(127): Illuminate/Pipeline/Pipeline->Illuminate/Pipeline/{closure}(Object(Illuminate/Http/Request))
#27 C:/Users/hamza/Desktop/PROYECTOS/APP/mightyfitness/fitness-backend/vendor/laravel/framework/src/Illuminate/Foundation/Http/Kernel.php(176): Illuminate/Pipeline/Pipeline->then(Object(Closure))
#28 C:/Users/hamza/Desktop/PROYECTOS/APP/mightyfitness/fitness-backend/vendor/laravel/framework/src/Illuminate/Foundation/Http/Kernel.php(145): Illuminate/Foundation/Http/Kernel->sendRequestThroughRouter(Object(Illuminate/Http/Request))
#29 C:/Users/hamza/Desktop/PROYECTOS/APP/mightyfitness/fitness-backend/public/index.php(51): Illuminate/Foundation/Http/Kernel->handle(Object(Illuminate/Http/Request))
#30 C:/Users/hamza/Desktop/PROYECTOS/APP/mightyfitness/fitness-backend/server.php(21): require_once('C://Users//hamza//...')
#31 {main}
"} 
[2026-07-29 11:25:54] local.ERROR: Class "App\Http\Controllers\API\BaseController" not found {"exception":"[object] (Error(code: 0): Class \"App\\Http\\Controllers\\API\\BaseController\" not found at C:/Users/hamza/Desktop/PROYECTOS/APP/mightyfitness/fitness-backend/app/Http/Controllers/API/Admin/ClientBodyMetricController.php:11)
[stacktrace]
#0 C:/Users/hamza/Desktop/PROYECTOS/APP/mightyfitness/fitness-backend/vendor/composer/ClassLoader.php(576): include()
#1 C:/Users/hamza/Desktop/PROYECTOS/APP/mightyfitness/fitness-backend/vendor/composer/ClassLoader.php(427): Composer/Autoload/{closure}('C://Users//hamza//...')
#2 [internal function]: Composer/Autoload/ClassLoader->loadClass('App//Http//Contro...')
#3 C:/Users/hamza/Desktop/PROYECTOS/APP/mightyfitness/fitness-backend/vendor/laravel/framework/src/Illuminate/Routing/Route.php(1117): is_a('App//Http//Contro...', 'Illuminate//Rout...', true)
#4 C:/Users/hamza/Desktop/PROYECTOS/APP/mightyfitness/fitness-backend/vendor/laravel/framework/src/Illuminate/Routing/Route.php(1054): Illuminate/Routing/Route->controllerMiddleware()
#5 C:/Users/hamza/Desktop/PROYECTOS/APP/mightyfitness/fitness-backend/vendor/laravel/framework/src/Illuminate/Routing/Router.php(820): Illuminate/Routing/Route->gatherMiddleware()
#6 C:/Users/hamza/Desktop/PROYECTOS/APP/mightyfitness/fitness-backend/vendor/laravel/framework/src/Illuminate/Routing/Router.php(802): Illuminate/Routing/Router->gatherRouteMiddleware(Object(Illuminate/Routing/Route))
#7 C:/Users/hamza/Desktop/PROYECTOS/APP/mightyfitness/fitness-backend/vendor/laravel/framework/src/Illuminate/Routing/Router.php(786): Illuminate/Routing/Router->runRouteWithinStack(Object(Illuminate/Routing/Route), Object(Illuminate/Http/Request))
#8 C:/Users/hamza/Desktop/PROYECTOS/APP/mightyfitness/fitness-backend/vendor/laravel/framework/src/Illuminate/Routing/Router.php(750): Illuminate/Routing/Router->runRoute(Object(Illuminate/Http/Request), Object(Illuminate/Routing/Route))
#9 C:/Users/hamza/Desktop/PROYECTOS/APP/mightyfitness/fitness-backend/vendor/laravel/framework/src/Illuminate/Routing/Router.php(739): Illuminate/Routing/Router->dispatchToRoute(Object(Illuminate/Http/Request))
#10 C:/Users/hamza/Desktop/PROYECTOS/APP/mightyfitness/fitness-backend/vendor/laravel/framework/src/Illuminate/Foundation/Http/Kernel.php(201): Illuminate/Routing/Router->dispatch(Object(Illuminate/Http/Request))
#11 C:/Users/hamza/Desktop/PROYECTOS/APP/mightyfitness/fitness-backend/vendor/laravel/framework/src/Illuminate/Pipeline/Pipeline.php(170): Illuminate/Foundation/Http/Kernel->Illuminate/Foundation/Http/{closure}(Object(Illuminate/Http/Request))
#12 C:/Users/hamza/Desktop/PROYECTOS/APP/mightyfitness/fitness-backend/vendor/livewire/livewire/src/Features/SupportDisablingBackButtonCache/DisableBackButtonCacheMiddleware.php(19): Illuminate/Pipeline/Pipeline->Illuminate/Pipeline/{closure}(Object(Illuminate/Http/Request))
#13 C:/Users/hamza/Desktop/PROYECTOS/APP/mightyfitness/fitness-backend/vendor/laravel/framework/src/Illuminate/Pipeline/Pipeline.php(209): Livewire/Features/SupportDisablingBackButtonCache/DisableBackButtonCacheMiddleware->handle(Object(Illuminate/Http/Request), Object(Closure))
#14 C:/Users/hamza/Desktop/PROYECTOS/APP/mightyfitness/fitness-backend/vendor/laravel/framework/src/Illuminate/Foundation/Http/Middleware/TransformsRequest.php(21): Illuminate/Pipeline/Pipeline->Illuminate/Pipeline/{closure}(Object(Illuminate/Http/Request))
#15 C:/Users/hamza/Desktop/PROYECTOS/APP/mightyfitness/fitness-backend/vendor/laravel/framework/src/Illuminate/Foundation/Http/Middleware/ConvertEmptyStringsToNull.php(31): Illuminate/Foundation/Http/Middleware/TransformsRequest->handle(Object(Illuminate/Http/Request), Object(Closure))
#16 C:/Users/hamza/Desktop/PROYECTOS/APP/mightyfitness/fitness-backend/vendor/laravel/framework/src/Illuminate/Pipeline/Pipeline.php(209): Illuminate/Foundation/Http/Middleware/ConvertEmptyStringsToNull->handle(Object(Illuminate/Http/Request), Object(Closure))
#17 C:/Users/hamza/Desktop/PROYECTOS/APP/mightyfitness/fitness-backend/vendor/laravel/framework/src/Illuminate/Foundation/Http/Middleware/TransformsRequest.php(21): Illuminate/Pipeline/Pipeline->Illuminate/Pipeline/{closure}(Object(Illuminate/Http/Request))
#18 C:/Users/hamza/Desktop/PROYECTOS/APP/mightyfitness/fitness-backend/vendor/laravel/framework/src/Illuminate/Foundation/Http/Middleware/TrimStrings.php(51): Illuminate/Foundation/Http/Middleware/TransformsRequest->handle(Object(Illuminate/Http/Request), Object(Closure))
#19 C:/Users/hamza/Desktop/PROYECTOS/APP/mightyfitness/fitness-backend/vendor/laravel/framework/src/Illuminate/Pipeline/Pipeline.php(209): Illuminate/Foundation/Http/Middleware/TrimStrings->handle(Object(Illuminate/Http/Request), Object(Closure))
#20 C:/Users/hamza/Desktop/PROYECTOS/APP/mightyfitness/fitness-backend/vendor/laravel/framework/src/Illuminate/Http/Middleware/ValidatePostSize.php(27): Illuminate/Pipeline/Pipeline->Illuminate/Pipeline/{closure}(Object(Illuminate/Http/Request))
#21 C:/Users/hamza/Desktop/PROYECTOS/APP/mightyfitness/fitness-backend/vendor/laravel/framework/src/Illuminate/Pipeline/Pipeline.php(209): Illuminate/Http/Middleware/ValidatePostSize->handle(Object(Illuminate/Http/Request), Object(Closure))
#22 C:/Users/hamza/Desktop/PROYECTOS/APP/mightyfitness/fitness-backend/vendor/laravel/framework/src/Illuminate/Foundation/Http/Middleware/PreventRequestsDuringMaintenance.php(110): Illuminate/Pipeline/Pipeline->Illuminate/Pipeline/{closure}(Object(Illuminate/Http/Request))
#23 C:/Users/hamza/Desktop/PROYECTOS/APP/mightyfitness/fitness-backend/vendor/laravel/framework/src/Illuminate/Pipeline/Pipeline.php(209): Illuminate/Foundation/Http/Middleware/PreventRequestsDuringMaintenance->handle(Object(Illuminate/Http/Request), Object(Closure))
#24 C:/Users/hamza/Desktop/PROYECTOS/APP/mightyfitness/fitness-backend/vendor/laravel/framework/src/Illuminate/Http/Middleware/HandleCors.php(62): Illuminate/Pipeline/Pipeline->Illuminate/Pipeline/{closure}(Object(Illuminate/Http/Request))
#25 C:/Users/hamza/Desktop/PROYECTOS/APP/mightyfitness/fitness-backend/vendor/laravel/framework/src/Illuminate/Pipeline/Pipeline.php(209): Illuminate/Http/Middleware/HandleCors->handle(Object(Illuminate/Http/Request), Object(Closure))
#26 C:/Users/hamza/Desktop/PROYECTOS/APP/mightyfitness/fitness-backend/vendor/laravel/framework/src/Illuminate/Pipeline/Pipeline.php(127): Illuminate/Pipeline/Pipeline->Illuminate/Pipeline/{closure}(Object(Illuminate/Http/Request))
#27 C:/Users/hamza/Desktop/PROYECTOS/APP/mightyfitness/fitness-backend/vendor/laravel/framework/src/Illuminate/Foundation/Http/Kernel.php(176): Illuminate/Pipeline/Pipeline->then(Object(Closure))
#28 C:/Users/hamza/Desktop/PROYECTOS/APP/mightyfitness/fitness-backend/vendor/laravel/framework/src/Illuminate/Foundation/Http/Kernel.php(145): Illuminate/Foundation/Http/Kernel->sendRequestThroughRouter(Object(Illuminate/Http/Request))
#29 C:/Users/hamza/Desktop/PROYECTOS/APP/mightyfitness/fitness-backend/public/index.php(51): Illuminate/Foundation/Http/Kernel->handle(Object(Illuminate/Http/Request))
#30 C:/Users/hamza/Desktop/PROYECTOS/APP/mightyfitness/fitness-backend/server.php(21): require_once('C://Users//hamza//...')
#31 {main}
"} 
[2026-07-29 12:39:57] local.ERROR: Class "Admin\RecipeIngredientController" does not exist {"exception":"[object] (ReflectionException(code: -1): Class \"Admin\\RecipeIngredientController\" does not exist at C:/Users/hamza/Desktop/PROYECTOS/APP/mightyfitness/fitness-backend/vendor/laravel/framework/src/Illuminate/Foundation/Console/RouteListCommand.php:235)
[stacktrace]
#0 C:/Users/hamza/Desktop/PROYECTOS/APP/mightyfitness/fitness-backend/vendor/laravel/framework/src/Illuminate/Foundation/Console/RouteListCommand.php(235): ReflectionClass->__construct('Admin//RecipeIng...')
#1 C:/Users/hamza/Desktop/PROYECTOS/APP/mightyfitness/fitness-backend/vendor/laravel/framework/src/Illuminate/Foundation/Console/RouteListCommand.php(149): Illuminate/Foundation/Console/RouteListCommand->isVendorRoute(Object(Illuminate/Routing/Route))
#2 C:/Users/hamza/Desktop/PROYECTOS/APP/mightyfitness/fitness-backend/vendor/laravel/framework/src/Illuminate/Foundation/Console/RouteListCommand.php(118): Illuminate/Foundation/Console/RouteListCommand->getRouteInformation(Object(Illuminate/Routing/Route))
#3 [internal function]: Illuminate/Foundation/Console/RouteListCommand->Illuminate/Foundation/Console/{closure}(Object(Illuminate/Routing/Route), 230)
#4 C:/Users/hamza/Desktop/PROYECTOS/APP/mightyfitness/fitness-backend/vendor/laravel/framework/src/Illuminate/Collections/Arr.php(609): array_map(Object(Closure), Array, Array)
#5 C:/Users/hamza/Desktop/PROYECTOS/APP/mightyfitness/fitness-backend/vendor/laravel/framework/src/Illuminate/Collections/Collection.php(799): Illuminate/Support/Arr::map(Array, Object(Closure))
#6 C:/Users/hamza/Desktop/PROYECTOS/APP/mightyfitness/fitness-backend/vendor/laravel/framework/src/Illuminate/Foundation/Console/RouteListCommand.php(117): Illuminate/Support/Collection->map(Object(Closure))
#7 C:/Users/hamza/Desktop/PROYECTOS/APP/mightyfitness/fitness-backend/vendor/laravel/framework/src/Illuminate/Foundation/Console/RouteListCommand.php(103): Illuminate/Foundation/Console/RouteListCommand->getRoutes()
#8 C:/Users/hamza/Desktop/PROYECTOS/APP/mightyfitness/fitness-backend/vendor/laravel/framework/src/Illuminate/Container/BoundMethod.php(36): Illuminate/Foundation/Console/RouteListCommand->handle()
#9 C:/Users/hamza/Desktop/PROYECTOS/APP/mightyfitness/fitness-backend/vendor/laravel/framework/src/Illuminate/Container/Util.php(43): Illuminate/Container/BoundMethod::Illuminate/Container/{closure}()
#10 C:/Users/hamza/Desktop/PROYECTOS/APP/mightyfitness/fitness-backend/vendor/laravel/framework/src/Illuminate/Container/BoundMethod.php(95): Illuminate/Container/Util::unwrapIfClosure(Object(Closure))
#11 C:/Users/hamza/Desktop/PROYECTOS/APP/mightyfitness/fitness-backend/vendor/laravel/framework/src/Illuminate/Container/BoundMethod.php(35): Illuminate/Container/BoundMethod::callBoundMethod(Object(Illuminate/Foundation/Application), Array, Object(Closure))
#12 C:/Users/hamza/Desktop/PROYECTOS/APP/mightyfitness/fitness-backend/vendor/laravel/framework/src/Illuminate/Container/Container.php(696): Illuminate/Container/BoundMethod::call(Object(Illuminate/Foundation/Application), Array, Array, NULL)
#13 C:/Users/hamza/Desktop/PROYECTOS/APP/mightyfitness/fitness-backend/vendor/laravel/framework/src/Illuminate/Console/Command.php(213): Illuminate/Container/Container->call(Array)
#14 C:/Users/hamza/Desktop/PROYECTOS/APP/mightyfitness/fitness-backend/vendor/symfony/console/Command/Command.php(341): Illuminate/Console/Command->execute(Object(Symfony/Component/Console/Input/ArgvInput), Object(Illuminate/Console/OutputStyle))
#15 C:/Users/hamza/Desktop/PROYECTOS/APP/mightyfitness/fitness-backend/vendor/laravel/framework/src/Illuminate/Console/Command.php(182): Symfony/Component/Console/Command/Command->run(Object(Symfony/Component/Console/Input/ArgvInput), Object(Illuminate/Console/OutputStyle))
#16 C:/Users/hamza/Desktop/PROYECTOS/APP/mightyfitness/fitness-backend/vendor/symfony/console/Application.php(1117): Illuminate/Console/Command->run(Object(Symfony/Component/Console/Input/ArgvInput), Object(Symfony/Component/Console/Output/ConsoleOutput))
#17 C:/Users/hamza/Desktop/PROYECTOS/APP/mightyfitness/fitness-backend/vendor/symfony/console/Application.php(356): Symfony/Component/Console/Application->doRunCommand(Object(Illuminate/Foundation/Console/RouteListCommand), Object(Symfony/Component/Console/Input/ArgvInput), Object(Symfony/Component/Console/Output/ConsoleOutput))
#18 C:/Users/hamza/Desktop/PROYECTOS/APP/mightyfitness/fitness-backend/vendor/symfony/console/Application.php(195): Symfony/Component/Console/Application->doRun(Object(Symfony/Component/Console/Input/ArgvInput), Object(Symfony/Component/Console/Output/ConsoleOutput))
#19 C:/Users/hamza/Desktop/PROYECTOS/APP/mightyfitness/fitness-backend/vendor/laravel/framework/src/Illuminate/Foundation/Console/Kernel.php(198): Symfony/Component/Console/Application->run(Object(Symfony/Component/Console/Input/ArgvInput), Object(Symfony/Component/Console/Output/ConsoleOutput))
#20 C:/Users/hamza/Desktop/PROYECTOS/APP/mightyfitness/fitness-backend/artisan(35): Illuminate/Foundation/Console/Kernel->handle(Object(Symfony/Component/Console/Input/ArgvInput), Object(Symfony/Component/Console/Output/ConsoleOutput))
#21 {main}
"} 
[2026-07-29 12:59:18] local.ERROR: SQLSTATE[42S22]: Column not found: 1054 Unknown column 'client_tag_assignments.tag_id' in 'field list' (Connection: mysql, SQL: select `client_tags`.*, `client_tag_assignments`.`client_id` as `pivot_client_id`, `client_tag_assignments`.`tag_id` as `pivot_tag_id` from `client_tags` inner join `client_tag_assignments` on `client_tags`.`id` = `client_tag_assignments`.`tag_id` where `client_tag_assignments`.`client_id` in (3)) {"userId":1,"exception":"[object] (Illuminate\\Database\\QueryException(code: 42S22): SQLSTATE[42S22]: Column not found: 1054 Unknown column 'client_tag_assignments.tag_id' in 'field list' (Connection: mysql, SQL: select `client_tags`.*, `client_tag_assignments`.`client_id` as `pivot_client_id`, `client_tag_assignments`.`tag_id` as `pivot_tag_id` from `client_tags` inner join `client_tag_assignments` on `client_tags`.`id` = `client_tag_assignments`.`tag_id` where `client_tag_assignments`.`client_id` in (3)) at C:/Users/hamza/Desktop/PROYECTOS/APP/mightyfitness/fitness-backend/vendor/laravel/framework/src/Illuminate/Database/Connection.php:825)
[stacktrace]
#0 C:/Users/hamza/Desktop/PROYECTOS/APP/mightyfitness/fitness-backend/vendor/laravel/framework/src/Illuminate/Database/Connection.php(779): Illuminate/Database/Connection->runQueryCallback('select `client_...', Array, Object(Closure))
#1 C:/Users/hamza/Desktop/PROYECTOS/APP/mightyfitness/fitness-backend/vendor/laravel/framework/src/Illuminate/Database/Connection.php(398): Illuminate/Database/Connection->run('select `client_...', Array, Object(Closure))
#2 C:/Users/hamza/Desktop/PROYECTOS/APP/mightyfitness/fitness-backend/vendor/laravel/framework/src/Illuminate/Database/Query/Builder.php(3106): Illuminate/Database/Connection->select('select `client_...', Array, true)
#3 C:/Users/hamza/Desktop/PROYECTOS/APP/mightyfitness/fitness-backend/vendor/laravel/framework/src/Illuminate/Database/Query/Builder.php(3091): Illuminate/Database/Query/Builder->runSelect()
#4 C:/Users/hamza/Desktop/PROYECTOS/APP/mightyfitness/fitness-backend/vendor/laravel/framework/src/Illuminate/Database/Query/Builder.php(3676): Illuminate/Database/Query/Builder->Illuminate/Database/Query/{closure}()
#5 C:/Users/hamza/Desktop/PROYECTOS/APP/mightyfitness/fitness-backend/vendor/laravel/framework/src/Illuminate/Database/Query/Builder.php(3090): Illuminate/Database/Query/Builder->onceWithColumns(Array, Object(Closure))
#6 C:/Users/hamza/Desktop/PROYECTOS/APP/mightyfitness/fitness-backend/vendor/laravel/framework/src/Illuminate/Database/Eloquent/Builder.php(811): Illuminate/Database/Query/Builder->get(Array)
#7 C:/Users/hamza/Desktop/PROYECTOS/APP/mightyfitness/fitness-backend/vendor/laravel/framework/src/Illuminate/Database/Eloquent/Relations/BelongsToMany.php(887): Illuminate/Database/Eloquent/Builder->getModels()
#8 C:/Users/hamza/Desktop/PROYECTOS/APP/mightyfitness/fitness-backend/vendor/laravel/framework/src/Illuminate/Database/Eloquent/Relations/Relation.php(176): Illuminate/Database/Eloquent/Relations/BelongsToMany->get()
#9 C:/Users/hamza/Desktop/PROYECTOS/APP/mightyfitness/fitness-backend/vendor/laravel/framework/src/Illuminate/Database/Eloquent/Builder.php(859): Illuminate/Database/Eloquent/Relations/Relation->getEager()
#10 C:/Users/hamza/Desktop/PROYECTOS/APP/mightyfitness/fitness-backend/vendor/laravel/framework/src/Illuminate/Database/Eloquent/Builder.php(828): Illuminate/Database/Eloquent/Builder->eagerLoadRelation(Array, 'tags', Object(Closure))
#11 C:/Users/hamza/Desktop/PROYECTOS/APP/mightyfitness/fitness-backend/vendor/laravel/framework/src/Illuminate/Database/Eloquent/Builder.php(794): Illuminate/Database/Eloquent/Builder->eagerLoadRelations(Array)
#12 C:/Users/hamza/Desktop/PROYECTOS/APP/mightyfitness/fitness-backend/vendor/laravel/framework/src/Illuminate/Database/Concerns/BuildsQueries.php(343): Illuminate/Database/Eloquent/Builder->get(Array)
#13 C:/Users/hamza/Desktop/PROYECTOS/APP/mightyfitness/fitness-backend/vendor/laravel/framework/src/Illuminate/Database/Eloquent/Builder.php(477): Illuminate/Database/Eloquent/Builder->first(Array)
#14 C:/Users/hamza/Desktop/PROYECTOS/APP/mightyfitness/fitness-backend/app/Http/Controllers/API/ClientTagController.php(55): Illuminate/Database/Eloquent/Builder->find('3')
#15 C:/Users/hamza/Desktop/PROYECTOS/APP/mightyfitness/fitness-backend/vendor/laravel/framework/src/Illuminate/Routing/Controller.php(54): App/Http/Controllers/API/ClientTagController->getClientTags(Object(Illuminate/Http/Request))
#16 C:/Users/hamza/Desktop/PROYECTOS/APP/mightyfitness/fitness-backend/vendor/laravel/framework/src/Illuminate/Routing/ControllerDispatcher.php(44): Illuminate/Routing/Controller->callAction('getClientTags', Array)
#17 C:/Users/hamza/Desktop/PROYECTOS/APP/mightyfitness/fitness-backend/vendor/laravel/framework/src/Illuminate/Routing/Route.php(266): Illuminate/Routing/ControllerDispatcher->dispatch(Object(Illuminate/Routing/Route), Object(App/Http/Controllers/API/ClientTagController), 'getClientTags')
#18 C:/Users/hamza/Desktop/PROYECTOS/APP/mightyfitness/fitness-backend/vendor/laravel/framework/src/Illuminate/Routing/Route.php(212): Illuminate/Routing/Route->runController()
#19 C:/Users/hamza/Desktop/PROYECTOS/APP/mightyfitness/fitness-backend/vendor/laravel/framework/src/Illuminate/Routing/Router.php(808): Illuminate/Routing/Route->run()
#20 C:/Users/hamza/Desktop/PROYECTOS/APP/mightyfitness/fitness-backend/vendor/laravel/framework/src/Illuminate/Pipeline/Pipeline.php(170): Illuminate/Routing/Router->Illuminate/Routing/{closure}(Object(Illuminate/Http/Request))
#21 C:/Users/hamza/Desktop/PROYECTOS/APP/mightyfitness/fitness-backend/app/Http/Middleware/AdminApi.php(26): Illuminate/Pipeline/Pipeline->Illuminate/Pipeline/{closure}(Object(Illuminate/Http/Request))
#22 C:/Users/hamza/Desktop/PROYECTOS/APP/mightyfitness/fitness-backend/vendor/laravel/framework/src/Illuminate/Pipeline/Pipeline.php(209): App/Http/Middleware/AdminApi->handle(Object(Illuminate/Http/Request), Object(Closure))
#23 C:/Users/hamza/Desktop/PROYECTOS/APP/mightyfitness/fitness-backend/app/Http/Middleware/API/CheckUserStatus.php(26): Illuminate/Pipeline/Pipeline->Illuminate/Pipeline/{closure}(Object(Illuminate/Http/Request))
#24 C:/Users/hamza/Desktop/PROYECTOS/APP/mightyfitness/fitness-backend/vendor/laravel/framework/src/Illuminate/Pipeline/Pipeline.php(209): App/Http/Middleware/API/CheckUserStatus->handle(Object(Illuminate/Http/Request), Object(Closure))
#25 C:/Users/hamza/Desktop/PROYECTOS/APP/mightyfitness/fitness-backend/vendor/laravel/framework/src/Illuminate/Routing/Middleware/SubstituteBindings.php(51): Illuminate/Pipeline/Pipeline->Illuminate/Pipeline/{closure}(Object(Illuminate/Http/Request))
#26 C:/Users/hamza/Desktop/PROYECTOS/APP/mightyfitness/fitness-backend/vendor/laravel/framework/src/Illuminate/Pipeline/Pipeline.php(209): Illuminate/Routing/Middleware/SubstituteBindings->handle(Object(Illuminate/Http/Request), Object(Closure))
#27 C:/Users/hamza/Desktop/PROYECTOS/APP/mightyfitness/fitness-backend/vendor/laravel/framework/src/Illuminate/Routing/Middleware/ThrottleRequests.php(161): Illuminate/Pipeline/Pipeline->Illuminate/Pipeline/{closure}(Object(Illuminate/Http/Request))
#28 C:/Users/hamza/Desktop/PROYECTOS/APP/mightyfitness/fitness-backend/vendor/laravel/framework/src/Illuminate/Routing/Middleware/ThrottleRequests.php(127): Illuminate/Routing/Middleware/ThrottleRequests->handleRequest(Object(Illuminate/Http/Request), Object(Closure), Array)
#29 C:/Users/hamza/Desktop/PROYECTOS/APP/mightyfitness/fitness-backend/vendor/laravel/framework/src/Illuminate/Routing/Middleware/ThrottleRequests.php(89): Illuminate/Routing/Middleware/ThrottleRequests->handleRequestUsingNamedLimiter(Object(Illuminate/Http/Request), Object(Closure), 'api', Object(Closure))
#30 C:/Users/hamza/Desktop/PROYECTOS/APP/mightyfitness/fitness-backend/vendor/laravel/framework/src/Illuminate/Pipeline/Pipeline.php(209): Illuminate/Routing/Middleware/ThrottleRequests->handle(Object(Illuminate/Http/Request), Object(Closure), 'api')
#31 C:/Users/hamza/Desktop/PROYECTOS/APP/mightyfitness/fitness-backend/vendor/laravel/framework/src/Illuminate/Auth/Middleware/Authenticate.php(64): Illuminate/Pipeline/Pipeline->Illuminate/Pipeline/{closure}(Object(Illuminate/Http/Request))
#32 C:/Users/hamza/Desktop/PROYECTOS/APP/mightyfitness/fitness-backend/vendor/laravel/framework/src/Illuminate/Pipeline/Pipeline.php(209): Illuminate/Auth/Middleware/Authenticate->handle(Object(Illuminate/Http/Request), Object(Closure), 'sanctum')
#33 C:/Users/hamza/Desktop/PROYECTOS/APP/mightyfitness/fitness-backend/vendor/laravel/framework/src/Illuminate/Pipeline/Pipeline.php(127): Illuminate/Pipeline/Pipeline->Illuminate/Pipeline/{closure}(Object(Illuminate/Http/Request))
#34 C:/Users/hamza/Desktop/PROYECTOS/APP/mightyfitness/fitness-backend/vendor/laravel/framework/src/Illuminate/Routing/Router.php(807): Illuminate/Pipeline/Pipeline->then(Object(Closure))
#35 C:/Users/hamza/Desktop/PROYECTOS/APP/mightyfitness/fitness-backend/vendor/laravel/framework/src/Illuminate/Routing/Router.php(786): Illuminate/Routing/Router->runRouteWithinStack(Object(Illuminate/Routing/Route), Object(Illuminate/Http/Request))
#36 C:/Users/hamza/Desktop/PROYECTOS/APP/mightyfitness/fitness-backend/vendor/laravel/framework/src/Illuminate/Routing/Router.php(750): Illuminate/Routing/Router->runRoute(Object(Illuminate/Http/Request), Object(Illuminate/Routing/Route))
#37 C:/Users/hamza/Desktop/PROYECTOS/APP/mightyfitness/fitness-backend/vendor/laravel/framework/src/Illuminate/Routing/Router.php(739): Illuminate/Routing/Router->dispatchToRoute(Object(Illuminate/Http/Request))
#38 C:/Users/hamza/Desktop/PROYECTOS/APP/mightyfitness/fitness-backend/vendor/laravel/framework/src/Illuminate/Foundation/Http/Kernel.php(201): Illuminate/Routing/Router->dispatch(Object(Illuminate/Http/Request))
#39 C:/Users/hamza/Desktop/PROYECTOS/APP/mightyfitness/fitness-backend/vendor/laravel/framework/src/Illuminate/Pipeline/Pipeline.php(170): Illuminate/Foundation/Http/Kernel->Illuminate/Foundation/Http/{closure}(Object(Illuminate/Http/Request))
#40 C:/Users/hamza/Desktop/PROYECTOS/APP/mightyfitness/fitness-backend/vendor/livewire/livewire/src/Features/SupportDisablingBackButtonCache/DisableBackButtonCacheMiddleware.php(19): Illuminate/Pipeline/Pipeline->Illuminate/Pipeline/{closure}(Object(Illuminate/Http/Request))
#41 C:/Users/hamza/Desktop/PROYECTOS/APP/mightyfitness/fitness-backend/vendor/laravel/framework/src/Illuminate/Pipeline/Pipeline.php(209): Livewire/Features/SupportDisablingBackButtonCache/DisableBackButtonCacheMiddleware->handle(Object(Illuminate/Http/Request), Object(Closure))
#42 C:/Users/hamza/Desktop/PROYECTOS/APP/mightyfitness/fitness-backend/vendor/laravel/framework/src/Illuminate/Foundation/Http/Middleware/TransformsRequest.php(21): Illuminate/Pipeline/Pipeline->Illuminate/Pipeline/{closure}(Object(Illuminate/Http/Request))
#43 C:/Users/hamza/Desktop/PROYECTOS/APP/mightyfitness/fitness-backend/vendor/laravel/framework/src/Illuminate/Foundation/Http/Middleware/ConvertEmptyStringsToNull.php(31): Illuminate/Foundation/Http/Middleware/TransformsRequest->handle(Object(Illuminate/Http/Request), Object(Closure))
#44 C:/Users/hamza/Desktop/PROYECTOS/APP/mightyfitness/fitness-backend/vendor/laravel/framework/src/Illuminate/Pipeline/Pipeline.php(209): Illuminate/Foundation/Http/Middleware/ConvertEmptyStringsToNull->handle(Object(Illuminate/Http/Request), Object(Closure))
#45 C:/Users/hamza/Desktop/PROYECTOS/APP/mightyfitness/fitness-backend/vendor/laravel/framework/src/Illuminate/Foundation/Http/Middleware/TransformsRequest.php(21): Illuminate/Pipeline/Pipeline->Illuminate/Pipeline/{closure}(Object(Illuminate/Http/Request))
#46 C:/Users/hamza/Desktop/PROYECTOS/APP/mightyfitness/fitness-backend/vendor/laravel/framework/src/Illuminate/Foundation/Http/Middleware/TrimStrings.php(51): Illuminate/Foundation/Http/Middleware/TransformsRequest->handle(Object(Illuminate/Http/Request), Object(Closure))
#47 C:/Users/hamza/Desktop/PROYECTOS/APP/mightyfitness/fitness-backend/vendor/laravel/framework/src/Illuminate/Pipeline/Pipeline.php(209): Illuminate/Foundation/Http/Middleware/TrimStrings->handle(Object(Illuminate/Http/Request), Object(Closure))
#48 C:/Users/hamza/Desktop/PROYECTOS/APP/mightyfitness/fitness-backend/vendor/laravel/framework/src/Illuminate/Http/Middleware/ValidatePostSize.php(27): Illuminate/Pipeline/Pipeline->Illuminate/Pipeline/{closure}(Object(Illuminate/Http/Request))
#49 C:/Users/hamza/Desktop/PROYECTOS/APP/mightyfitness/fitness-backend/vendor/laravel/framework/src/Illuminate/Pipeline/Pipeline.php(209): Illuminate/Http/Middleware/ValidatePostSize->handle(Object(Illuminate/Http/Request), Object(Closure))
#50 C:/Users/hamza/Desktop/PROYECTOS/APP/mightyfitness/fitness-backend/vendor/laravel/framework/src/Illuminate/Foundation/Http/Middleware/PreventRequestsDuringMaintenance.php(110): Illuminate/Pipeline/Pipeline->Illuminate/Pipeline/{closure}(Object(Illuminate/Http/Request))
#51 C:/Users/hamza/Desktop/PROYECTOS/APP/mightyfitness/fitness-backend/vendor/laravel/framework/src/Illuminate/Pipeline/Pipeline.php(209): Illuminate/Foundation/Http/Middleware/PreventRequestsDuringMaintenance->handle(Object(Illuminate/Http/Request), Object(Closure))
#52 C:/Users/hamza/Desktop/PROYECTOS/APP/mightyfitness/fitness-backend/vendor/laravel/framework/src/Illuminate/Http/Middleware/HandleCors.php(62): Illuminate/Pipeline/Pipeline->Illuminate/Pipeline/{closure}(Object(Illuminate/Http/Request))
#53 C:/Users/hamza/Desktop/PROYECTOS/APP/mightyfitness/fitness-backend/vendor/laravel/framework/src/Illuminate/Pipeline/Pipeline.php(209): Illuminate/Http/Middleware/HandleCors->handle(Object(Illuminate/Http/Request), Object(Closure))
#54 C:/Users/hamza/Desktop/PROYECTOS/APP/mightyfitness/fitness-backend/vendor/laravel/framework/src/Illuminate/Pipeline/Pipeline.php(127): Illuminate/Pipeline/Pipeline->Illuminate/Pipeline/{closure}(Object(Illuminate/Http/Request))
#55 C:/Users/hamza/Desktop/PROYECTOS/APP/mightyfitness/fitness-backend/vendor/laravel/framework/src/Illuminate/Foundation/Http/Kernel.php(176): Illuminate/Pipeline/Pipeline->then(Object(Closure))
#56 C:/Users/hamza/Desktop/PROYECTOS/APP/mightyfitness/fitness-backend/vendor/laravel/framework/src/Illuminate/Foundation/Http/Kernel.php(145): Illuminate/Foundation/Http/Kernel->sendRequestThroughRouter(Object(Illuminate/Http/Request))
#57 C:/Users/hamza/Desktop/PROYECTOS/APP/mightyfitness/fitness-backend/public/index.php(51): Illuminate/Foundation/Http/Kernel->handle(Object(Illuminate/Http/Request))
#58 C:/Users/hamza/Desktop/PROYECTOS/APP/mightyfitness/fitness-backend/server.php(21): require_once('C://Users//hamza//...')
#59 {main}

[previous exception] [object] (PDOException(code: 42S22): SQLSTATE[42S22]: Column not found: 1054 Unknown column 'client_tag_assignments.tag_id' in 'field list' at C:/Users/hamza/Desktop/PROYECTOS/APP/mightyfitness/fitness-backend/vendor/laravel/framework/src/Illuminate/Database/Connection.php:407)
[stacktrace]
#0 C:/Users/hamza/Desktop/PROYECTOS/APP/mightyfitness/fitness-backend/vendor/laravel/framework/src/Illuminate/Database/Connection.php(407): PDO->prepare('select `client_...')
#1 C:/Users/hamza/Desktop/PROYECTOS/APP/mightyfitness/fitness-backend/vendor/laravel/framework/src/Illuminate/Database/Connection.php(812): Illuminate/Database/Connection->Illuminate/Database/{closure}('select `client_...', Array)
#2 C:/Users/hamza/Desktop/PROYECTOS/APP/mightyfitness/fitness-backend/vendor/laravel/framework/src/Illuminate/Database/Connection.php(779): Illuminate/Database/Connection->runQueryCallback('select `client_...', Array, Object(Closure))
#3 C:/Users/hamza/Desktop/PROYECTOS/APP/mightyfitness/fitness-backend/vendor/laravel/framework/src/Illuminate/Database/Connection.php(398): Illuminate/Database/Connection->run('select `client_...', Array, Object(Closure))
#4 C:/Users/hamza/Desktop/PROYECTOS/APP/mightyfitness/fitness-backend/vendor/laravel/framework/src/Illuminate/Database/Query/Builder.php(3106): Illuminate/Database/Connection->select('select `client_...', Array, true)
#5 C:/Users/hamza/Desktop/PROYECTOS/APP/mightyfitness/fitness-backend/vendor/laravel/framework/src/Illuminate/Database/Query/Builder.php(3091): Illuminate/Database/Query/Builder->runSelect()
#6 C:/Users/hamza/Desktop/PROYECTOS/APP/mightyfitness/fitness-backend/vendor/laravel/framework/src/Illuminate/Database/Query/Builder.php(3676): Illuminate/Database/Query/Builder->Illuminate/Database/Query/{closure}()
#7 C:/Users/hamza/Desktop/PROYECTOS/APP/mightyfitness/fitness-backend/vendor/laravel/framework/src/Illuminate/Database/Query/Builder.php(3090): Illuminate/Database/Query/Builder->onceWithColumns(Array, Object(Closure))
#8 C:/Users/hamza/Desktop/PROYECTOS/APP/mightyfitness/fitness-backend/vendor/laravel/framework/src/Illuminate/Database/Eloquent/Builder.php(811): Illuminate/Database/Query/Builder->get(Array)
#9 C:/Users/hamza/Desktop/PROYECTOS/APP/mightyfitness/fitness-backend/vendor/laravel/framework/src/Illuminate/Database/Eloquent/Relations/BelongsToMany.php(887): Illuminate/Database/Eloquent/Builder->getModels()
#10 C:/Users/hamza/Desktop/PROYECTOS/APP/mightyfitness/fitness-backend/vendor/laravel/framework/src/Illuminate/Database/Eloquent/Relations/Relation.php(176): Illuminate/Database/Eloquent/Relations/BelongsToMany->get()
#11 C:/Users/hamza/Desktop/PROYECTOS/APP/mightyfitness/fitness-backend/vendor/laravel/framework/src/Illuminate/Database/Eloquent/Builder.php(859): Illuminate/Database/Eloquent/Relations/Relation->getEager()
#12 C:/Users/hamza/Desktop/PROYECTOS/APP/mightyfitness/fitness-backend/vendor/laravel/framework/src/Illuminate/Database/Eloquent/Builder.php(828): Illuminate/Database/Eloquent/Builder->eagerLoadRelation(Array, 'tags', Object(Closure))
#13 C:/Users/hamza/Desktop/PROYECTOS/APP/mightyfitness/fitness-backend/vendor/laravel/framework/src/Illuminate/Database/Eloquent/Builder.php(794): Illuminate/Database/Eloquent/Builder->eagerLoadRelations(Array)
#14 C:/Users/hamza/Desktop/PROYECTOS/APP/mightyfitness/fitness-backend/vendor/laravel/framework/src/Illuminate/Database/Concerns/BuildsQueries.php(343): Illuminate/Database/Eloquent/Builder->get(Array)
#15 C:/Users/hamza/Desktop/PROYECTOS/APP/mightyfitness/fitness-backend/vendor/laravel/framework/src/Illuminate/Database/Eloquent/Builder.php(477): Illuminate/Database/Eloquent/Builder->first(Array)
#16 C:/Users/hamza/Desktop/PROYECTOS/APP/mightyfitness/fitness-backend/app/Http/Controllers/API/ClientTagController.php(55): Illuminate/Database/Eloquent/Builder->find('3')
#17 C:/Users/hamza/Desktop/PROYECTOS/APP/mightyfitness/fitness-backend/vendor/laravel/framework/src/Illuminate/Routing/Controller.php(54): App/Http/Controllers/API/ClientTagController->getClientTags(Object(Illuminate/Http/Request))
#18 C:/Users/hamza/Desktop/PROYECTOS/APP/mightyfitness/fitness-backend/vendor/laravel/framework/src/Illuminate/Routing/ControllerDispatcher.php(44): Illuminate/Routing/Controller->callAction('getClientTags', Array)
#19 C:/Users/hamza/Desktop/PROYECTOS/APP/mightyfitness/fitness-backend/vendor/laravel/framework/src/Illuminate/Routing/Route.php(266): Illuminate/Routing/ControllerDispatcher->dispatch(Object(Illuminate/Routing/Route), Object(App/Http/Controllers/API/ClientTagController), 'getClientTags')
#20 C:/Users/hamza/Desktop/PROYECTOS/APP/mightyfitness/fitness-backend/vendor/laravel/framework/src/Illuminate/Routing/Route.php(212): Illuminate/Routing/Route->runController()
#21 C:/Users/hamza/Desktop/PROYECTOS/APP/mightyfitness/fitness-backend/vendor/laravel/framework/src/Illuminate/Routing/Router.php(808): Illuminate/Routing/Route->run()
#22 C:/Users/hamza/Desktop/PROYECTOS/APP/mightyfitness/fitness-backend/vendor/laravel/framework/src/Illuminate/Pipeline/Pipeline.php(170): Illuminate/Routing/Router->Illuminate/Routing/{closure}(Object(Illuminate/Http/Request))
#23 C:/Users/hamza/Desktop/PROYECTOS/APP/mightyfitness/fitness-backend/app/Http/Middleware/AdminApi.php(26): Illuminate/Pipeline/Pipeline->Illuminate/Pipeline/{closure}(Object(Illuminate/Http/Request))
#24 C:/Users/hamza/Desktop/PROYECTOS/APP/mightyfitness/fitness-backend/vendor/laravel/framework/src/Illuminate/Pipeline/Pipeline.php(209): App/Http/Middleware/AdminApi->handle(Object(Illuminate/Http/Request), Object(Closure))
#25 C:/Users/hamza/Desktop/PROYECTOS/APP/mightyfitness/fitness-backend/app/Http/Middleware/API/CheckUserStatus.php(26): Illuminate/Pipeline/Pipeline->Illuminate/Pipeline/{closure}(Object(Illuminate/Http/Request))
#26 C:/Users/hamza/Desktop/PROYECTOS/APP/mightyfitness/fitness-backend/vendor/laravel/framework/src/Illuminate/Pipeline/Pipeline.php(209): App/Http/Middleware/API/CheckUserStatus->handle(Object(Illuminate/Http/Request), Object(Closure))
#27 C:/Users/hamza/Desktop/PROYECTOS/APP/mightyfitness/fitness-backend/vendor/laravel/framework/src/Illuminate/Routing/Middleware/SubstituteBindings.php(51): Illuminate/Pipeline/Pipeline->Illuminate/Pipeline/{closure}(Object(Illuminate/Http/Request))
#28 C:/Users/hamza/Desktop/PROYECTOS/APP/mightyfitness/fitness-backend/vendor/laravel/framework/src/Illuminate/Pipeline/Pipeline.php(209): Illuminate/Routing/Middleware/SubstituteBindings->handle(Object(Illuminate/Http/Request), Object(Closure))
#29 C:/Users/hamza/Desktop/PROYECTOS/APP/mightyfitness/fitness-backend/vendor/laravel/framework/src/Illuminate/Routing/Middleware/ThrottleRequests.php(161): Illuminate/Pipeline/Pipeline->Illuminate/Pipeline/{closure}(Object(Illuminate/Http/Request))
#30 C:/Users/hamza/Desktop/PROYECTOS/APP/mightyfitness/fitness-backend/vendor/laravel/framework/src/Illuminate/Routing/Middleware/ThrottleRequests.php(127): Illuminate/Routing/Middleware/ThrottleRequests->handleRequest(Object(Illuminate/Http/Request), Object(Closure), Array)
#31 C:/Users/hamza/Desktop/PROYECTOS/APP/mightyfitness/fitness-backend/vendor/laravel/framework/src/Illuminate/Routing/Middleware/ThrottleRequests.php(89): Illuminate/Routing/Middleware/ThrottleRequests->handleRequestUsingNamedLimiter(Object(Illuminate/Http/Request), Object(Closure), 'api', Object(Closure))
#32 C:/Users/hamza/Desktop/PROYECTOS/APP/mightyfitness/fitness-backend/vendor/laravel/framework/src/Illuminate/Pipeline/Pipeline.php(209): Illuminate/Routing/Middleware/ThrottleRequests->handle(Object(Illuminate/Http/Request), Object(Closure), 'api')
#33 C:/Users/hamza/Desktop/PROYECTOS/APP/mightyfitness/fitness-backend/vendor/laravel/framework/src/Illuminate/Auth/Middleware/Authenticate.php(64): Illuminate/Pipeline/Pipeline->Illuminate/Pipeline/{closure}(Object(Illuminate/Http/Request))
#34 C:/Users/hamza/Desktop/PROYECTOS/APP/mightyfitness/fitness-backend/vendor/laravel/framework/src/Illuminate/Pipeline/Pipeline.php(209): Illuminate/Auth/Middleware/Authenticate->handle(Object(Illuminate/Http/Request), Object(Closure), 'sanctum')
#35 C:/Users/hamza/Desktop/PROYECTOS/APP/mightyfitness/fitness-backend/vendor/laravel/framework/src/Illuminate/Pipeline/Pipeline.php(127): Illuminate/Pipeline/Pipeline->Illuminate/Pipeline/{closure}(Object(Illuminate/Http/Request))
#36 C:/Users/hamza/Desktop/PROYECTOS/APP/mightyfitness/fitness-backend/vendor/laravel/framework/src/Illuminate/Routing/Router.php(807): Illuminate/Pipeline/Pipeline->then(Object(Closure))
#37 C:/Users/hamza/Desktop/PROYECTOS/APP/mightyfitness/fitness-backend/vendor/laravel/framework/src/Illuminate/Routing/Router.php(786): Illuminate/Routing/Router->runRouteWithinStack(Object(Illuminate/Routing/Route), Object(Illuminate/Http/Request))
#38 C:/Users/hamza/Desktop/PROYECTOS/APP/mightyfitness/fitness-backend/vendor/laravel/framework/src/Illuminate/Routing/Router.php(750): Illuminate/Routing/Router->runRoute(Object(Illuminate/Http/Request), Object(Illuminate/Routing/Route))
#39 C:/Users/hamza/Desktop/PROYECTOS/APP/mightyfitness/fitness-backend/vendor/laravel/framework/src/Illuminate/Routing/Router.php(739): Illuminate/Routing/Router->dispatchToRoute(Object(Illuminate/Http/Request))
#40 C:/Users/hamza/Desktop/PROYECTOS/APP/mightyfitness/fitness-backend/vendor/laravel/framework/src/Illuminate/Foundation/Http/Kernel.php(201): Illuminate/Routing/Router->dispatch(Object(Illuminate/Http/Request))
#41 C:/Users/hamza/Desktop/PROYECTOS/APP/mightyfitness/fitness-backend/vendor/laravel/framework/src/Illuminate/Pipeline/Pipeline.php(170): Illuminate/Foundation/Http/Kernel->Illuminate/Foundation/Http/{closure}(Object(Illuminate/Http/Request))
#42 C:/Users/hamza/Desktop/PROYECTOS/APP/mightyfitness/fitness-backend/vendor/livewire/livewire/src/Features/SupportDisablingBackButtonCache/DisableBackButtonCacheMiddleware.php(19): Illuminate/Pipeline/Pipeline->Illuminate/Pipeline/{closure}(Object(Illuminate/Http/Request))
#43 C:/Users/hamza/Desktop/PROYECTOS/APP/mightyfitness/fitness-backend/vendor/laravel/framework/src/Illuminate/Pipeline/Pipeline.php(209): Livewire/Features/SupportDisablingBackButtonCache/DisableBackButtonCacheMiddleware->handle(Object(Illuminate/Http/Request), Object(Closure))
#44 C:/Users/hamza/Desktop/PROYECTOS/APP/mightyfitness/fitness-backend/vendor/laravel/framework/src/Illuminate/Foundation/Http/Middleware/TransformsRequest.php(21): Illuminate/Pipeline/Pipeline->Illuminate/Pipeline/{closure}(Object(Illuminate/Http/Request))
#45 C:/Users/hamza/Desktop/PROYECTOS/APP/mightyfitness/fitness-backend/vendor/laravel/framework/src/Illuminate/Foundation/Http/Middleware/ConvertEmptyStringsToNull.php(31): Illuminate/Foundation/Http/Middleware/TransformsRequest->handle(Object(Illuminate/Http/Request), Object(Closure))
#46 C:/Users/hamza/Desktop/PROYECTOS/APP/mightyfitness/fitness-backend/vendor/laravel/framework/src/Illuminate/Pipeline/Pipeline.php(209): Illuminate/Foundation/Http/Middleware/ConvertEmptyStringsToNull->handle(Object(Illuminate/Http/Request), Object(Closure))
#47 C:/Users/hamza/Desktop/PROYECTOS/APP/mightyfitness/fitness-backend/vendor/laravel/framework/src/Illuminate/Foundation/Http/Middleware/TransformsRequest.php(21): Illuminate/Pipeline/Pipeline->Illuminate/Pipeline/{closure}(Object(Illuminate/Http/Request))
#48 C:/Users/hamza/Desktop/PROYECTOS/APP/mightyfitness/fitness-backend/vendor/laravel/framework/src/Illuminate/Foundation/Http/Middleware/TrimStrings.php(51): Illuminate/Foundation/Http/Middleware/TransformsRequest->handle(Object(Illuminate/Http/Request), Object(Closure))
#49 C:/Users/hamza/Desktop/PROYECTOS/APP/mightyfitness/fitness-backend/vendor/laravel/framework/src/Illuminate/Pipeline/Pipeline.php(209): Illuminate/Foundation/Http/Middleware/TrimStrings->handle(Object(Illuminate/Http/Request), Object(Closure))
#50 C:/Users/hamza/Desktop/PROYECTOS/APP/mightyfitness/fitness-backend/vendor/laravel/framework/src/Illuminate/Http/Middleware/ValidatePostSize.php(27): Illuminate/Pipeline/Pipeline->Illuminate/Pipeline/{closure}(Object(Illuminate/Http/Request))
#51 C:/Users/hamza/Desktop/PROYECTOS/APP/mightyfitness/fitness-backend/vendor/laravel/framework/src/Illuminate/Pipeline/Pipeline.php(209): Illuminate/Http/Middleware/ValidatePostSize->handle(Object(Illuminate/Http/Request), Object(Closure))
#52 C:/Users/hamza/Desktop/PROYECTOS/APP/mightyfitness/fitness-backend/vendor/laravel/framework/src/Illuminate/Foundation/Http/Middleware/PreventRequestsDuringMaintenance.php(110): Illuminate/Pipeline/Pipeline->Illuminate/Pipeline/{closure}(Object(Illuminate/Http/Request))
#53 C:/Users/hamza/Desktop/PROYECTOS/APP/mightyfitness/fitness-backend/vendor/laravel/framework/src/Illuminate/Pipeline/Pipeline.php(209): Illuminate/Foundation/Http/Middleware/PreventRequestsDuringMaintenance->handle(Object(Illuminate/Http/Request), Object(Closure))
#54 C:/Users/hamza/Desktop/PROYECTOS/APP/mightyfitness/fitness-backend/vendor/laravel/framework/src/Illuminate/Http/Middleware/HandleCors.php(62): Illuminate/Pipeline/Pipeline->Illuminate/Pipeline/{closure}(Object(Illuminate/Http/Request))
#55 C:/Users/hamza/Desktop/PROYECTOS/APP/mightyfitness/fitness-backend/vendor/laravel/framework/src/Illuminate/Pipeline/Pipeline.php(209): Illuminate/Http/Middleware/HandleCors->handle(Object(Illuminate/Http/Request), Object(Closure))
#56 C:/Users/hamza/Desktop/PROYECTOS/APP/mightyfitness/fitness-backend/vendor/laravel/framework/src/Illuminate/Pipeline/Pipeline.php(127): Illuminate/Pipeline/Pipeline->Illuminate/Pipeline/{closure}(Object(Illuminate/Http/Request))
#57 C:/Users/hamza/Desktop/PROYECTOS/APP/mightyfitness/fitness-backend/vendor/laravel/framework/src/Illuminate/Foundation/Http/Kernel.php(176): Illuminate/Pipeline/Pipeline->then(Object(Closure))
#58 C:/Users/hamza/Desktop/PROYECTOS/APP/mightyfitness/fitness-backend/vendor/laravel/framework/src/Illuminate/Foundation/Http/Kernel.php(145): Illuminate/Foundation/Http/Kernel->sendRequestThroughRouter(Object(Illuminate/Http/Request))
#59 C:/Users/hamza/Desktop/PROYECTOS/APP/mightyfitness/fitness-backend/public/index.php(51): Illuminate/Foundation/Http/Kernel->handle(Object(Illuminate/Http/Request))
#60 C:/Users/hamza/Desktop/PROYECTOS/APP/mightyfitness/fitness-backend/server.php(21): require_once('C://Users//hamza//...')
#61 {main}
"} 
[2026-07-29 12:59:20] local.ERROR: Class "App\Http\Controllers\API\BaseController" not found {"exception":"[object] (Error(code: 0): Class \"App\\Http\\Controllers\\API\\BaseController\" not found at C:/Users/hamza/Desktop/PROYECTOS/APP/mightyfitness/fitness-backend/app/Http/Controllers/API/Admin/ClientGoalController.php:10)
[stacktrace]
#0 C:/Users/hamza/Desktop/PROYECTOS/APP/mightyfitness/fitness-backend/vendor/composer/ClassLoader.php(576): include()
#1 C:/Users/hamza/Desktop/PROYECTOS/APP/mightyfitness/fitness-backend/vendor/composer/ClassLoader.php(427): Composer/Autoload/{closure}('C://Users//hamza//...')
#2 [internal function]: Composer/Autoload/ClassLoader->loadClass('App//Http//Contro...')
#3 C:/Users/hamza/Desktop/PROYECTOS/APP/mightyfitness/fitness-backend/vendor/laravel/framework/src/Illuminate/Routing/Route.php(1117): is_a('App//Http//Contro...', 'Illuminate//Rout...', true)
#4 C:/Users/hamza/Desktop/PROYECTOS/APP/mightyfitness/fitness-backend/vendor/laravel/framework/src/Illuminate/Routing/Route.php(1054): Illuminate/Routing/Route->controllerMiddleware()
#5 C:/Users/hamza/Desktop/PROYECTOS/APP/mightyfitness/fitness-backend/vendor/laravel/framework/src/Illuminate/Routing/Router.php(820): Illuminate/Routing/Route->gatherMiddleware()
#6 C:/Users/hamza/Desktop/PROYECTOS/APP/mightyfitness/fitness-backend/vendor/laravel/framework/src/Illuminate/Routing/Router.php(802): Illuminate/Routing/Router->gatherRouteMiddleware(Object(Illuminate/Routing/Route))
#7 C:/Users/hamza/Desktop/PROYECTOS/APP/mightyfitness/fitness-backend/vendor/laravel/framework/src/Illuminate/Routing/Router.php(786): Illuminate/Routing/Router->runRouteWithinStack(Object(Illuminate/Routing/Route), Object(Illuminate/Http/Request))
#8 C:/Users/hamza/Desktop/PROYECTOS/APP/mightyfitness/fitness-backend/vendor/laravel/framework/src/Illuminate/Routing/Router.php(750): Illuminate/Routing/Router->runRoute(Object(Illuminate/Http/Request), Object(Illuminate/Routing/Route))
#9 C:/Users/hamza/Desktop/PROYECTOS/APP/mightyfitness/fitness-backend/vendor/laravel/framework/src/Illuminate/Routing/Router.php(739): Illuminate/Routing/Router->dispatchToRoute(Object(Illuminate/Http/Request))
#10 C:/Users/hamza/Desktop/PROYECTOS/APP/mightyfitness/fitness-backend/vendor/laravel/framework/src/Illuminate/Foundation/Http/Kernel.php(201): Illuminate/Routing/Router->dispatch(Object(Illuminate/Http/Request))
#11 C:/Users/hamza/Desktop/PROYECTOS/APP/mightyfitness/fitness-backend/vendor/laravel/framework/src/Illuminate/Pipeline/Pipeline.php(170): Illuminate/Foundation/Http/Kernel->Illuminate/Foundation/Http/{closure}(Object(Illuminate/Http/Request))
#12 C:/Users/hamza/Desktop/PROYECTOS/APP/mightyfitness/fitness-backend/vendor/livewire/livewire/src/Features/SupportDisablingBackButtonCache/DisableBackButtonCacheMiddleware.php(19): Illuminate/Pipeline/Pipeline->Illuminate/Pipeline/{closure}(Object(Illuminate/Http/Request))
#13 C:/Users/hamza/Desktop/PROYECTOS/APP/mightyfitness/fitness-backend/vendor/laravel/framework/src/Illuminate/Pipeline/Pipeline.php(209): Livewire/Features/SupportDisablingBackButtonCache/DisableBackButtonCacheMiddleware->handle(Object(Illuminate/Http/Request), Object(Closure))
#14 C:/Users/hamza/Desktop/PROYECTOS/APP/mightyfitness/fitness-backend/vendor/laravel/framework/src/Illuminate/Foundation/Http/Middleware/TransformsRequest.php(21): Illuminate/Pipeline/Pipeline->Illuminate/Pipeline/{closure}(Object(Illuminate/Http/Request))
#15 C:/Users/hamza/Desktop/PROYECTOS/APP/mightyfitness/fitness-backend/vendor/laravel/framework/src/Illuminate/Foundation/Http/Middleware/ConvertEmptyStringsToNull.php(31): Illuminate/Foundation/Http/Middleware/TransformsRequest->handle(Object(Illuminate/Http/Request), Object(Closure))
#16 C:/Users/hamza/Desktop/PROYECTOS/APP/mightyfitness/fitness-backend/vendor/laravel/framework/src/Illuminate/Pipeline/Pipeline.php(209): Illuminate/Foundation/Http/Middleware/ConvertEmptyStringsToNull->handle(Object(Illuminate/Http/Request), Object(Closure))
#17 C:/Users/hamza/Desktop/PROYECTOS/APP/mightyfitness/fitness-backend/vendor/laravel/framework/src/Illuminate/Foundation/Http/Middleware/TransformsRequest.php(21): Illuminate/Pipeline/Pipeline->Illuminate/Pipeline/{closure}(Object(Illuminate/Http/Request))
#18 C:/Users/hamza/Desktop/PROYECTOS/APP/mightyfitness/fitness-backend/vendor/laravel/framework/src/Illuminate/Foundation/Http/Middleware/TrimStrings.php(51): Illuminate/Foundation/Http/Middleware/TransformsRequest->handle(Object(Illuminate/Http/Request), Object(Closure))
#19 C:/Users/hamza/Desktop/PROYECTOS/APP/mightyfitness/fitness-backend/vendor/laravel/framework/src/Illuminate/Pipeline/Pipeline.php(209): Illuminate/Foundation/Http/Middleware/TrimStrings->handle(Object(Illuminate/Http/Request), Object(Closure))
#20 C:/Users/hamza/Desktop/PROYECTOS/APP/mightyfitness/fitness-backend/vendor/laravel/framework/src/Illuminate/Http/Middleware/ValidatePostSize.php(27): Illuminate/Pipeline/Pipeline->Illuminate/Pipeline/{closure}(Object(Illuminate/Http/Request))
#21 C:/Users/hamza/Desktop/PROYECTOS/APP/mightyfitness/fitness-backend/vendor/laravel/framework/src/Illuminate/Pipeline/Pipeline.php(209): Illuminate/Http/Middleware/ValidatePostSize->handle(Object(Illuminate/Http/Request), Object(Closure))
#22 C:/Users/hamza/Desktop/PROYECTOS/APP/mightyfitness/fitness-backend/vendor/laravel/framework/src/Illuminate/Foundation/Http/Middleware/PreventRequestsDuringMaintenance.php(110): Illuminate/Pipeline/Pipeline->Illuminate/Pipeline/{closure}(Object(Illuminate/Http/Request))
#23 C:/Users/hamza/Desktop/PROYECTOS/APP/mightyfitness/fitness-backend/vendor/laravel/framework/src/Illuminate/Pipeline/Pipeline.php(209): Illuminate/Foundation/Http/Middleware/PreventRequestsDuringMaintenance->handle(Object(Illuminate/Http/Request), Object(Closure))
#24 C:/Users/hamza/Desktop/PROYECTOS/APP/mightyfitness/fitness-backend/vendor/laravel/framework/src/Illuminate/Http/Middleware/HandleCors.php(62): Illuminate/Pipeline/Pipeline->Illuminate/Pipeline/{closure}(Object(Illuminate/Http/Request))
#25 C:/Users/hamza/Desktop/PROYECTOS/APP/mightyfitness/fitness-backend/vendor/laravel/framework/src/Illuminate/Pipeline/Pipeline.php(209): Illuminate/Http/Middleware/HandleCors->handle(Object(Illuminate/Http/Request), Object(Closure))
#26 C:/Users/hamza/Desktop/PROYECTOS/APP/mightyfitness/fitness-backend/vendor/laravel/framework/src/Illuminate/Pipeline/Pipeline.php(127): Illuminate/Pipeline/Pipeline->Illuminate/Pipeline/{closure}(Object(Illuminate/Http/Request))
#27 C:/Users/hamza/Desktop/PROYECTOS/APP/mightyfitness/fitness-backend/vendor/laravel/framework/src/Illuminate/Foundation/Http/Kernel.php(176): Illuminate/Pipeline/Pipeline->then(Object(Closure))
#28 C:/Users/hamza/Desktop/PROYECTOS/APP/mightyfitness/fitness-backend/vendor/laravel/framework/src/Illuminate/Foundation/Http/Kernel.php(145): Illuminate/Foundation/Http/Kernel->sendRequestThroughRouter(Object(Illuminate/Http/Request))
#29 C:/Users/hamza/Desktop/PROYECTOS/APP/mightyfitness/fitness-backend/public/index.php(51): Illuminate/Foundation/Http/Kernel->handle(Object(Illuminate/Http/Request))
#30 C:/Users/hamza/Desktop/PROYECTOS/APP/mightyfitness/fitness-backend/server.php(21): require_once('C://Users//hamza//...')
#31 {main}
"} 
[2026-07-29 12:59:20] local.ERROR: Class "App\Http\Controllers\API\BaseController" not found {"exception":"[object] (Error(code: 0): Class \"App\\Http\\Controllers\\API\\BaseController\" not found at C:/Users/hamza/Desktop/PROYECTOS/APP/mightyfitness/fitness-backend/app/Http/Controllers/API/Admin/ClientLimitationController.php:10)
[stacktrace]
#0 C:/Users/hamza/Desktop/PROYECTOS/APP/mightyfitness/fitness-backend/vendor/composer/ClassLoader.php(576): include()
#1 C:/Users/hamza/Desktop/PROYECTOS/APP/mightyfitness/fitness-backend/vendor/composer/ClassLoader.php(427): Composer/Autoload/{closure}('C://Users//hamza//...')
#2 [internal function]: Composer/Autoload/ClassLoader->loadClass('App//Http//Contro...')
#3 C:/Users/hamza/Desktop/PROYECTOS/APP/mightyfitness/fitness-backend/vendor/laravel/framework/src/Illuminate/Routing/Route.php(1117): is_a('App//Http//Contro...', 'Illuminate//Rout...', true)
#4 C:/Users/hamza/Desktop/PROYECTOS/APP/mightyfitness/fitness-backend/vendor/laravel/framework/src/Illuminate/Routing/Route.php(1054): Illuminate/Routing/Route->controllerMiddleware()
#5 C:/Users/hamza/Desktop/PROYECTOS/APP/mightyfitness/fitness-backend/vendor/laravel/framework/src/Illuminate/Routing/Router.php(820): Illuminate/Routing/Route->gatherMiddleware()
#6 C:/Users/hamza/Desktop/PROYECTOS/APP/mightyfitness/fitness-backend/vendor/laravel/framework/src/Illuminate/Routing/Router.php(802): Illuminate/Routing/Router->gatherRouteMiddleware(Object(Illuminate/Routing/Route))
#7 C:/Users/hamza/Desktop/PROYECTOS/APP/mightyfitness/fitness-backend/vendor/laravel/framework/src/Illuminate/Routing/Router.php(786): Illuminate/Routing/Router->runRouteWithinStack(Object(Illuminate/Routing/Route), Object(Illuminate/Http/Request))
#8 C:/Users/hamza/Desktop/PROYECTOS/APP/mightyfitness/fitness-backend/vendor/laravel/framework/src/Illuminate/Routing/Router.php(750): Illuminate/Routing/Router->runRoute(Object(Illuminate/Http/Request), Object(Illuminate/Routing/Route))
#9 C:/Users/hamza/Desktop/PROYECTOS/APP/mightyfitness/fitness-backend/vendor/laravel/framework/src/Illuminate/Routing/Router.php(739): Illuminate/Routing/Router->dispatchToRoute(Object(Illuminate/Http/Request))
#10 C:/Users/hamza/Desktop/PROYECTOS/APP/mightyfitness/fitness-backend/vendor/laravel/framework/src/Illuminate/Foundation/Http/Kernel.php(201): Illuminate/Routing/Router->dispatch(Object(Illuminate/Http/Request))
#11 C:/Users/hamza/Desktop/PROYECTOS/APP/mightyfitness/fitness-backend/vendor/laravel/framework/src/Illuminate/Pipeline/Pipeline.php(170): Illuminate/Foundation/Http/Kernel->Illuminate/Foundation/Http/{closure}(Object(Illuminate/Http/Request))
#12 C:/Users/hamza/Desktop/PROYECTOS/APP/mightyfitness/fitness-backend/vendor/livewire/livewire/src/Features/SupportDisablingBackButtonCache/DisableBackButtonCacheMiddleware.php(19): Illuminate/Pipeline/Pipeline->Illuminate/Pipeline/{closure}(Object(Illuminate/Http/Request))
#13 C:/Users/hamza/Desktop/PROYECTOS/APP/mightyfitness/fitness-backend/vendor/laravel/framework/src/Illuminate/Pipeline/Pipeline.php(209): Livewire/Features/SupportDisablingBackButtonCache/DisableBackButtonCacheMiddleware->handle(Object(Illuminate/Http/Request), Object(Closure))
#14 C:/Users/hamza/Desktop/PROYECTOS/APP/mightyfitness/fitness-backend/vendor/laravel/framework/src/Illuminate/Foundation/Http/Middleware/TransformsRequest.php(21): Illuminate/Pipeline/Pipeline->Illuminate/Pipeline/{closure}(Object(Illuminate/Http/Request))
#15 C:/Users/hamza/Desktop/PROYECTOS/APP/mightyfitness/fitness-backend/vendor/laravel/framework/src/Illuminate/Foundation/Http/Middleware/ConvertEmptyStringsToNull.php(31): Illuminate/Foundation/Http/Middleware/TransformsRequest->handle(Object(Illuminate/Http/Request), Object(Closure))
#16 C:/Users/hamza/Desktop/PROYECTOS/APP/mightyfitness/fitness-backend/vendor/laravel/framework/src/Illuminate/Pipeline/Pipeline.php(209): Illuminate/Foundation/Http/Middleware/ConvertEmptyStringsToNull->handle(Object(Illuminate/Http/Request), Object(Closure))
#17 C:/Users/hamza/Desktop/PROYECTOS/APP/mightyfitness/fitness-backend/vendor/laravel/framework/src/Illuminate/Foundation/Http/Middleware/TransformsRequest.php(21): Illuminate/Pipeline/Pipeline->Illuminate/Pipeline/{closure}(Object(Illuminate/Http/Request))
#18 C:/Users/hamza/Desktop/PROYECTOS/APP/mightyfitness/fitness-backend/vendor/laravel/framework/src/Illuminate/Foundation/Http/Middleware/TrimStrings.php(51): Illuminate/Foundation/Http/Middleware/TransformsRequest->handle(Object(Illuminate/Http/Request), Object(Closure))
#19 C:/Users/hamza/Desktop/PROYECTOS/APP/mightyfitness/fitness-backend/vendor/laravel/framework/src/Illuminate/Pipeline/Pipeline.php(209): Illuminate/Foundation/Http/Middleware/TrimStrings->handle(Object(Illuminate/Http/Request), Object(Closure))
#20 C:/Users/hamza/Desktop/PROYECTOS/APP/mightyfitness/fitness-backend/vendor/laravel/framework/src/Illuminate/Http/Middleware/ValidatePostSize.php(27): Illuminate/Pipeline/Pipeline->Illuminate/Pipeline/{closure}(Object(Illuminate/Http/Request))
#21 C:/Users/hamza/Desktop/PROYECTOS/APP/mightyfitness/fitness-backend/vendor/laravel/framework/src/Illuminate/Pipeline/Pipeline.php(209): Illuminate/Http/Middleware/ValidatePostSize->handle(Object(Illuminate/Http/Request), Object(Closure))
#22 C:/Users/hamza/Desktop/PROYECTOS/APP/mightyfitness/fitness-backend/vendor/laravel/framework/src/Illuminate/Foundation/Http/Middleware/PreventRequestsDuringMaintenance.php(110): Illuminate/Pipeline/Pipeline->Illuminate/Pipeline/{closure}(Object(Illuminate/Http/Request))
#23 C:/Users/hamza/Desktop/PROYECTOS/APP/mightyfitness/fitness-backend/vendor/laravel/framework/src/Illuminate/Pipeline/Pipeline.php(209): Illuminate/Foundation/Http/Middleware/PreventRequestsDuringMaintenance->handle(Object(Illuminate/Http/Request), Object(Closure))
#24 C:/Users/hamza/Desktop/PROYECTOS/APP/mightyfitness/fitness-backend/vendor/laravel/framework/src/Illuminate/Http/Middleware/HandleCors.php(62): Illuminate/Pipeline/Pipeline->Illuminate/Pipeline/{closure}(Object(Illuminate/Http/Request))
#25 C:/Users/hamza/Desktop/PROYECTOS/APP/mightyfitness/fitness-backend/vendor/laravel/framework/src/Illuminate/Pipeline/Pipeline.php(209): Illuminate/Http/Middleware/HandleCors->handle(Object(Illuminate/Http/Request), Object(Closure))
#26 C:/Users/hamza/Desktop/PROYECTOS/APP/mightyfitness/fitness-backend/vendor/laravel/framework/src/Illuminate/Pipeline/Pipeline.php(127): Illuminate/Pipeline/Pipeline->Illuminate/Pipeline/{closure}(Object(Illuminate/Http/Request))
#27 C:/Users/hamza/Desktop/PROYECTOS/APP/mightyfitness/fitness-backend/vendor/laravel/framework/src/Illuminate/Foundation/Http/Kernel.php(176): Illuminate/Pipeline/Pipeline->then(Object(Closure))
#28 C:/Users/hamza/Desktop/PROYECTOS/APP/mightyfitness/fitness-backend/vendor/laravel/framework/src/Illuminate/Foundation/Http/Kernel.php(145): Illuminate/Foundation/Http/Kernel->sendRequestThroughRouter(Object(Illuminate/Http/Request))
#29 C:/Users/hamza/Desktop/PROYECTOS/APP/mightyfitness/fitness-backend/public/index.php(51): Illuminate/Foundation/Http/Kernel->handle(Object(Illuminate/Http/Request))
#30 C:/Users/hamza/Desktop/PROYECTOS/APP/mightyfitness/fitness-backend/server.php(21): require_once('C://Users//hamza//...')
#31 {main}
"} 
[2026-07-29 12:59:20] local.ERROR: Class "App\Http\Controllers\API\BaseController" not found {"exception":"[object] (Error(code: 0): Class \"App\\Http\\Controllers\\API\\BaseController\" not found at C:/Users/hamza/Desktop/PROYECTOS/APP/mightyfitness/fitness-backend/app/Http/Controllers/API/Admin/ClientBodyMetricController.php:11)
[stacktrace]
#0 C:/Users/hamza/Desktop/PROYECTOS/APP/mightyfitness/fitness-backend/vendor/composer/ClassLoader.php(576): include()
#1 C:/Users/hamza/Desktop/PROYECTOS/APP/mightyfitness/fitness-backend/vendor/composer/ClassLoader.php(427): Composer/Autoload/{closure}('C://Users//hamza//...')
#2 [internal function]: Composer/Autoload/ClassLoader->loadClass('App//Http//Contro...')
#3 C:/Users/hamza/Desktop/PROYECTOS/APP/mightyfitness/fitness-backend/vendor/laravel/framework/src/Illuminate/Routing/Route.php(1117): is_a('App//Http//Contro...', 'Illuminate//Rout...', true)
#4 C:/Users/hamza/Desktop/PROYECTOS/APP/mightyfitness/fitness-backend/vendor/laravel/framework/src/Illuminate/Routing/Route.php(1054): Illuminate/Routing/Route->controllerMiddleware()
#5 C:/Users/hamza/Desktop/PROYECTOS/APP/mightyfitness/fitness-backend/vendor/laravel/framework/src/Illuminate/Routing/Router.php(820): Illuminate/Routing/Route->gatherMiddleware()
#6 C:/Users/hamza/Desktop/PROYECTOS/APP/mightyfitness/fitness-backend/vendor/laravel/framework/src/Illuminate/Routing/Router.php(802): Illuminate/Routing/Router->gatherRouteMiddleware(Object(Illuminate/Routing/Route))
#7 C:/Users/hamza/Desktop/PROYECTOS/APP/mightyfitness/fitness-backend/vendor/laravel/framework/src/Illuminate/Routing/Router.php(786): Illuminate/Routing/Router->runRouteWithinStack(Object(Illuminate/Routing/Route), Object(Illuminate/Http/Request))
#8 C:/Users/hamza/Desktop/PROYECTOS/APP/mightyfitness/fitness-backend/vendor/laravel/framework/src/Illuminate/Routing/Router.php(750): Illuminate/Routing/Router->runRoute(Object(Illuminate/Http/Request), Object(Illuminate/Routing/Route))
#9 C:/Users/hamza/Desktop/PROYECTOS/APP/mightyfitness/fitness-backend/vendor/laravel/framework/src/Illuminate/Routing/Router.php(739): Illuminate/Routing/Router->dispatchToRoute(Object(Illuminate/Http/Request))
#10 C:/Users/hamza/Desktop/PROYECTOS/APP/mightyfitness/fitness-backend/vendor/laravel/framework/src/Illuminate/Foundation/Http/Kernel.php(201): Illuminate/Routing/Router->dispatch(Object(Illuminate/Http/Request))
#11 C:/Users/hamza/Desktop/PROYECTOS/APP/mightyfitness/fitness-backend/vendor/laravel/framework/src/Illuminate/Pipeline/Pipeline.php(170): Illuminate/Foundation/Http/Kernel->Illuminate/Foundation/Http/{closure}(Object(Illuminate/Http/Request))
#12 C:/Users/hamza/Desktop/PROYECTOS/APP/mightyfitness/fitness-backend/vendor/livewire/livewire/src/Features/SupportDisablingBackButtonCache/DisableBackButtonCacheMiddleware.php(19): Illuminate/Pipeline/Pipeline->Illuminate/Pipeline/{closure}(Object(Illuminate/Http/Request))
#13 C:/Users/hamza/Desktop/PROYECTOS/APP/mightyfitness/fitness-backend/vendor/laravel/framework/src/Illuminate/Pipeline/Pipeline.php(209): Livewire/Features/SupportDisablingBackButtonCache/DisableBackButtonCacheMiddleware->handle(Object(Illuminate/Http/Request), Object(Closure))
#14 C:/Users/hamza/Desktop/PROYECTOS/APP/mightyfitness/fitness-backend/vendor/laravel/framework/src/Illuminate/Foundation/Http/Middleware/TransformsRequest.php(21): Illuminate/Pipeline/Pipeline->Illuminate/Pipeline/{closure}(Object(Illuminate/Http/Request))
#15 C:/Users/hamza/Desktop/PROYECTOS/APP/mightyfitness/fitness-backend/vendor/laravel/framework/src/Illuminate/Foundation/Http/Middleware/ConvertEmptyStringsToNull.php(31): Illuminate/Foundation/Http/Middleware/TransformsRequest->handle(Object(Illuminate/Http/Request), Object(Closure))
#16 C:/Users/hamza/Desktop/PROYECTOS/APP/mightyfitness/fitness-backend/vendor/laravel/framework/src/Illuminate/Pipeline/Pipeline.php(209): Illuminate/Foundation/Http/Middleware/ConvertEmptyStringsToNull->handle(Object(Illuminate/Http/Request), Object(Closure))
#17 C:/Users/hamza/Desktop/PROYECTOS/APP/mightyfitness/fitness-backend/vendor/laravel/framework/src/Illuminate/Foundation/Http/Middleware/TransformsRequest.php(21): Illuminate/Pipeline/Pipeline->Illuminate/Pipeline/{closure}(Object(Illuminate/Http/Request))
#18 C:/Users/hamza/Desktop/PROYECTOS/APP/mightyfitness/fitness-backend/vendor/laravel/framework/src/Illuminate/Foundation/Http/Middleware/TrimStrings.php(51): Illuminate/Foundation/Http/Middleware/TransformsRequest->handle(Object(Illuminate/Http/Request), Object(Closure))
#19 C:/Users/hamza/Desktop/PROYECTOS/APP/mightyfitness/fitness-backend/vendor/laravel/framework/src/Illuminate/Pipeline/Pipeline.php(209): Illuminate/Foundation/Http/Middleware/TrimStrings->handle(Object(Illuminate/Http/Request), Object(Closure))
#20 C:/Users/hamza/Desktop/PROYECTOS/APP/mightyfitness/fitness-backend/vendor/laravel/framework/src/Illuminate/Http/Middleware/ValidatePostSize.php(27): Illuminate/Pipeline/Pipeline->Illuminate/Pipeline/{closure}(Object(Illuminate/Http/Request))
#21 C:/Users/hamza/Desktop/PROYECTOS/APP/mightyfitness/fitness-backend/vendor/laravel/framework/src/Illuminate/Pipeline/Pipeline.php(209): Illuminate/Http/Middleware/ValidatePostSize->handle(Object(Illuminate/Http/Request), Object(Closure))
#22 C:/Users/hamza/Desktop/PROYECTOS/APP/mightyfitness/fitness-backend/vendor/laravel/framework/src/Illuminate/Foundation/Http/Middleware/PreventRequestsDuringMaintenance.php(110): Illuminate/Pipeline/Pipeline->Illuminate/Pipeline/{closure}(Object(Illuminate/Http/Request))
#23 C:/Users/hamza/Desktop/PROYECTOS/APP/mightyfitness/fitness-backend/vendor/laravel/framework/src/Illuminate/Pipeline/Pipeline.php(209): Illuminate/Foundation/Http/Middleware/PreventRequestsDuringMaintenance->handle(Object(Illuminate/Http/Request), Object(Closure))
#24 C:/Users/hamza/Desktop/PROYECTOS/APP/mightyfitness/fitness-backend/vendor/laravel/framework/src/Illuminate/Http/Middleware/HandleCors.php(62): Illuminate/Pipeline/Pipeline->Illuminate/Pipeline/{closure}(Object(Illuminate/Http/Request))
#25 C:/Users/hamza/Desktop/PROYECTOS/APP/mightyfitness/fitness-backend/vendor/laravel/framework/src/Illuminate/Pipeline/Pipeline.php(209): Illuminate/Http/Middleware/HandleCors->handle(Object(Illuminate/Http/Request), Object(Closure))
#26 C:/Users/hamza/Desktop/PROYECTOS/APP/mightyfitness/fitness-backend/vendor/laravel/framework/src/Illuminate/Pipeline/Pipeline.php(127): Illuminate/Pipeline/Pipeline->Illuminate/Pipeline/{closure}(Object(Illuminate/Http/Request))
#27 C:/Users/hamza/Desktop/PROYECTOS/APP/mightyfitness/fitness-backend/vendor/laravel/framework/src/Illuminate/Foundation/Http/Kernel.php(176): Illuminate/Pipeline/Pipeline->then(Object(Closure))
#28 C:/Users/hamza/Desktop/PROYECTOS/APP/mightyfitness/fitness-backend/vendor/laravel/framework/src/Illuminate/Foundation/Http/Kernel.php(145): Illuminate/Foundation/Http/Kernel->sendRequestThroughRouter(Object(Illuminate/Http/Request))
#29 C:/Users/hamza/Desktop/PROYECTOS/APP/mightyfitness/fitness-backend/public/index.php(51): Illuminate/Foundation/Http/Kernel->handle(Object(Illuminate/Http/Request))
#30 C:/Users/hamza/Desktop/PROYECTOS/APP/mightyfitness/fitness-backend/server.php(21): require_once('C://Users//hamza//...')
#31 {main}
"} 
[2026-07-29 12:59:21] local.ERROR: Class "App\Http\Controllers\API\BaseController" not found {"exception":"[object] (Error(code: 0): Class \"App\\Http\\Controllers\\API\\BaseController\" not found at C:/Users/hamza/Desktop/PROYECTOS/APP/mightyfitness/fitness-backend/app/Http/Controllers/API/Admin/ClientBodyMetricController.php:11)
[stacktrace]
#0 C:/Users/hamza/Desktop/PROYECTOS/APP/mightyfitness/fitness-backend/vendor/composer/ClassLoader.php(576): include()
#1 C:/Users/hamza/Desktop/PROYECTOS/APP/mightyfitness/fitness-backend/vendor/composer/ClassLoader.php(427): Composer/Autoload/{closure}('C://Users//hamza//...')
#2 [internal function]: Composer/Autoload/ClassLoader->loadClass('App//Http//Contro...')
#3 C:/Users/hamza/Desktop/PROYECTOS/APP/mightyfitness/fitness-backend/vendor/laravel/framework/src/Illuminate/Routing/Route.php(1117): is_a('App//Http//Contro...', 'Illuminate//Rout...', true)
#4 C:/Users/hamza/Desktop/PROYECTOS/APP/mightyfitness/fitness-backend/vendor/laravel/framework/src/Illuminate/Routing/Route.php(1054): Illuminate/Routing/Route->controllerMiddleware()
#5 C:/Users/hamza/Desktop/PROYECTOS/APP/mightyfitness/fitness-backend/vendor/laravel/framework/src/Illuminate/Routing/Router.php(820): Illuminate/Routing/Route->gatherMiddleware()
#6 C:/Users/hamza/Desktop/PROYECTOS/APP/mightyfitness/fitness-backend/vendor/laravel/framework/src/Illuminate/Routing/Router.php(802): Illuminate/Routing/Router->gatherRouteMiddleware(Object(Illuminate/Routing/Route))
#7 C:/Users/hamza/Desktop/PROYECTOS/APP/mightyfitness/fitness-backend/vendor/laravel/framework/src/Illuminate/Routing/Router.php(786): Illuminate/Routing/Router->runRouteWithinStack(Object(Illuminate/Routing/Route), Object(Illuminate/Http/Request))
#8 C:/Users/hamza/Desktop/PROYECTOS/APP/mightyfitness/fitness-backend/vendor/laravel/framework/src/Illuminate/Routing/Router.php(750): Illuminate/Routing/Router->runRoute(Object(Illuminate/Http/Request), Object(Illuminate/Routing/Route))
#9 C:/Users/hamza/Desktop/PROYECTOS/APP/mightyfitness/fitness-backend/vendor/laravel/framework/src/Illuminate/Routing/Router.php(739): Illuminate/Routing/Router->dispatchToRoute(Object(Illuminate/Http/Request))
#10 C:/Users/hamza/Desktop/PROYECTOS/APP/mightyfitness/fitness-backend/vendor/laravel/framework/src/Illuminate/Foundation/Http/Kernel.php(201): Illuminate/Routing/Router->dispatch(Object(Illuminate/Http/Request))
#11 C:/Users/hamza/Desktop/PROYECTOS/APP/mightyfitness/fitness-backend/vendor/laravel/framework/src/Illuminate/Pipeline/Pipeline.php(170): Illuminate/Foundation/Http/Kernel->Illuminate/Foundation/Http/{closure}(Object(Illuminate/Http/Request))
#12 C:/Users/hamza/Desktop/PROYECTOS/APP/mightyfitness/fitness-backend/vendor/livewire/livewire/src/Features/SupportDisablingBackButtonCache/DisableBackButtonCacheMiddleware.php(19): Illuminate/Pipeline/Pipeline->Illuminate/Pipeline/{closure}(Object(Illuminate/Http/Request))
#13 C:/Users/hamza/Desktop/PROYECTOS/APP/mightyfitness/fitness-backend/vendor/laravel/framework/src/Illuminate/Pipeline/Pipeline.php(209): Livewire/Features/SupportDisablingBackButtonCache/DisableBackButtonCacheMiddleware->handle(Object(Illuminate/Http/Request), Object(Closure))
#14 C:/Users/hamza/Desktop/PROYECTOS/APP/mightyfitness/fitness-backend/vendor/laravel/framework/src/Illuminate/Foundation/Http/Middleware/TransformsRequest.php(21): Illuminate/Pipeline/Pipeline->Illuminate/Pipeline/{closure}(Object(Illuminate/Http/Request))
#15 C:/Users/hamza/Desktop/PROYECTOS/APP/mightyfitness/fitness-backend/vendor/laravel/framework/src/Illuminate/Foundation/Http/Middleware/ConvertEmptyStringsToNull.php(31): Illuminate/Foundation/Http/Middleware/TransformsRequest->handle(Object(Illuminate/Http/Request), Object(Closure))
#16 C:/Users/hamza/Desktop/PROYECTOS/APP/mightyfitness/fitness-backend/vendor/laravel/framework/src/Illuminate/Pipeline/Pipeline.php(209): Illuminate/Foundation/Http/Middleware/ConvertEmptyStringsToNull->handle(Object(Illuminate/Http/Request), Object(Closure))
#17 C:/Users/hamza/Desktop/PROYECTOS/APP/mightyfitness/fitness-backend/vendor/laravel/framework/src/Illuminate/Foundation/Http/Middleware/TransformsRequest.php(21): Illuminate/Pipeline/Pipeline->Illuminate/Pipeline/{closure}(Object(Illuminate/Http/Request))
#18 C:/Users/hamza/Desktop/PROYECTOS/APP/mightyfitness/fitness-backend/vendor/laravel/framework/src/Illuminate/Foundation/Http/Middleware/TrimStrings.php(51): Illuminate/Foundation/Http/Middleware/TransformsRequest->handle(Object(Illuminate/Http/Request), Object(Closure))
#19 C:/Users/hamza/Desktop/PROYECTOS/APP/mightyfitness/fitness-backend/vendor/laravel/framework/src/Illuminate/Pipeline/Pipeline.php(209): Illuminate/Foundation/Http/Middleware/TrimStrings->handle(Object(Illuminate/Http/Request), Object(Closure))
#20 C:/Users/hamza/Desktop/PROYECTOS/APP/mightyfitness/fitness-backend/vendor/laravel/framework/src/Illuminate/Http/Middleware/ValidatePostSize.php(27): Illuminate/Pipeline/Pipeline->Illuminate/Pipeline/{closure}(Object(Illuminate/Http/Request))
#21 C:/Users/hamza/Desktop/PROYECTOS/APP/mightyfitness/fitness-backend/vendor/laravel/framework/src/Illuminate/Pipeline/Pipeline.php(209): Illuminate/Http/Middleware/ValidatePostSize->handle(Object(Illuminate/Http/Request), Object(Closure))
#22 C:/Users/hamza/Desktop/PROYECTOS/APP/mightyfitness/fitness-backend/vendor/laravel/framework/src/Illuminate/Foundation/Http/Middleware/PreventRequestsDuringMaintenance.php(110): Illuminate/Pipeline/Pipeline->Illuminate/Pipeline/{closure}(Object(Illuminate/Http/Request))
#23 C:/Users/hamza/Desktop/PROYECTOS/APP/mightyfitness/fitness-backend/vendor/laravel/framework/src/Illuminate/Pipeline/Pipeline.php(209): Illuminate/Foundation/Http/Middleware/PreventRequestsDuringMaintenance->handle(Object(Illuminate/Http/Request), Object(Closure))
#24 C:/Users/hamza/Desktop/PROYECTOS/APP/mightyfitness/fitness-backend/vendor/laravel/framework/src/Illuminate/Http/Middleware/HandleCors.php(62): Illuminate/Pipeline/Pipeline->Illuminate/Pipeline/{closure}(Object(Illuminate/Http/Request))
#25 C:/Users/hamza/Desktop/PROYECTOS/APP/mightyfitness/fitness-backend/vendor/laravel/framework/src/Illuminate/Pipeline/Pipeline.php(209): Illuminate/Http/Middleware/HandleCors->handle(Object(Illuminate/Http/Request), Object(Closure))
#26 C:/Users/hamza/Desktop/PROYECTOS/APP/mightyfitness/fitness-backend/vendor/laravel/framework/src/Illuminate/Pipeline/Pipeline.php(127): Illuminate/Pipeline/Pipeline->Illuminate/Pipeline/{closure}(Object(Illuminate/Http/Request))
#27 C:/Users/hamza/Desktop/PROYECTOS/APP/mightyfitness/fitness-backend/vendor/laravel/framework/src/Illuminate/Foundation/Http/Kernel.php(176): Illuminate/Pipeline/Pipeline->then(Object(Closure))
#28 C:/Users/hamza/Desktop/PROYECTOS/APP/mightyfitness/fitness-backend/vendor/laravel/framework/src/Illuminate/Foundation/Http/Kernel.php(145): Illuminate/Foundation/Http/Kernel->sendRequestThroughRouter(Object(Illuminate/Http/Request))
#29 C:/Users/hamza/Desktop/PROYECTOS/APP/mightyfitness/fitness-backend/public/index.php(51): Illuminate/Foundation/Http/Kernel->handle(Object(Illuminate/Http/Request))
#30 C:/Users/hamza/Desktop/PROYECTOS/APP/mightyfitness/fitness-backend/server.php(21): require_once('C://Users//hamza//...')
#31 {main}
"} 
[2026-07-29 13:03:00] local.ERROR: SQLSTATE[42S22]: Column not found: 1054 Unknown column 'client_tag_assignments.tag_id' in 'field list' (Connection: mysql, SQL: select `client_tags`.*, `client_tag_assignments`.`client_id` as `pivot_client_id`, `client_tag_assignments`.`tag_id` as `pivot_tag_id` from `client_tags` inner join `client_tag_assignments` on `client_tags`.`id` = `client_tag_assignments`.`tag_id` where `client_tag_assignments`.`client_id` in (3)) {"userId":1,"exception":"[object] (Illuminate\\Database\\QueryException(code: 42S22): SQLSTATE[42S22]: Column not found: 1054 Unknown column 'client_tag_assignments.tag_id' in 'field list' (Connection: mysql, SQL: select `client_tags`.*, `client_tag_assignments`.`client_id` as `pivot_client_id`, `client_tag_assignments`.`tag_id` as `pivot_tag_id` from `client_tags` inner join `client_tag_assignments` on `client_tags`.`id` = `client_tag_assignments`.`tag_id` where `client_tag_assignments`.`client_id` in (3)) at C:/Users/hamza/Desktop/PROYECTOS/APP/mightyfitness/fitness-backend/vendor/laravel/framework/src/Illuminate/Database/Connection.php:825)
[stacktrace]
#0 C:/Users/hamza/Desktop/PROYECTOS/APP/mightyfitness/fitness-backend/vendor/laravel/framework/src/Illuminate/Database/Connection.php(779): Illuminate/Database/Connection->runQueryCallback('select `client_...', Array, Object(Closure))
#1 C:/Users/hamza/Desktop/PROYECTOS/APP/mightyfitness/fitness-backend/vendor/laravel/framework/src/Illuminate/Database/Connection.php(398): Illuminate/Database/Connection->run('select `client_...', Array, Object(Closure))
#2 C:/Users/hamza/Desktop/PROYECTOS/APP/mightyfitness/fitness-backend/vendor/laravel/framework/src/Illuminate/Database/Query/Builder.php(3106): Illuminate/Database/Connection->select('select `client_...', Array, true)
#3 C:/Users/hamza/Desktop/PROYECTOS/APP/mightyfitness/fitness-backend/vendor/laravel/framework/src/Illuminate/Database/Query/Builder.php(3091): Illuminate/Database/Query/Builder->runSelect()
#4 C:/Users/hamza/Desktop/PROYECTOS/APP/mightyfitness/fitness-backend/vendor/laravel/framework/src/Illuminate/Database/Query/Builder.php(3676): Illuminate/Database/Query/Builder->Illuminate/Database/Query/{closure}()
#5 C:/Users/hamza/Desktop/PROYECTOS/APP/mightyfitness/fitness-backend/vendor/laravel/framework/src/Illuminate/Database/Query/Builder.php(3090): Illuminate/Database/Query/Builder->onceWithColumns(Array, Object(Closure))
#6 C:/Users/hamza/Desktop/PROYECTOS/APP/mightyfitness/fitness-backend/vendor/laravel/framework/src/Illuminate/Database/Eloquent/Builder.php(811): Illuminate/Database/Query/Builder->get(Array)
#7 C:/Users/hamza/Desktop/PROYECTOS/APP/mightyfitness/fitness-backend/vendor/laravel/framework/src/Illuminate/Database/Eloquent/Relations/BelongsToMany.php(887): Illuminate/Database/Eloquent/Builder->getModels()
#8 C:/Users/hamza/Desktop/PROYECTOS/APP/mightyfitness/fitness-backend/vendor/laravel/framework/src/Illuminate/Database/Eloquent/Relations/Relation.php(176): Illuminate/Database/Eloquent/Relations/BelongsToMany->get()
#9 C:/Users/hamza/Desktop/PROYECTOS/APP/mightyfitness/fitness-backend/vendor/laravel/framework/src/Illuminate/Database/Eloquent/Builder.php(859): Illuminate/Database/Eloquent/Relations/Relation->getEager()
#10 C:/Users/hamza/Desktop/PROYECTOS/APP/mightyfitness/fitness-backend/vendor/laravel/framework/src/Illuminate/Database/Eloquent/Builder.php(828): Illuminate/Database/Eloquent/Builder->eagerLoadRelation(Array, 'tags', Object(Closure))
#11 C:/Users/hamza/Desktop/PROYECTOS/APP/mightyfitness/fitness-backend/vendor/laravel/framework/src/Illuminate/Database/Eloquent/Builder.php(794): Illuminate/Database/Eloquent/Builder->eagerLoadRelations(Array)
#12 C:/Users/hamza/Desktop/PROYECTOS/APP/mightyfitness/fitness-backend/vendor/laravel/framework/src/Illuminate/Database/Concerns/BuildsQueries.php(343): Illuminate/Database/Eloquent/Builder->get(Array)
#13 C:/Users/hamza/Desktop/PROYECTOS/APP/mightyfitness/fitness-backend/vendor/laravel/framework/src/Illuminate/Database/Eloquent/Builder.php(477): Illuminate/Database/Eloquent/Builder->first(Array)
#14 C:/Users/hamza/Desktop/PROYECTOS/APP/mightyfitness/fitness-backend/app/Http/Controllers/API/ClientTagController.php(55): Illuminate/Database/Eloquent/Builder->find('3')
#15 C:/Users/hamza/Desktop/PROYECTOS/APP/mightyfitness/fitness-backend/vendor/laravel/framework/src/Illuminate/Routing/Controller.php(54): App/Http/Controllers/API/ClientTagController->getClientTags(Object(Illuminate/Http/Request))
#16 C:/Users/hamza/Desktop/PROYECTOS/APP/mightyfitness/fitness-backend/vendor/laravel/framework/src/Illuminate/Routing/ControllerDispatcher.php(44): Illuminate/Routing/Controller->callAction('getClientTags', Array)
#17 C:/Users/hamza/Desktop/PROYECTOS/APP/mightyfitness/fitness-backend/vendor/laravel/framework/src/Illuminate/Routing/Route.php(266): Illuminate/Routing/ControllerDispatcher->dispatch(Object(Illuminate/Routing/Route), Object(App/Http/Controllers/API/ClientTagController), 'getClientTags')
#18 C:/Users/hamza/Desktop/PROYECTOS/APP/mightyfitness/fitness-backend/vendor/laravel/framework/src/Illuminate/Routing/Route.php(212): Illuminate/Routing/Route->runController()
#19 C:/Users/hamza/Desktop/PROYECTOS/APP/mightyfitness/fitness-backend/vendor/laravel/framework/src/Illuminate/Routing/Router.php(808): Illuminate/Routing/Route->run()
#20 C:/Users/hamza/Desktop/PROYECTOS/APP/mightyfitness/fitness-backend/vendor/laravel/framework/src/Illuminate/Pipeline/Pipeline.php(170): Illuminate/Routing/Router->Illuminate/Routing/{closure}(Object(Illuminate/Http/Request))
#21 C:/Users/hamza/Desktop/PROYECTOS/APP/mightyfitness/fitness-backend/app/Http/Middleware/AdminApi.php(26): Illuminate/Pipeline/Pipeline->Illuminate/Pipeline/{closure}(Object(Illuminate/Http/Request))
#22 C:/Users/hamza/Desktop/PROYECTOS/APP/mightyfitness/fitness-backend/vendor/laravel/framework/src/Illuminate/Pipeline/Pipeline.php(209): App/Http/Middleware/AdminApi->handle(Object(Illuminate/Http/Request), Object(Closure))
#23 C:/Users/hamza/Desktop/PROYECTOS/APP/mightyfitness/fitness-backend/app/Http/Middleware/API/CheckUserStatus.php(26): Illuminate/Pipeline/Pipeline->Illuminate/Pipeline/{closure}(Object(Illuminate/Http/Request))
#24 C:/Users/hamza/Desktop/PROYECTOS/APP/mightyfitness/fitness-backend/vendor/laravel/framework/src/Illuminate/Pipeline/Pipeline.php(209): App/Http/Middleware/API/CheckUserStatus->handle(Object(Illuminate/Http/Request), Object(Closure))
#25 C:/Users/hamza/Desktop/PROYECTOS/APP/mightyfitness/fitness-backend/vendor/laravel/framework/src/Illuminate/Routing/Middleware/SubstituteBindings.php(51): Illuminate/Pipeline/Pipeline->Illuminate/Pipeline/{closure}(Object(Illuminate/Http/Request))
#26 C:/Users/hamza/Desktop/PROYECTOS/APP/mightyfitness/fitness-backend/vendor/laravel/framework/src/Illuminate/Pipeline/Pipeline.php(209): Illuminate/Routing/Middleware/SubstituteBindings->handle(Object(Illuminate/Http/Request), Object(Closure))
#27 C:/Users/hamza/Desktop/PROYECTOS/APP/mightyfitness/fitness-backend/vendor/laravel/framework/src/Illuminate/Routing/Middleware/ThrottleRequests.php(161): Illuminate/Pipeline/Pipeline->Illuminate/Pipeline/{closure}(Object(Illuminate/Http/Request))
#28 C:/Users/hamza/Desktop/PROYECTOS/APP/mightyfitness/fitness-backend/vendor/laravel/framework/src/Illuminate/Routing/Middleware/ThrottleRequests.php(127): Illuminate/Routing/Middleware/ThrottleRequests->handleRequest(Object(Illuminate/Http/Request), Object(Closure), Array)
#29 C:/Users/hamza/Desktop/PROYECTOS/APP/mightyfitness/fitness-backend/vendor/laravel/framework/src/Illuminate/Routing/Middleware/ThrottleRequests.php(89): Illuminate/Routing/Middleware/ThrottleRequests->handleRequestUsingNamedLimiter(Object(Illuminate/Http/Request), Object(Closure), 'api', Object(Closure))
#30 C:/Users/hamza/Desktop/PROYECTOS/APP/mightyfitness/fitness-backend/vendor/laravel/framework/src/Illuminate/Pipeline/Pipeline.php(209): Illuminate/Routing/Middleware/ThrottleRequests->handle(Object(Illuminate/Http/Request), Object(Closure), 'api')
#31 C:/Users/hamza/Desktop/PROYECTOS/APP/mightyfitness/fitness-backend/vendor/laravel/framework/src/Illuminate/Auth/Middleware/Authenticate.php(64): Illuminate/Pipeline/Pipeline->Illuminate/Pipeline/{closure}(Object(Illuminate/Http/Request))
#32 C:/Users/hamza/Desktop/PROYECTOS/APP/mightyfitness/fitness-backend/vendor/laravel/framework/src/Illuminate/Pipeline/Pipeline.php(209): Illuminate/Auth/Middleware/Authenticate->handle(Object(Illuminate/Http/Request), Object(Closure), 'sanctum')
#33 C:/Users/hamza/Desktop/PROYECTOS/APP/mightyfitness/fitness-backend/vendor/laravel/framework/src/Illuminate/Pipeline/Pipeline.php(127): Illuminate/Pipeline/Pipeline->Illuminate/Pipeline/{closure}(Object(Illuminate/Http/Request))
#34 C:/Users/hamza/Desktop/PROYECTOS/APP/mightyfitness/fitness-backend/vendor/laravel/framework/src/Illuminate/Routing/Router.php(807): Illuminate/Pipeline/Pipeline->then(Object(Closure))
#35 C:/Users/hamza/Desktop/PROYECTOS/APP/mightyfitness/fitness-backend/vendor/laravel/framework/src/Illuminate/Routing/Router.php(786): Illuminate/Routing/Router->runRouteWithinStack(Object(Illuminate/Routing/Route), Object(Illuminate/Http/Request))
#36 C:/Users/hamza/Desktop/PROYECTOS/APP/mightyfitness/fitness-backend/vendor/laravel/framework/src/Illuminate/Routing/Router.php(750): Illuminate/Routing/Router->runRoute(Object(Illuminate/Http/Request), Object(Illuminate/Routing/Route))
#37 C:/Users/hamza/Desktop/PROYECTOS/APP/mightyfitness/fitness-backend/vendor/laravel/framework/src/Illuminate/Routing/Router.php(739): Illuminate/Routing/Router->dispatchToRoute(Object(Illuminate/Http/Request))
#38 C:/Users/hamza/Desktop/PROYECTOS/APP/mightyfitness/fitness-backend/vendor/laravel/framework/src/Illuminate/Foundation/Http/Kernel.php(201): Illuminate/Routing/Router->dispatch(Object(Illuminate/Http/Request))
#39 C:/Users/hamza/Desktop/PROYECTOS/APP/mightyfitness/fitness-backend/vendor/laravel/framework/src/Illuminate/Pipeline/Pipeline.php(170): Illuminate/Foundation/Http/Kernel->Illuminate/Foundation/Http/{closure}(Object(Illuminate/Http/Request))
#40 C:/Users/hamza/Desktop/PROYECTOS/APP/mightyfitness/fitness-backend/vendor/livewire/livewire/src/Features/SupportDisablingBackButtonCache/DisableBackButtonCacheMiddleware.php(19): Illuminate/Pipeline/Pipeline->Illuminate/Pipeline/{closure}(Object(Illuminate/Http/Request))
#41 C:/Users/hamza/Desktop/PROYECTOS/APP/mightyfitness/fitness-backend/vendor/laravel/framework/src/Illuminate/Pipeline/Pipeline.php(209): Livewire/Features/SupportDisablingBackButtonCache/DisableBackButtonCacheMiddleware->handle(Object(Illuminate/Http/Request), Object(Closure))
#42 C:/Users/hamza/Desktop/PROYECTOS/APP/mightyfitness/fitness-backend/vendor/laravel/framework/src/Illuminate/Foundation/Http/Middleware/TransformsRequest.php(21): Illuminate/Pipeline/Pipeline->Illuminate/Pipeline/{closure}(Object(Illuminate/Http/Request))
#43 C:/Users/hamza/Desktop/PROYECTOS/APP/mightyfitness/fitness-backend/vendor/laravel/framework/src/Illuminate/Foundation/Http/Middleware/ConvertEmptyStringsToNull.php(31): Illuminate/Foundation/Http/Middleware/TransformsRequest->handle(Object(Illuminate/Http/Request), Object(Closure))
#44 C:/Users/hamza/Desktop/PROYECTOS/APP/mightyfitness/fitness-backend/vendor/laravel/framework/src/Illuminate/Pipeline/Pipeline.php(209): Illuminate/Foundation/Http/Middleware/ConvertEmptyStringsToNull->handle(Object(Illuminate/Http/Request), Object(Closure))
#45 C:/Users/hamza/Desktop/PROYECTOS/APP/mightyfitness/fitness-backend/vendor/laravel/framework/src/Illuminate/Foundation/Http/Middleware/TransformsRequest.php(21): Illuminate/Pipeline/Pipeline->Illuminate/Pipeline/{closure}(Object(Illuminate/Http/Request))
#46 C:/Users/hamza/Desktop/PROYECTOS/APP/mightyfitness/fitness-backend/vendor/laravel/framework/src/Illuminate/Foundation/Http/Middleware/TrimStrings.php(51): Illuminate/Foundation/Http/Middleware/TransformsRequest->handle(Object(Illuminate/Http/Request), Object(Closure))
#47 C:/Users/hamza/Desktop/PROYECTOS/APP/mightyfitness/fitness-backend/vendor/laravel/framework/src/Illuminate/Pipeline/Pipeline.php(209): Illuminate/Foundation/Http/Middleware/TrimStrings->handle(Object(Illuminate/Http/Request), Object(Closure))
#48 C:/Users/hamza/Desktop/PROYECTOS/APP/mightyfitness/fitness-backend/vendor/laravel/framework/src/Illuminate/Http/Middleware/ValidatePostSize.php(27): Illuminate/Pipeline/Pipeline->Illuminate/Pipeline/{closure}(Object(Illuminate/Http/Request))
#49 C:/Users/hamza/Desktop/PROYECTOS/APP/mightyfitness/fitness-backend/vendor/laravel/framework/src/Illuminate/Pipeline/Pipeline.php(209): Illuminate/Http/Middleware/ValidatePostSize->handle(Object(Illuminate/Http/Request), Object(Closure))
#50 C:/Users/hamza/Desktop/PROYECTOS/APP/mightyfitness/fitness-backend/vendor/laravel/framework/src/Illuminate/Foundation/Http/Middleware/PreventRequestsDuringMaintenance.php(110): Illuminate/Pipeline/Pipeline->Illuminate/Pipeline/{closure}(Object(Illuminate/Http/Request))
#51 C:/Users/hamza/Desktop/PROYECTOS/APP/mightyfitness/fitness-backend/vendor/laravel/framework/src/Illuminate/Pipeline/Pipeline.php(209): Illuminate/Foundation/Http/Middleware/PreventRequestsDuringMaintenance->handle(Object(Illuminate/Http/Request), Object(Closure))
#52 C:/Users/hamza/Desktop/PROYECTOS/APP/mightyfitness/fitness-backend/vendor/laravel/framework/src/Illuminate/Http/Middleware/HandleCors.php(62): Illuminate/Pipeline/Pipeline->Illuminate/Pipeline/{closure}(Object(Illuminate/Http/Request))
#53 C:/Users/hamza/Desktop/PROYECTOS/APP/mightyfitness/fitness-backend/vendor/laravel/framework/src/Illuminate/Pipeline/Pipeline.php(209): Illuminate/Http/Middleware/HandleCors->handle(Object(Illuminate/Http/Request), Object(Closure))
#54 C:/Users/hamza/Desktop/PROYECTOS/APP/mightyfitness/fitness-backend/vendor/laravel/framework/src/Illuminate/Pipeline/Pipeline.php(127): Illuminate/Pipeline/Pipeline->Illuminate/Pipeline/{closure}(Object(Illuminate/Http/Request))
#55 C:/Users/hamza/Desktop/PROYECTOS/APP/mightyfitness/fitness-backend/vendor/laravel/framework/src/Illuminate/Foundation/Http/Kernel.php(176): Illuminate/Pipeline/Pipeline->then(Object(Closure))
#56 C:/Users/hamza/Desktop/PROYECTOS/APP/mightyfitness/fitness-backend/vendor/laravel/framework/src/Illuminate/Foundation/Http/Kernel.php(145): Illuminate/Foundation/Http/Kernel->sendRequestThroughRouter(Object(Illuminate/Http/Request))
#57 C:/Users/hamza/Desktop/PROYECTOS/APP/mightyfitness/fitness-backend/public/index.php(51): Illuminate/Foundation/Http/Kernel->handle(Object(Illuminate/Http/Request))
#58 C:/Users/hamza/Desktop/PROYECTOS/APP/mightyfitness/fitness-backend/server.php(21): require_once('C://Users//hamza//...')
#59 {main}

[previous exception] [object] (PDOException(code: 42S22): SQLSTATE[42S22]: Column not found: 1054 Unknown column 'client_tag_assignments.tag_id' in 'field list' at C:/Users/hamza/Desktop/PROYECTOS/APP/mightyfitness/fitness-backend/vendor/laravel/framework/src/Illuminate/Database/Connection.php:407)
[stacktrace]
#0 C:/Users/hamza/Desktop/PROYECTOS/APP/mightyfitness/fitness-backend/vendor/laravel/framework/src/Illuminate/Database/Connection.php(407): PDO->prepare('select `client_...')
#1 C:/Users/hamza/Desktop/PROYECTOS/APP/mightyfitness/fitness-backend/vendor/laravel/framework/src/Illuminate/Database/Connection.php(812): Illuminate/Database/Connection->Illuminate/Database/{closure}('select `client_...', Array)
#2 C:/Users/hamza/Desktop/PROYECTOS/APP/mightyfitness/fitness-backend/vendor/laravel/framework/src/Illuminate/Database/Connection.php(779): Illuminate/Database/Connection->runQueryCallback('select `client_...', Array, Object(Closure))
#3 C:/Users/hamza/Desktop/PROYECTOS/APP/mightyfitness/fitness-backend/vendor/laravel/framework/src/Illuminate/Database/Connection.php(398): Illuminate/Database/Connection->run('select `client_...', Array, Object(Closure))
#4 C:/Users/hamza/Desktop/PROYECTOS/APP/mightyfitness/fitness-backend/vendor/laravel/framework/src/Illuminate/Database/Query/Builder.php(3106): Illuminate/Database/Connection->select('select `client_...', Array, true)
#5 C:/Users/hamza/Desktop/PROYECTOS/APP/mightyfitness/fitness-backend/vendor/laravel/framework/src/Illuminate/Database/Query/Builder.php(3091): Illuminate/Database/Query/Builder->runSelect()
#6 C:/Users/hamza/Desktop/PROYECTOS/APP/mightyfitness/fitness-backend/vendor/laravel/framework/src/Illuminate/Database/Query/Builder.php(3676): Illuminate/Database/Query/Builder->Illuminate/Database/Query/{closure}()
#7 C:/Users/hamza/Desktop/PROYECTOS/APP/mightyfitness/fitness-backend/vendor/laravel/framework/src/Illuminate/Database/Query/Builder.php(3090): Illuminate/Database/Query/Builder->onceWithColumns(Array, Object(Closure))
#8 C:/Users/hamza/Desktop/PROYECTOS/APP/mightyfitness/fitness-backend/vendor/laravel/framework/src/Illuminate/Database/Eloquent/Builder.php(811): Illuminate/Database/Query/Builder->get(Array)
#9 C:/Users/hamza/Desktop/PROYECTOS/APP/mightyfitness/fitness-backend/vendor/laravel/framework/src/Illuminate/Database/Eloquent/Relations/BelongsToMany.php(887): Illuminate/Database/Eloquent/Builder->getModels()
#10 C:/Users/hamza/Desktop/PROYECTOS/APP/mightyfitness/fitness-backend/vendor/laravel/framework/src/Illuminate/Database/Eloquent/Relations/Relation.php(176): Illuminate/Database/Eloquent/Relations/BelongsToMany->get()
#11 C:/Users/hamza/Desktop/PROYECTOS/APP/mightyfitness/fitness-backend/vendor/laravel/framework/src/Illuminate/Database/Eloquent/Builder.php(859): Illuminate/Database/Eloquent/Relations/Relation->getEager()
#12 C:/Users/hamza/Desktop/PROYECTOS/APP/mightyfitness/fitness-backend/vendor/laravel/framework/src/Illuminate/Database/Eloquent/Builder.php(828): Illuminate/Database/Eloquent/Builder->eagerLoadRelation(Array, 'tags', Object(Closure))
#13 C:/Users/hamza/Desktop/PROYECTOS/APP/mightyfitness/fitness-backend/vendor/laravel/framework/src/Illuminate/Database/Eloquent/Builder.php(794): Illuminate/Database/Eloquent/Builder->eagerLoadRelations(Array)
#14 C:/Users/hamza/Desktop/PROYECTOS/APP/mightyfitness/fitness-backend/vendor/laravel/framework/src/Illuminate/Database/Concerns/BuildsQueries.php(343): Illuminate/Database/Eloquent/Builder->get(Array)
#15 C:/Users/hamza/Desktop/PROYECTOS/APP/mightyfitness/fitness-backend/vendor/laravel/framework/src/Illuminate/Database/Eloquent/Builder.php(477): Illuminate/Database/Eloquent/Builder->first(Array)
#16 C:/Users/hamza/Desktop/PROYECTOS/APP/mightyfitness/fitness-backend/app/Http/Controllers/API/ClientTagController.php(55): Illuminate/Database/Eloquent/Builder->find('3')
#17 C:/Users/hamza/Desktop/PROYECTOS/APP/mightyfitness/fitness-backend/vendor/laravel/framework/src/Illuminate/Routing/Controller.php(54): App/Http/Controllers/API/ClientTagController->getClientTags(Object(Illuminate/Http/Request))
#18 C:/Users/hamza/Desktop/PROYECTOS/APP/mightyfitness/fitness-backend/vendor/laravel/framework/src/Illuminate/Routing/ControllerDispatcher.php(44): Illuminate/Routing/Controller->callAction('getClientTags', Array)
#19 C:/Users/hamza/Desktop/PROYECTOS/APP/mightyfitness/fitness-backend/vendor/laravel/framework/src/Illuminate/Routing/Route.php(266): Illuminate/Routing/ControllerDispatcher->dispatch(Object(Illuminate/Routing/Route), Object(App/Http/Controllers/API/ClientTagController), 'getClientTags')
#20 C:/Users/hamza/Desktop/PROYECTOS/APP/mightyfitness/fitness-backend/vendor/laravel/framework/src/Illuminate/Routing/Route.php(212): Illuminate/Routing/Route->runController()
#21 C:/Users/hamza/Desktop/PROYECTOS/APP/mightyfitness/fitness-backend/vendor/laravel/framework/src/Illuminate/Routing/Router.php(808): Illuminate/Routing/Route->run()
#22 C:/Users/hamza/Desktop/PROYECTOS/APP/mightyfitness/fitness-backend/vendor/laravel/framework/src/Illuminate/Pipeline/Pipeline.php(170): Illuminate/Routing/Router->Illuminate/Routing/{closure}(Object(Illuminate/Http/Request))
#23 C:/Users/hamza/Desktop/PROYECTOS/APP/mightyfitness/fitness-backend/app/Http/Middleware/AdminApi.php(26): Illuminate/Pipeline/Pipeline->Illuminate/Pipeline/{closure}(Object(Illuminate/Http/Request))
#24 C:/Users/hamza/Desktop/PROYECTOS/APP/mightyfitness/fitness-backend/vendor/laravel/framework/src/Illuminate/Pipeline/Pipeline.php(209): App/Http/Middleware/AdminApi->handle(Object(Illuminate/Http/Request), Object(Closure))
#25 C:/Users/hamza/Desktop/PROYECTOS/APP/mightyfitness/fitness-backend/app/Http/Middleware/API/CheckUserStatus.php(26): Illuminate/Pipeline/Pipeline->Illuminate/Pipeline/{closure}(Object(Illuminate/Http/Request))
#26 C:/Users/hamza/Desktop/PROYECTOS/APP/mightyfitness/fitness-backend/vendor/laravel/framework/src/Illuminate/Pipeline/Pipeline.php(209): App/Http/Middleware/API/CheckUserStatus->handle(Object(Illuminate/Http/Request), Object(Closure))
#27 C:/Users/hamza/Desktop/PROYECTOS/APP/mightyfitness/fitness-backend/vendor/laravel/framework/src/Illuminate/Routing/Middleware/SubstituteBindings.php(51): Illuminate/Pipeline/Pipeline->Illuminate/Pipeline/{closure}(Object(Illuminate/Http/Request))
#28 C:/Users/hamza/Desktop/PROYECTOS/APP/mightyfitness/fitness-backend/vendor/laravel/framework/src/Illuminate/Pipeline/Pipeline.php(209): Illuminate/Routing/Middleware/SubstituteBindings->handle(Object(Illuminate/Http/Request), Object(Closure))
#29 C:/Users/hamza/Desktop/PROYECTOS/APP/mightyfitness/fitness-backend/vendor/laravel/framework/src/Illuminate/Routing/Middleware/ThrottleRequests.php(161): Illuminate/Pipeline/Pipeline->Illuminate/Pipeline/{closure}(Object(Illuminate/Http/Request))
#30 C:/Users/hamza/Desktop/PROYECTOS/APP/mightyfitness/fitness-backend/vendor/laravel/framework/src/Illuminate/Routing/Middleware/ThrottleRequests.php(127): Illuminate/Routing/Middleware/ThrottleRequests->handleRequest(Object(Illuminate/Http/Request), Object(Closure), Array)
#31 C:/Users/hamza/Desktop/PROYECTOS/APP/mightyfitness/fitness-backend/vendor/laravel/framework/src/Illuminate/Routing/Middleware/ThrottleRequests.php(89): Illuminate/Routing/Middleware/ThrottleRequests->handleRequestUsingNamedLimiter(Object(Illuminate/Http/Request), Object(Closure), 'api', Object(Closure))
#32 C:/Users/hamza/Desktop/PROYECTOS/APP/mightyfitness/fitness-backend/vendor/laravel/framework/src/Illuminate/Pipeline/Pipeline.php(209): Illuminate/Routing/Middleware/ThrottleRequests->handle(Object(Illuminate/Http/Request), Object(Closure), 'api')
#33 C:/Users/hamza/Desktop/PROYECTOS/APP/mightyfitness/fitness-backend/vendor/laravel/framework/src/Illuminate/Auth/Middleware/Authenticate.php(64): Illuminate/Pipeline/Pipeline->Illuminate/Pipeline/{closure}(Object(Illuminate/Http/Request))
#34 C:/Users/hamza/Desktop/PROYECTOS/APP/mightyfitness/fitness-backend/vendor/laravel/framework/src/Illuminate/Pipeline/Pipeline.php(209): Illuminate/Auth/Middleware/Authenticate->handle(Object(Illuminate/Http/Request), Object(Closure), 'sanctum')
#35 C:/Users/hamza/Desktop/PROYECTOS/APP/mightyfitness/fitness-backend/vendor/laravel/framework/src/Illuminate/Pipeline/Pipeline.php(127): Illuminate/Pipeline/Pipeline->Illuminate/Pipeline/{closure}(Object(Illuminate/Http/Request))
#36 C:/Users/hamza/Desktop/PROYECTOS/APP/mightyfitness/fitness-backend/vendor/laravel/framework/src/Illuminate/Routing/Router.php(807): Illuminate/Pipeline/Pipeline->then(Object(Closure))
#37 C:/Users/hamza/Desktop/PROYECTOS/APP/mightyfitness/fitness-backend/vendor/laravel/framework/src/Illuminate/Routing/Router.php(786): Illuminate/Routing/Router->runRouteWithinStack(Object(Illuminate/Routing/Route), Object(Illuminate/Http/Request))
#38 C:/Users/hamza/Desktop/PROYECTOS/APP/mightyfitness/fitness-backend/vendor/laravel/framework/src/Illuminate/Routing/Router.php(750): Illuminate/Routing/Router->runRoute(Object(Illuminate/Http/Request), Object(Illuminate/Routing/Route))
#39 C:/Users/hamza/Desktop/PROYECTOS/APP/mightyfitness/fitness-backend/vendor/laravel/framework/src/Illuminate/Routing/Router.php(739): Illuminate/Routing/Router->dispatchToRoute(Object(Illuminate/Http/Request))
#40 C:/Users/hamza/Desktop/PROYECTOS/APP/mightyfitness/fitness-backend/vendor/laravel/framework/src/Illuminate/Foundation/Http/Kernel.php(201): Illuminate/Routing/Router->dispatch(Object(Illuminate/Http/Request))
#41 C:/Users/hamza/Desktop/PROYECTOS/APP/mightyfitness/fitness-backend/vendor/laravel/framework/src/Illuminate/Pipeline/Pipeline.php(170): Illuminate/Foundation/Http/Kernel->Illuminate/Foundation/Http/{closure}(Object(Illuminate/Http/Request))
#42 C:/Users/hamza/Desktop/PROYECTOS/APP/mightyfitness/fitness-backend/vendor/livewire/livewire/src/Features/SupportDisablingBackButtonCache/DisableBackButtonCacheMiddleware.php(19): Illuminate/Pipeline/Pipeline->Illuminate/Pipeline/{closure}(Object(Illuminate/Http/Request))
#43 C:/Users/hamza/Desktop/PROYECTOS/APP/mightyfitness/fitness-backend/vendor/laravel/framework/src/Illuminate/Pipeline/Pipeline.php(209): Livewire/Features/SupportDisablingBackButtonCache/DisableBackButtonCacheMiddleware->handle(Object(Illuminate/Http/Request), Object(Closure))
#44 C:/Users/hamza/Desktop/PROYECTOS/APP/mightyfitness/fitness-backend/vendor/laravel/framework/src/Illuminate/Foundation/Http/Middleware/TransformsRequest.php(21): Illuminate/Pipeline/Pipeline->Illuminate/Pipeline/{closure}(Object(Illuminate/Http/Request))
#45 C:/Users/hamza/Desktop/PROYECTOS/APP/mightyfitness/fitness-backend/vendor/laravel/framework/src/Illuminate/Foundation/Http/Middleware/ConvertEmptyStringsToNull.php(31): Illuminate/Foundation/Http/Middleware/TransformsRequest->handle(Object(Illuminate/Http/Request), Object(Closure))
#46 C:/Users/hamza/Desktop/PROYECTOS/APP/mightyfitness/fitness-backend/vendor/laravel/framework/src/Illuminate/Pipeline/Pipeline.php(209): Illuminate/Foundation/Http/Middleware/ConvertEmptyStringsToNull->handle(Object(Illuminate/Http/Request), Object(Closure))
#47 C:/Users/hamza/Desktop/PROYECTOS/APP/mightyfitness/fitness-backend/vendor/laravel/framework/src/Illuminate/Foundation/Http/Middleware/TransformsRequest.php(21): Illuminate/Pipeline/Pipeline->Illuminate/Pipeline/{closure}(Object(Illuminate/Http/Request))
#48 C:/Users/hamza/Desktop/PROYECTOS/APP/mightyfitness/fitness-backend/vendor/laravel/framework/src/Illuminate/Foundation/Http/Middleware/TrimStrings.php(51): Illuminate/Foundation/Http/Middleware/TransformsRequest->handle(Object(Illuminate/Http/Request), Object(Closure))
#49 C:/Users/hamza/Desktop/PROYECTOS/APP/mightyfitness/fitness-backend/vendor/laravel/framework/src/Illuminate/Pipeline/Pipeline.php(209): Illuminate/Foundation/Http/Middleware/TrimStrings->handle(Object(Illuminate/Http/Request), Object(Closure))
#50 C:/Users/hamza/Desktop/PROYECTOS/APP/mightyfitness/fitness-backend/vendor/laravel/framework/src/Illuminate/Http/Middleware/ValidatePostSize.php(27): Illuminate/Pipeline/Pipeline->Illuminate/Pipeline/{closure}(Object(Illuminate/Http/Request))
#51 C:/Users/hamza/Desktop/PROYECTOS/APP/mightyfitness/fitness-backend/vendor/laravel/framework/src/Illuminate/Pipeline/Pipeline.php(209): Illuminate/Http/Middleware/ValidatePostSize->handle(Object(Illuminate/Http/Request), Object(Closure))
#52 C:/Users/hamza/Desktop/PROYECTOS/APP/mightyfitness/fitness-backend/vendor/laravel/framework/src/Illuminate/Foundation/Http/Middleware/PreventRequestsDuringMaintenance.php(110): Illuminate/Pipeline/Pipeline->Illuminate/Pipeline/{closure}(Object(Illuminate/Http/Request))
#53 C:/Users/hamza/Desktop/PROYECTOS/APP/mightyfitness/fitness-backend/vendor/laravel/framework/src/Illuminate/Pipeline/Pipeline.php(209): Illuminate/Foundation/Http/Middleware/PreventRequestsDuringMaintenance->handle(Object(Illuminate/Http/Request), Object(Closure))
#54 C:/Users/hamza/Desktop/PROYECTOS/APP/mightyfitness/fitness-backend/vendor/laravel/framework/src/Illuminate/Http/Middleware/HandleCors.php(62): Illuminate/Pipeline/Pipeline->Illuminate/Pipeline/{closure}(Object(Illuminate/Http/Request))
#55 C:/Users/hamza/Desktop/PROYECTOS/APP/mightyfitness/fitness-backend/vendor/laravel/framework/src/Illuminate/Pipeline/Pipeline.php(209): Illuminate/Http/Middleware/HandleCors->handle(Object(Illuminate/Http/Request), Object(Closure))
#56 C:/Users/hamza/Desktop/PROYECTOS/APP/mightyfitness/fitness-backend/vendor/laravel/framework/src/Illuminate/Pipeline/Pipeline.php(127): Illuminate/Pipeline/Pipeline->Illuminate/Pipeline/{closure}(Object(Illuminate/Http/Request))
#57 C:/Users/hamza/Desktop/PROYECTOS/APP/mightyfitness/fitness-backend/vendor/laravel/framework/src/Illuminate/Foundation/Http/Kernel.php(176): Illuminate/Pipeline/Pipeline->then(Object(Closure))
#58 C:/Users/hamza/Desktop/PROYECTOS/APP/mightyfitness/fitness-backend/vendor/laravel/framework/src/Illuminate/Foundation/Http/Kernel.php(145): Illuminate/Foundation/Http/Kernel->sendRequestThroughRouter(Object(Illuminate/Http/Request))
#59 C:/Users/hamza/Desktop/PROYECTOS/APP/mightyfitness/fitness-backend/public/index.php(51): Illuminate/Foundation/Http/Kernel->handle(Object(Illuminate/Http/Request))
#60 C:/Users/hamza/Desktop/PROYECTOS/APP/mightyfitness/fitness-backend/server.php(21): require_once('C://Users//hamza//...')
#61 {main}
"} 
[2026-07-29 13:03:16] local.ERROR: SQLSTATE[42S22]: Column not found: 1054 Unknown column 'client_tag_assignments.tag_id' in 'field list' (Connection: mysql, SQL: select `client_tags`.*, `client_tag_assignments`.`client_id` as `pivot_client_id`, `client_tag_assignments`.`tag_id` as `pivot_tag_id` from `client_tags` inner join `client_tag_assignments` on `client_tags`.`id` = `client_tag_assignments`.`tag_id` where `client_tag_assignments`.`client_id` in (3)) {"userId":1,"exception":"[object] (Illuminate\\Database\\QueryException(code: 42S22): SQLSTATE[42S22]: Column not found: 1054 Unknown column 'client_tag_assignments.tag_id' in 'field list' (Connection: mysql, SQL: select `client_tags`.*, `client_tag_assignments`.`client_id` as `pivot_client_id`, `client_tag_assignments`.`tag_id` as `pivot_tag_id` from `client_tags` inner join `client_tag_assignments` on `client_tags`.`id` = `client_tag_assignments`.`tag_id` where `client_tag_assignments`.`client_id` in (3)) at C:/Users/hamza/Desktop/PROYECTOS/APP/mightyfitness/fitness-backend/vendor/laravel/framework/src/Illuminate/Database/Connection.php:825)
[stacktrace]
#0 C:/Users/hamza/Desktop/PROYECTOS/APP/mightyfitness/fitness-backend/vendor/laravel/framework/src/Illuminate/Database/Connection.php(779): Illuminate/Database/Connection->runQueryCallback('select `client_...', Array, Object(Closure))
#1 C:/Users/hamza/Desktop/PROYECTOS/APP/mightyfitness/fitness-backend/vendor/laravel/framework/src/Illuminate/Database/Connection.php(398): Illuminate/Database/Connection->run('select `client_...', Array, Object(Closure))
#2 C:/Users/hamza/Desktop/PROYECTOS/APP/mightyfitness/fitness-backend/vendor/laravel/framework/src/Illuminate/Database/Query/Builder.php(3106): Illuminate/Database/Connection->select('select `client_...', Array, true)
#3 C:/Users/hamza/Desktop/PROYECTOS/APP/mightyfitness/fitness-backend/vendor/laravel/framework/src/Illuminate/Database/Query/Builder.php(3091): Illuminate/Database/Query/Builder->runSelect()
#4 C:/Users/hamza/Desktop/PROYECTOS/APP/mightyfitness/fitness-backend/vendor/laravel/framework/src/Illuminate/Database/Query/Builder.php(3676): Illuminate/Database/Query/Builder->Illuminate/Database/Query/{closure}()
#5 C:/Users/hamza/Desktop/PROYECTOS/APP/mightyfitness/fitness-backend/vendor/laravel/framework/src/Illuminate/Database/Query/Builder.php(3090): Illuminate/Database/Query/Builder->onceWithColumns(Array, Object(Closure))
#6 C:/Users/hamza/Desktop/PROYECTOS/APP/mightyfitness/fitness-backend/vendor/laravel/framework/src/Illuminate/Database/Eloquent/Builder.php(811): Illuminate/Database/Query/Builder->get(Array)
#7 C:/Users/hamza/Desktop/PROYECTOS/APP/mightyfitness/fitness-backend/vendor/laravel/framework/src/Illuminate/Database/Eloquent/Relations/BelongsToMany.php(887): Illuminate/Database/Eloquent/Builder->getModels()
#8 C:/Users/hamza/Desktop/PROYECTOS/APP/mightyfitness/fitness-backend/vendor/laravel/framework/src/Illuminate/Database/Eloquent/Relations/Relation.php(176): Illuminate/Database/Eloquent/Relations/BelongsToMany->get()
#9 C:/Users/hamza/Desktop/PROYECTOS/APP/mightyfitness/fitness-backend/vendor/laravel/framework/src/Illuminate/Database/Eloquent/Builder.php(859): Illuminate/Database/Eloquent/Relations/Relation->getEager()
#10 C:/Users/hamza/Desktop/PROYECTOS/APP/mightyfitness/fitness-backend/vendor/laravel/framework/src/Illuminate/Database/Eloquent/Builder.php(828): Illuminate/Database/Eloquent/Builder->eagerLoadRelation(Array, 'tags', Object(Closure))
#11 C:/Users/hamza/Desktop/PROYECTOS/APP/mightyfitness/fitness-backend/vendor/laravel/framework/src/Illuminate/Database/Eloquent/Builder.php(794): Illuminate/Database/Eloquent/Builder->eagerLoadRelations(Array)
#12 C:/Users/hamza/Desktop/PROYECTOS/APP/mightyfitness/fitness-backend/vendor/laravel/framework/src/Illuminate/Database/Concerns/BuildsQueries.php(343): Illuminate/Database/Eloquent/Builder->get(Array)
#13 C:/Users/hamza/Desktop/PROYECTOS/APP/mightyfitness/fitness-backend/vendor/laravel/framework/src/Illuminate/Database/Eloquent/Builder.php(477): Illuminate/Database/Eloquent/Builder->first(Array)
#14 C:/Users/hamza/Desktop/PROYECTOS/APP/mightyfitness/fitness-backend/app/Http/Controllers/API/ClientTagController.php(55): Illuminate/Database/Eloquent/Builder->find('3')
#15 C:/Users/hamza/Desktop/PROYECTOS/APP/mightyfitness/fitness-backend/vendor/laravel/framework/src/Illuminate/Routing/Controller.php(54): App/Http/Controllers/API/ClientTagController->getClientTags(Object(Illuminate/Http/Request))
#16 C:/Users/hamza/Desktop/PROYECTOS/APP/mightyfitness/fitness-backend/vendor/laravel/framework/src/Illuminate/Routing/ControllerDispatcher.php(44): Illuminate/Routing/Controller->callAction('getClientTags', Array)
#17 C:/Users/hamza/Desktop/PROYECTOS/APP/mightyfitness/fitness-backend/vendor/laravel/framework/src/Illuminate/Routing/Route.php(266): Illuminate/Routing/ControllerDispatcher->dispatch(Object(Illuminate/Routing/Route), Object(App/Http/Controllers/API/ClientTagController), 'getClientTags')
#18 C:/Users/hamza/Desktop/PROYECTOS/APP/mightyfitness/fitness-backend/vendor/laravel/framework/src/Illuminate/Routing/Route.php(212): Illuminate/Routing/Route->runController()
#19 C:/Users/hamza/Desktop/PROYECTOS/APP/mightyfitness/fitness-backend/vendor/laravel/framework/src/Illuminate/Routing/Router.php(808): Illuminate/Routing/Route->run()
#20 C:/Users/hamza/Desktop/PROYECTOS/APP/mightyfitness/fitness-backend/vendor/laravel/framework/src/Illuminate/Pipeline/Pipeline.php(170): Illuminate/Routing/Router->Illuminate/Routing/{closure}(Object(Illuminate/Http/Request))
#21 C:/Users/hamza/Desktop/PROYECTOS/APP/mightyfitness/fitness-backend/app/Http/Middleware/AdminApi.php(26): Illuminate/Pipeline/Pipeline->Illuminate/Pipeline/{closure}(Object(Illuminate/Http/Request))
#22 C:/Users/hamza/Desktop/PROYECTOS/APP/mightyfitness/fitness-backend/vendor/laravel/framework/src/Illuminate/Pipeline/Pipeline.php(209): App/Http/Middleware/AdminApi->handle(Object(Illuminate/Http/Request), Object(Closure))
#23 C:/Users/hamza/Desktop/PROYECTOS/APP/mightyfitness/fitness-backend/app/Http/Middleware/API/CheckUserStatus.php(26): Illuminate/Pipeline/Pipeline->Illuminate/Pipeline/{closure}(Object(Illuminate/Http/Request))
#24 C:/Users/hamza/Desktop/PROYECTOS/APP/mightyfitness/fitness-backend/vendor/laravel/framework/src/Illuminate/Pipeline/Pipeline.php(209): App/Http/Middleware/API/CheckUserStatus->handle(Object(Illuminate/Http/Request), Object(Closure))
#25 C:/Users/hamza/Desktop/PROYECTOS/APP/mightyfitness/fitness-backend/vendor/laravel/framework/src/Illuminate/Routing/Middleware/SubstituteBindings.php(51): Illuminate/Pipeline/Pipeline->Illuminate/Pipeline/{closure}(Object(Illuminate/Http/Request))
#26 C:/Users/hamza/Desktop/PROYECTOS/APP/mightyfitness/fitness-backend/vendor/laravel/framework/src/Illuminate/Pipeline/Pipeline.php(209): Illuminate/Routing/Middleware/SubstituteBindings->handle(Object(Illuminate/Http/Request), Object(Closure))
#27 C:/Users/hamza/Desktop/PROYECTOS/APP/mightyfitness/fitness-backend/vendor/laravel/framework/src/Illuminate/Routing/Middleware/ThrottleRequests.php(161): Illuminate/Pipeline/Pipeline->Illuminate/Pipeline/{closure}(Object(Illuminate/Http/Request))
#28 C:/Users/hamza/Desktop/PROYECTOS/APP/mightyfitness/fitness-backend/vendor/laravel/framework/src/Illuminate/Routing/Middleware/ThrottleRequests.php(127): Illuminate/Routing/Middleware/ThrottleRequests->handleRequest(Object(Illuminate/Http/Request), Object(Closure), Array)
#29 C:/Users/hamza/Desktop/PROYECTOS/APP/mightyfitness/fitness-backend/vendor/laravel/framework/src/Illuminate/Routing/Middleware/ThrottleRequests.php(89): Illuminate/Routing/Middleware/ThrottleRequests->handleRequestUsingNamedLimiter(Object(Illuminate/Http/Request), Object(Closure), 'api', Object(Closure))
#30 C:/Users/hamza/Desktop/PROYECTOS/APP/mightyfitness/fitness-backend/vendor/laravel/framework/src/Illuminate/Pipeline/Pipeline.php(209): Illuminate/Routing/Middleware/ThrottleRequests->handle(Object(Illuminate/Http/Request), Object(Closure), 'api')
#31 C:/Users/hamza/Desktop/PROYECTOS/APP/mightyfitness/fitness-backend/vendor/laravel/framework/src/Illuminate/Auth/Middleware/Authenticate.php(64): Illuminate/Pipeline/Pipeline->Illuminate/Pipeline/{closure}(Object(Illuminate/Http/Request))
#32 C:/Users/hamza/Desktop/PROYECTOS/APP/mightyfitness/fitness-backend/vendor/laravel/framework/src/Illuminate/Pipeline/Pipeline.php(209): Illuminate/Auth/Middleware/Authenticate->handle(Object(Illuminate/Http/Request), Object(Closure), 'sanctum')
#33 C:/Users/hamza/Desktop/PROYECTOS/APP/mightyfitness/fitness-backend/vendor/laravel/framework/src/Illuminate/Pipeline/Pipeline.php(127): Illuminate/Pipeline/Pipeline->Illuminate/Pipeline/{closure}(Object(Illuminate/Http/Request))
#34 C:/Users/hamza/Desktop/PROYECTOS/APP/mightyfitness/fitness-backend/vendor/laravel/framework/src/Illuminate/Routing/Router.php(807): Illuminate/Pipeline/Pipeline->then(Object(Closure))
#35 C:/Users/hamza/Desktop/PROYECTOS/APP/mightyfitness/fitness-backend/vendor/laravel/framework/src/Illuminate/Routing/Router.php(786): Illuminate/Routing/Router->runRouteWithinStack(Object(Illuminate/Routing/Route), Object(Illuminate/Http/Request))
#36 C:/Users/hamza/Desktop/PROYECTOS/APP/mightyfitness/fitness-backend/vendor/laravel/framework/src/Illuminate/Routing/Router.php(750): Illuminate/Routing/Router->runRoute(Object(Illuminate/Http/Request), Object(Illuminate/Routing/Route))
#37 C:/Users/hamza/Desktop/PROYECTOS/APP/mightyfitness/fitness-backend/vendor/laravel/framework/src/Illuminate/Routing/Router.php(739): Illuminate/Routing/Router->dispatchToRoute(Object(Illuminate/Http/Request))
#38 C:/Users/hamza/Desktop/PROYECTOS/APP/mightyfitness/fitness-backend/vendor/laravel/framework/src/Illuminate/Foundation/Http/Kernel.php(201): Illuminate/Routing/Router->dispatch(Object(Illuminate/Http/Request))
#39 C:/Users/hamza/Desktop/PROYECTOS/APP/mightyfitness/fitness-backend/vendor/laravel/framework/src/Illuminate/Pipeline/Pipeline.php(170): Illuminate/Foundation/Http/Kernel->Illuminate/Foundation/Http/{closure}(Object(Illuminate/Http/Request))
#40 C:/Users/hamza/Desktop/PROYECTOS/APP/mightyfitness/fitness-backend/vendor/livewire/livewire/src/Features/SupportDisablingBackButtonCache/DisableBackButtonCacheMiddleware.php(19): Illuminate/Pipeline/Pipeline->Illuminate/Pipeline/{closure}(Object(Illuminate/Http/Request))
#41 C:/Users/hamza/Desktop/PROYECTOS/APP/mightyfitness/fitness-backend/vendor/laravel/framework/src/Illuminate/Pipeline/Pipeline.php(209): Livewire/Features/SupportDisablingBackButtonCache/DisableBackButtonCacheMiddleware->handle(Object(Illuminate/Http/Request), Object(Closure))
#42 C:/Users/hamza/Desktop/PROYECTOS/APP/mightyfitness/fitness-backend/vendor/laravel/framework/src/Illuminate/Foundation/Http/Middleware/TransformsRequest.php(21): Illuminate/Pipeline/Pipeline->Illuminate/Pipeline/{closure}(Object(Illuminate/Http/Request))
#43 C:/Users/hamza/Desktop/PROYECTOS/APP/mightyfitness/fitness-backend/vendor/laravel/framework/src/Illuminate/Foundation/Http/Middleware/ConvertEmptyStringsToNull.php(31): Illuminate/Foundation/Http/Middleware/TransformsRequest->handle(Object(Illuminate/Http/Request), Object(Closure))
#44 C:/Users/hamza/Desktop/PROYECTOS/APP/mightyfitness/fitness-backend/vendor/laravel/framework/src/Illuminate/Pipeline/Pipeline.php(209): Illuminate/Foundation/Http/Middleware/ConvertEmptyStringsToNull->handle(Object(Illuminate/Http/Request), Object(Closure))
#45 C:/Users/hamza/Desktop/PROYECTOS/APP/mightyfitness/fitness-backend/vendor/laravel/framework/src/Illuminate/Foundation/Http/Middleware/TransformsRequest.php(21): Illuminate/Pipeline/Pipeline->Illuminate/Pipeline/{closure}(Object(Illuminate/Http/Request))
#46 C:/Users/hamza/Desktop/PROYECTOS/APP/mightyfitness/fitness-backend/vendor/laravel/framework/src/Illuminate/Foundation/Http/Middleware/TrimStrings.php(51): Illuminate/Foundation/Http/Middleware/TransformsRequest->handle(Object(Illuminate/Http/Request), Object(Closure))
#47 C:/Users/hamza/Desktop/PROYECTOS/APP/mightyfitness/fitness-backend/vendor/laravel/framework/src/Illuminate/Pipeline/Pipeline.php(209): Illuminate/Foundation/Http/Middleware/TrimStrings->handle(Object(Illuminate/Http/Request), Object(Closure))
#48 C:/Users/hamza/Desktop/PROYECTOS/APP/mightyfitness/fitness-backend/vendor/laravel/framework/src/Illuminate/Http/Middleware/ValidatePostSize.php(27): Illuminate/Pipeline/Pipeline->Illuminate/Pipeline/{closure}(Object(Illuminate/Http/Request))
#49 C:/Users/hamza/Desktop/PROYECTOS/APP/mightyfitness/fitness-backend/vendor/laravel/framework/src/Illuminate/Pipeline/Pipeline.php(209): Illuminate/Http/Middleware/ValidatePostSize->handle(Object(Illuminate/Http/Request), Object(Closure))
#50 C:/Users/hamza/Desktop/PROYECTOS/APP/mightyfitness/fitness-backend/vendor/laravel/framework/src/Illuminate/Foundation/Http/Middleware/PreventRequestsDuringMaintenance.php(110): Illuminate/Pipeline/Pipeline->Illuminate/Pipeline/{closure}(Object(Illuminate/Http/Request))
#51 C:/Users/hamza/Desktop/PROYECTOS/APP/mightyfitness/fitness-backend/vendor/laravel/framework/src/Illuminate/Pipeline/Pipeline.php(209): Illuminate/Foundation/Http/Middleware/PreventRequestsDuringMaintenance->handle(Object(Illuminate/Http/Request), Object(Closure))
#52 C:/Users/hamza/Desktop/PROYECTOS/APP/mightyfitness/fitness-backend/vendor/laravel/framework/src/Illuminate/Http/Middleware/HandleCors.php(62): Illuminate/Pipeline/Pipeline->Illuminate/Pipeline/{closure}(Object(Illuminate/Http/Request))
#53 C:/Users/hamza/Desktop/PROYECTOS/APP/mightyfitness/fitness-backend/vendor/laravel/framework/src/Illuminate/Pipeline/Pipeline.php(209): Illuminate/Http/Middleware/HandleCors->handle(Object(Illuminate/Http/Request), Object(Closure))
#54 C:/Users/hamza/Desktop/PROYECTOS/APP/mightyfitness/fitness-backend/vendor/laravel/framework/src/Illuminate/Pipeline/Pipeline.php(127): Illuminate/Pipeline/Pipeline->Illuminate/Pipeline/{closure}(Object(Illuminate/Http/Request))
#55 C:/Users/hamza/Desktop/PROYECTOS/APP/mightyfitness/fitness-backend/vendor/laravel/framework/src/Illuminate/Foundation/Http/Kernel.php(176): Illuminate/Pipeline/Pipeline->then(Object(Closure))
#56 C:/Users/hamza/Desktop/PROYECTOS/APP/mightyfitness/fitness-backend/vendor/laravel/framework/src/Illuminate/Foundation/Http/Kernel.php(145): Illuminate/Foundation/Http/Kernel->sendRequestThroughRouter(Object(Illuminate/Http/Request))
#57 C:/Users/hamza/Desktop/PROYECTOS/APP/mightyfitness/fitness-backend/public/index.php(51): Illuminate/Foundation/Http/Kernel->handle(Object(Illuminate/Http/Request))
#58 C:/Users/hamza/Desktop/PROYECTOS/APP/mightyfitness/fitness-backend/server.php(21): require_once('C://Users//hamza//...')
#59 {main}

[previous exception] [object] (PDOException(code: 42S22): SQLSTATE[42S22]: Column not found: 1054 Unknown column 'client_tag_assignments.tag_id' in 'field list' at C:/Users/hamza/Desktop/PROYECTOS/APP/mightyfitness/fitness-backend/vendor/laravel/framework/src/Illuminate/Database/Connection.php:407)
[stacktrace]
#0 C:/Users/hamza/Desktop/PROYECTOS/APP/mightyfitness/fitness-backend/vendor/laravel/framework/src/Illuminate/Database/Connection.php(407): PDO->prepare('select `client_...')
#1 C:/Users/hamza/Desktop/PROYECTOS/APP/mightyfitness/fitness-backend/vendor/laravel/framework/src/Illuminate/Database/Connection.php(812): Illuminate/Database/Connection->Illuminate/Database/{closure}('select `client_...', Array)
#2 C:/Users/hamza/Desktop/PROYECTOS/APP/mightyfitness/fitness-backend/vendor/laravel/framework/src/Illuminate/Database/Connection.php(779): Illuminate/Database/Connection->runQueryCallback('select `client_...', Array, Object(Closure))
#3 C:/Users/hamza/Desktop/PROYECTOS/APP/mightyfitness/fitness-backend/vendor/laravel/framework/src/Illuminate/Database/Connection.php(398): Illuminate/Database/Connection->run('select `client_...', Array, Object(Closure))
#4 C:/Users/hamza/Desktop/PROYECTOS/APP/mightyfitness/fitness-backend/vendor/laravel/framework/src/Illuminate/Database/Query/Builder.php(3106): Illuminate/Database/Connection->select('select `client_...', Array, true)
#5 C:/Users/hamza/Desktop/PROYECTOS/APP/mightyfitness/fitness-backend/vendor/laravel/framework/src/Illuminate/Database/Query/Builder.php(3091): Illuminate/Database/Query/Builder->runSelect()
#6 C:/Users/hamza/Desktop/PROYECTOS/APP/mightyfitness/fitness-backend/vendor/laravel/framework/src/Illuminate/Database/Query/Builder.php(3676): Illuminate/Database/Query/Builder->Illuminate/Database/Query/{closure}()
#7 C:/Users/hamza/Desktop/PROYECTOS/APP/mightyfitness/fitness-backend/vendor/laravel/framework/src/Illuminate/Database/Query/Builder.php(3090): Illuminate/Database/Query/Builder->onceWithColumns(Array, Object(Closure))
#8 C:/Users/hamza/Desktop/PROYECTOS/APP/mightyfitness/fitness-backend/vendor/laravel/framework/src/Illuminate/Database/Eloquent/Builder.php(811): Illuminate/Database/Query/Builder->get(Array)
#9 C:/Users/hamza/Desktop/PROYECTOS/APP/mightyfitness/fitness-backend/vendor/laravel/framework/src/Illuminate/Database/Eloquent/Relations/BelongsToMany.php(887): Illuminate/Database/Eloquent/Builder->getModels()
#10 C:/Users/hamza/Desktop/PROYECTOS/APP/mightyfitness/fitness-backend/vendor/laravel/framework/src/Illuminate/Database/Eloquent/Relations/Relation.php(176): Illuminate/Database/Eloquent/Relations/BelongsToMany->get()
#11 C:/Users/hamza/Desktop/PROYECTOS/APP/mightyfitness/fitness-backend/vendor/laravel/framework/src/Illuminate/Database/Eloquent/Builder.php(859): Illuminate/Database/Eloquent/Relations/Relation->getEager()
#12 C:/Users/hamza/Desktop/PROYECTOS/APP/mightyfitness/fitness-backend/vendor/laravel/framework/src/Illuminate/Database/Eloquent/Builder.php(828): Illuminate/Database/Eloquent/Builder->eagerLoadRelation(Array, 'tags', Object(Closure))
#13 C:/Users/hamza/Desktop/PROYECTOS/APP/mightyfitness/fitness-backend/vendor/laravel/framework/src/Illuminate/Database/Eloquent/Builder.php(794): Illuminate/Database/Eloquent/Builder->eagerLoadRelations(Array)
#14 C:/Users/hamza/Desktop/PROYECTOS/APP/mightyfitness/fitness-backend/vendor/laravel/framework/src/Illuminate/Database/Concerns/BuildsQueries.php(343): Illuminate/Database/Eloquent/Builder->get(Array)
#15 C:/Users/hamza/Desktop/PROYECTOS/APP/mightyfitness/fitness-backend/vendor/laravel/framework/src/Illuminate/Database/Eloquent/Builder.php(477): Illuminate/Database/Eloquent/Builder->first(Array)
#16 C:/Users/hamza/Desktop/PROYECTOS/APP/mightyfitness/fitness-backend/app/Http/Controllers/API/ClientTagController.php(55): Illuminate/Database/Eloquent/Builder->find('3')
#17 C:/Users/hamza/Desktop/PROYECTOS/APP/mightyfitness/fitness-backend/vendor/laravel/framework/src/Illuminate/Routing/Controller.php(54): App/Http/Controllers/API/ClientTagController->getClientTags(Object(Illuminate/Http/Request))
#18 C:/Users/hamza/Desktop/PROYECTOS/APP/mightyfitness/fitness-backend/vendor/laravel/framework/src/Illuminate/Routing/ControllerDispatcher.php(44): Illuminate/Routing/Controller->callAction('getClientTags', Array)
#19 C:/Users/hamza/Desktop/PROYECTOS/APP/mightyfitness/fitness-backend/vendor/laravel/framework/src/Illuminate/Routing/Route.php(266): Illuminate/Routing/ControllerDispatcher->dispatch(Object(Illuminate/Routing/Route), Object(App/Http/Controllers/API/ClientTagController), 'getClientTags')
#20 C:/Users/hamza/Desktop/PROYECTOS/APP/mightyfitness/fitness-backend/vendor/laravel/framework/src/Illuminate/Routing/Route.php(212): Illuminate/Routing/Route->runController()
#21 C:/Users/hamza/Desktop/PROYECTOS/APP/mightyfitness/fitness-backend/vendor/laravel/framework/src/Illuminate/Routing/Router.php(808): Illuminate/Routing/Route->run()
#22 C:/Users/hamza/Desktop/PROYECTOS/APP/mightyfitness/fitness-backend/vendor/laravel/framework/src/Illuminate/Pipeline/Pipeline.php(170): Illuminate/Routing/Router->Illuminate/Routing/{closure}(Object(Illuminate/Http/Request))
#23 C:/Users/hamza/Desktop/PROYECTOS/APP/mightyfitness/fitness-backend/app/Http/Middleware/AdminApi.php(26): Illuminate/Pipeline/Pipeline->Illuminate/Pipeline/{closure}(Object(Illuminate/Http/Request))
#24 C:/Users/hamza/Desktop/PROYECTOS/APP/mightyfitness/fitness-backend/vendor/laravel/framework/src/Illuminate/Pipeline/Pipeline.php(209): App/Http/Middleware/AdminApi->handle(Object(Illuminate/Http/Request), Object(Closure))
#25 C:/Users/hamza/Desktop/PROYECTOS/APP/mightyfitness/fitness-backend/app/Http/Middleware/API/CheckUserStatus.php(26): Illuminate/Pipeline/Pipeline->Illuminate/Pipeline/{closure}(Object(Illuminate/Http/Request))
#26 C:/Users/hamza/Desktop/PROYECTOS/APP/mightyfitness/fitness-backend/vendor/laravel/framework/src/Illuminate/Pipeline/Pipeline.php(209): App/Http/Middleware/API/CheckUserStatus->handle(Object(Illuminate/Http/Request), Object(Closure))
#27 C:/Users/hamza/Desktop/PROYECTOS/APP/mightyfitness/fitness-backend/vendor/laravel/framework/src/Illuminate/Routing/Middleware/SubstituteBindings.php(51): Illuminate/Pipeline/Pipeline->Illuminate/Pipeline/{closure}(Object(Illuminate/Http/Request))
#28 C:/Users/hamza/Desktop/PROYECTOS/APP/mightyfitness/fitness-backend/vendor/laravel/framework/src/Illuminate/Pipeline/Pipeline.php(209): Illuminate/Routing/Middleware/SubstituteBindings->handle(Object(Illuminate/Http/Request), Object(Closure))
#29 C:/Users/hamza/Desktop/PROYECTOS/APP/mightyfitness/fitness-backend/vendor/laravel/framework/src/Illuminate/Routing/Middleware/ThrottleRequests.php(161): Illuminate/Pipeline/Pipeline->Illuminate/Pipeline/{closure}(Object(Illuminate/Http/Request))
#30 C:/Users/hamza/Desktop/PROYECTOS/APP/mightyfitness/fitness-backend/vendor/laravel/framework/src/Illuminate/Routing/Middleware/ThrottleRequests.php(127): Illuminate/Routing/Middleware/ThrottleRequests->handleRequest(Object(Illuminate/Http/Request), Object(Closure), Array)
#31 C:/Users/hamza/Desktop/PROYECTOS/APP/mightyfitness/fitness-backend/vendor/laravel/framework/src/Illuminate/Routing/Middleware/ThrottleRequests.php(89): Illuminate/Routing/Middleware/ThrottleRequests->handleRequestUsingNamedLimiter(Object(Illuminate/Http/Request), Object(Closure), 'api', Object(Closure))
#32 C:/Users/hamza/Desktop/PROYECTOS/APP/mightyfitness/fitness-backend/vendor/laravel/framework/src/Illuminate/Pipeline/Pipeline.php(209): Illuminate/Routing/Middleware/ThrottleRequests->handle(Object(Illuminate/Http/Request), Object(Closure), 'api')
#33 C:/Users/hamza/Desktop/PROYECTOS/APP/mightyfitness/fitness-backend/vendor/laravel/framework/src/Illuminate/Auth/Middleware/Authenticate.php(64): Illuminate/Pipeline/Pipeline->Illuminate/Pipeline/{closure}(Object(Illuminate/Http/Request))
#34 C:/Users/hamza/Desktop/PROYECTOS/APP/mightyfitness/fitness-backend/vendor/laravel/framework/src/Illuminate/Pipeline/Pipeline.php(209): Illuminate/Auth/Middleware/Authenticate->handle(Object(Illuminate/Http/Request), Object(Closure), 'sanctum')
#35 C:/Users/hamza/Desktop/PROYECTOS/APP/mightyfitness/fitness-backend/vendor/laravel/framework/src/Illuminate/Pipeline/Pipeline.php(127): Illuminate/Pipeline/Pipeline->Illuminate/Pipeline/{closure}(Object(Illuminate/Http/Request))
#36 C:/Users/hamza/Desktop/PROYECTOS/APP/mightyfitness/fitness-backend/vendor/laravel/framework/src/Illuminate/Routing/Router.php(807): Illuminate/Pipeline/Pipeline->then(Object(Closure))
#37 C:/Users/hamza/Desktop/PROYECTOS/APP/mightyfitness/fitness-backend/vendor/laravel/framework/src/Illuminate/Routing/Router.php(786): Illuminate/Routing/Router->runRouteWithinStack(Object(Illuminate/Routing/Route), Object(Illuminate/Http/Request))
#38 C:/Users/hamza/Desktop/PROYECTOS/APP/mightyfitness/fitness-backend/vendor/laravel/framework/src/Illuminate/Routing/Router.php(750): Illuminate/Routing/Router->runRoute(Object(Illuminate/Http/Request), Object(Illuminate/Routing/Route))
#39 C:/Users/hamza/Desktop/PROYECTOS/APP/mightyfitness/fitness-backend/vendor/laravel/framework/src/Illuminate/Routing/Router.php(739): Illuminate/Routing/Router->dispatchToRoute(Object(Illuminate/Http/Request))
#40 C:/Users/hamza/Desktop/PROYECTOS/APP/mightyfitness/fitness-backend/vendor/laravel/framework/src/Illuminate/Foundation/Http/Kernel.php(201): Illuminate/Routing/Router->dispatch(Object(Illuminate/Http/Request))
#41 C:/Users/hamza/Desktop/PROYECTOS/APP/mightyfitness/fitness-backend/vendor/laravel/framework/src/Illuminate/Pipeline/Pipeline.php(170): Illuminate/Foundation/Http/Kernel->Illuminate/Foundation/Http/{closure}(Object(Illuminate/Http/Request))
#42 C:/Users/hamza/Desktop/PROYECTOS/APP/mightyfitness/fitness-backend/vendor/livewire/livewire/src/Features/SupportDisablingBackButtonCache/DisableBackButtonCacheMiddleware.php(19): Illuminate/Pipeline/Pipeline->Illuminate/Pipeline/{closure}(Object(Illuminate/Http/Request))
#43 C:/Users/hamza/Desktop/PROYECTOS/APP/mightyfitness/fitness-backend/vendor/laravel/framework/src/Illuminate/Pipeline/Pipeline.php(209): Livewire/Features/SupportDisablingBackButtonCache/DisableBackButtonCacheMiddleware->handle(Object(Illuminate/Http/Request), Object(Closure))
#44 C:/Users/hamza/Desktop/PROYECTOS/APP/mightyfitness/fitness-backend/vendor/laravel/framework/src/Illuminate/Foundation/Http/Middleware/TransformsRequest.php(21): Illuminate/Pipeline/Pipeline->Illuminate/Pipeline/{closure}(Object(Illuminate/Http/Request))
#45 C:/Users/hamza/Desktop/PROYECTOS/APP/mightyfitness/fitness-backend/vendor/laravel/framework/src/Illuminate/Foundation/Http/Middleware/ConvertEmptyStringsToNull.php(31): Illuminate/Foundation/Http/Middleware/TransformsRequest->handle(Object(Illuminate/Http/Request), Object(Closure))
#46 C:/Users/hamza/Desktop/PROYECTOS/APP/mightyfitness/fitness-backend/vendor/laravel/framework/src/Illuminate/Pipeline/Pipeline.php(209): Illuminate/Foundation/Http/Middleware/ConvertEmptyStringsToNull->handle(Object(Illuminate/Http/Request), Object(Closure))
#47 C:/Users/hamza/Desktop/PROYECTOS/APP/mightyfitness/fitness-backend/vendor/laravel/framework/src/Illuminate/Foundation/Http/Middleware/TransformsRequest.php(21): Illuminate/Pipeline/Pipeline->Illuminate/Pipeline/{closure}(Object(Illuminate/Http/Request))
#48 C:/Users/hamza/Desktop/PROYECTOS/APP/mightyfitness/fitness-backend/vendor/laravel/framework/src/Illuminate/Foundation/Http/Middleware/TrimStrings.php(51): Illuminate/Foundation/Http/Middleware/TransformsRequest->handle(Object(Illuminate/Http/Request), Object(Closure))
#49 C:/Users/hamza/Desktop/PROYECTOS/APP/mightyfitness/fitness-backend/vendor/laravel/framework/src/Illuminate/Pipeline/Pipeline.php(209): Illuminate/Foundation/Http/Middleware/TrimStrings->handle(Object(Illuminate/Http/Request), Object(Closure))
#50 C:/Users/hamza/Desktop/PROYECTOS/APP/mightyfitness/fitness-backend/vendor/laravel/framework/src/Illuminate/Http/Middleware/ValidatePostSize.php(27): Illuminate/Pipeline/Pipeline->Illuminate/Pipeline/{closure}(Object(Illuminate/Http/Request))
#51 C:/Users/hamza/Desktop/PROYECTOS/APP/mightyfitness/fitness-backend/vendor/laravel/framework/src/Illuminate/Pipeline/Pipeline.php(209): Illuminate/Http/Middleware/ValidatePostSize->handle(Object(Illuminate/Http/Request), Object(Closure))
#52 C:/Users/hamza/Desktop/PROYECTOS/APP/mightyfitness/fitness-backend/vendor/laravel/framework/src/Illuminate/Foundation/Http/Middleware/PreventRequestsDuringMaintenance.php(110): Illuminate/Pipeline/Pipeline->Illuminate/Pipeline/{closure}(Object(Illuminate/Http/Request))
#53 C:/Users/hamza/Desktop/PROYECTOS/APP/mightyfitness/fitness-backend/vendor/laravel/framework/src/Illuminate/Pipeline/Pipeline.php(209): Illuminate/Foundation/Http/Middleware/PreventRequestsDuringMaintenance->handle(Object(Illuminate/Http/Request), Object(Closure))
#54 C:/Users/hamza/Desktop/PROYECTOS/APP/mightyfitness/fitness-backend/vendor/laravel/framework/src/Illuminate/Http/Middleware/HandleCors.php(62): Illuminate/Pipeline/Pipeline->Illuminate/Pipeline/{closure}(Object(Illuminate/Http/Request))
#55 C:/Users/hamza/Desktop/PROYECTOS/APP/mightyfitness/fitness-backend/vendor/laravel/framework/src/Illuminate/Pipeline/Pipeline.php(209): Illuminate/Http/Middleware/HandleCors->handle(Object(Illuminate/Http/Request), Object(Closure))
#56 C:/Users/hamza/Desktop/PROYECTOS/APP/mightyfitness/fitness-backend/vendor/laravel/framework/src/Illuminate/Pipeline/Pipeline.php(127): Illuminate/Pipeline/Pipeline->Illuminate/Pipeline/{closure}(Object(Illuminate/Http/Request))
#57 C:/Users/hamza/Desktop/PROYECTOS/APP/mightyfitness/fitness-backend/vendor/laravel/framework/src/Illuminate/Foundation/Http/Kernel.php(176): Illuminate/Pipeline/Pipeline->then(Object(Closure))
#58 C:/Users/hamza/Desktop/PROYECTOS/APP/mightyfitness/fitness-backend/vendor/laravel/framework/src/Illuminate/Foundation/Http/Kernel.php(145): Illuminate/Foundation/Http/Kernel->sendRequestThroughRouter(Object(Illuminate/Http/Request))
#59 C:/Users/hamza/Desktop/PROYECTOS/APP/mightyfitness/fitness-backend/public/index.php(51): Illuminate/Foundation/Http/Kernel->handle(Object(Illuminate/Http/Request))
#60 C:/Users/hamza/Desktop/PROYECTOS/APP/mightyfitness/fitness-backend/server.php(21): require_once('C://Users//hamza//...')
#61 {main}
"} 
[2026-07-29 13:03:38] local.ERROR: SQLSTATE[42S22]: Column not found: 1054 Unknown column 'client_tag_assignments.tag_id' in 'field list' (Connection: mysql, SQL: select `client_tags`.*, `client_tag_assignments`.`client_id` as `pivot_client_id`, `client_tag_assignments`.`tag_id` as `pivot_tag_id` from `client_tags` inner join `client_tag_assignments` on `client_tags`.`id` = `client_tag_assignments`.`tag_id` where `client_tag_assignments`.`client_id` in (37)) {"userId":1,"exception":"[object] (Illuminate\\Database\\QueryException(code: 42S22): SQLSTATE[42S22]: Column not found: 1054 Unknown column 'client_tag_assignments.tag_id' in 'field list' (Connection: mysql, SQL: select `client_tags`.*, `client_tag_assignments`.`client_id` as `pivot_client_id`, `client_tag_assignments`.`tag_id` as `pivot_tag_id` from `client_tags` inner join `client_tag_assignments` on `client_tags`.`id` = `client_tag_assignments`.`tag_id` where `client_tag_assignments`.`client_id` in (37)) at C:/Users/hamza/Desktop/PROYECTOS/APP/mightyfitness/fitness-backend/vendor/laravel/framework/src/Illuminate/Database/Connection.php:825)
[stacktrace]
#0 C:/Users/hamza/Desktop/PROYECTOS/APP/mightyfitness/fitness-backend/vendor/laravel/framework/src/Illuminate/Database/Connection.php(779): Illuminate/Database/Connection->runQueryCallback('select `client_...', Array, Object(Closure))
#1 C:/Users/hamza/Desktop/PROYECTOS/APP/mightyfitness/fitness-backend/vendor/laravel/framework/src/Illuminate/Database/Connection.php(398): Illuminate/Database/Connection->run('select `client_...', Array, Object(Closure))
#2 C:/Users/hamza/Desktop/PROYECTOS/APP/mightyfitness/fitness-backend/vendor/laravel/framework/src/Illuminate/Database/Query/Builder.php(3106): Illuminate/Database/Connection->select('select `client_...', Array, true)
#3 C:/Users/hamza/Desktop/PROYECTOS/APP/mightyfitness/fitness-backend/vendor/laravel/framework/src/Illuminate/Database/Query/Builder.php(3091): Illuminate/Database/Query/Builder->runSelect()
#4 C:/Users/hamza/Desktop/PROYECTOS/APP/mightyfitness/fitness-backend/vendor/laravel/framework/src/Illuminate/Database/Query/Builder.php(3676): Illuminate/Database/Query/Builder->Illuminate/Database/Query/{closure}()
#5 C:/Users/hamza/Desktop/PROYECTOS/APP/mightyfitness/fitness-backend/vendor/laravel/framework/src/Illuminate/Database/Query/Builder.php(3090): Illuminate/Database/Query/Builder->onceWithColumns(Array, Object(Closure))
#6 C:/Users/hamza/Desktop/PROYECTOS/APP/mightyfitness/fitness-backend/vendor/laravel/framework/src/Illuminate/Database/Eloquent/Builder.php(811): Illuminate/Database/Query/Builder->get(Array)
#7 C:/Users/hamza/Desktop/PROYECTOS/APP/mightyfitness/fitness-backend/vendor/laravel/framework/src/Illuminate/Database/Eloquent/Relations/BelongsToMany.php(887): Illuminate/Database/Eloquent/Builder->getModels()
#8 C:/Users/hamza/Desktop/PROYECTOS/APP/mightyfitness/fitness-backend/vendor/laravel/framework/src/Illuminate/Database/Eloquent/Relations/Relation.php(176): Illuminate/Database/Eloquent/Relations/BelongsToMany->get()
#9 C:/Users/hamza/Desktop/PROYECTOS/APP/mightyfitness/fitness-backend/vendor/laravel/framework/src/Illuminate/Database/Eloquent/Builder.php(859): Illuminate/Database/Eloquent/Relations/Relation->getEager()
#10 C:/Users/hamza/Desktop/PROYECTOS/APP/mightyfitness/fitness-backend/vendor/laravel/framework/src/Illuminate/Database/Eloquent/Builder.php(828): Illuminate/Database/Eloquent/Builder->eagerLoadRelation(Array, 'tags', Object(Closure))
#11 C:/Users/hamza/Desktop/PROYECTOS/APP/mightyfitness/fitness-backend/vendor/laravel/framework/src/Illuminate/Database/Eloquent/Builder.php(794): Illuminate/Database/Eloquent/Builder->eagerLoadRelations(Array)
#12 C:/Users/hamza/Desktop/PROYECTOS/APP/mightyfitness/fitness-backend/vendor/laravel/framework/src/Illuminate/Database/Concerns/BuildsQueries.php(343): Illuminate/Database/Eloquent/Builder->get(Array)
#13 C:/Users/hamza/Desktop/PROYECTOS/APP/mightyfitness/fitness-backend/vendor/laravel/framework/src/Illuminate/Database/Eloquent/Builder.php(477): Illuminate/Database/Eloquent/Builder->first(Array)
#14 C:/Users/hamza/Desktop/PROYECTOS/APP/mightyfitness/fitness-backend/app/Http/Controllers/API/ClientTagController.php(55): Illuminate/Database/Eloquent/Builder->find('37')
#15 C:/Users/hamza/Desktop/PROYECTOS/APP/mightyfitness/fitness-backend/vendor/laravel/framework/src/Illuminate/Routing/Controller.php(54): App/Http/Controllers/API/ClientTagController->getClientTags(Object(Illuminate/Http/Request))
#16 C:/Users/hamza/Desktop/PROYECTOS/APP/mightyfitness/fitness-backend/vendor/laravel/framework/src/Illuminate/Routing/ControllerDispatcher.php(44): Illuminate/Routing/Controller->callAction('getClientTags', Array)
#17 C:/Users/hamza/Desktop/PROYECTOS/APP/mightyfitness/fitness-backend/vendor/laravel/framework/src/Illuminate/Routing/Route.php(266): Illuminate/Routing/ControllerDispatcher->dispatch(Object(Illuminate/Routing/Route), Object(App/Http/Controllers/API/ClientTagController), 'getClientTags')
#18 C:/Users/hamza/Desktop/PROYECTOS/APP/mightyfitness/fitness-backend/vendor/laravel/framework/src/Illuminate/Routing/Route.php(212): Illuminate/Routing/Route->runController()
#19 C:/Users/hamza/Desktop/PROYECTOS/APP/mightyfitness/fitness-backend/vendor/laravel/framework/src/Illuminate/Routing/Router.php(808): Illuminate/Routing/Route->run()
#20 C:/Users/hamza/Desktop/PROYECTOS/APP/mightyfitness/fitness-backend/vendor/laravel/framework/src/Illuminate/Pipeline/Pipeline.php(170): Illuminate/Routing/Router->Illuminate/Routing/{closure}(Object(Illuminate/Http/Request))
#21 C:/Users/hamza/Desktop/PROYECTOS/APP/mightyfitness/fitness-backend/app/Http/Middleware/AdminApi.php(26): Illuminate/Pipeline/Pipeline->Illuminate/Pipeline/{closure}(Object(Illuminate/Http/Request))
#22 C:/Users/hamza/Desktop/PROYECTOS/APP/mightyfitness/fitness-backend/vendor/laravel/framework/src/Illuminate/Pipeline/Pipeline.php(209): App/Http/Middleware/AdminApi->handle(Object(Illuminate/Http/Request), Object(Closure))
#23 C:/Users/hamza/Desktop/PROYECTOS/APP/mightyfitness/fitness-backend/app/Http/Middleware/API/CheckUserStatus.php(26): Illuminate/Pipeline/Pipeline->Illuminate/Pipeline/{closure}(Object(Illuminate/Http/Request))
#24 C:/Users/hamza/Desktop/PROYECTOS/APP/mightyfitness/fitness-backend/vendor/laravel/framework/src/Illuminate/Pipeline/Pipeline.php(209): App/Http/Middleware/API/CheckUserStatus->handle(Object(Illuminate/Http/Request), Object(Closure))
#25 C:/Users/hamza/Desktop/PROYECTOS/APP/mightyfitness/fitness-backend/vendor/laravel/framework/src/Illuminate/Routing/Middleware/SubstituteBindings.php(51): Illuminate/Pipeline/Pipeline->Illuminate/Pipeline/{closure}(Object(Illuminate/Http/Request))
#26 C:/Users/hamza/Desktop/PROYECTOS/APP/mightyfitness/fitness-backend/vendor/laravel/framework/src/Illuminate/Pipeline/Pipeline.php(209): Illuminate/Routing/Middleware/SubstituteBindings->handle(Object(Illuminate/Http/Request), Object(Closure))
#27 C:/Users/hamza/Desktop/PROYECTOS/APP/mightyfitness/fitness-backend/vendor/laravel/framework/src/Illuminate/Routing/Middleware/ThrottleRequests.php(161): Illuminate/Pipeline/Pipeline->Illuminate/Pipeline/{closure}(Object(Illuminate/Http/Request))
#28 C:/Users/hamza/Desktop/PROYECTOS/APP/mightyfitness/fitness-backend/vendor/laravel/framework/src/Illuminate/Routing/Middleware/ThrottleRequests.php(127): Illuminate/Routing/Middleware/ThrottleRequests->handleRequest(Object(Illuminate/Http/Request), Object(Closure), Array)
#29 C:/Users/hamza/Desktop/PROYECTOS/APP/mightyfitness/fitness-backend/vendor/laravel/framework/src/Illuminate/Routing/Middleware/ThrottleRequests.php(89): Illuminate/Routing/Middleware/ThrottleRequests->handleRequestUsingNamedLimiter(Object(Illuminate/Http/Request), Object(Closure), 'api', Object(Closure))
#30 C:/Users/hamza/Desktop/PROYECTOS/APP/mightyfitness/fitness-backend/vendor/laravel/framework/src/Illuminate/Pipeline/Pipeline.php(209): Illuminate/Routing/Middleware/ThrottleRequests->handle(Object(Illuminate/Http/Request), Object(Closure), 'api')
#31 C:/Users/hamza/Desktop/PROYECTOS/APP/mightyfitness/fitness-backend/vendor/laravel/framework/src/Illuminate/Auth/Middleware/Authenticate.php(64): Illuminate/Pipeline/Pipeline->Illuminate/Pipeline/{closure}(Object(Illuminate/Http/Request))
#32 C:/Users/hamza/Desktop/PROYECTOS/APP/mightyfitness/fitness-backend/vendor/laravel/framework/src/Illuminate/Pipeline/Pipeline.php(209): Illuminate/Auth/Middleware/Authenticate->handle(Object(Illuminate/Http/Request), Object(Closure), 'sanctum')
#33 C:/Users/hamza/Desktop/PROYECTOS/APP/mightyfitness/fitness-backend/vendor/laravel/framework/src/Illuminate/Pipeline/Pipeline.php(127): Illuminate/Pipeline/Pipeline->Illuminate/Pipeline/{closure}(Object(Illuminate/Http/Request))
#34 C:/Users/hamza/Desktop/PROYECTOS/APP/mightyfitness/fitness-backend/vendor/laravel/framework/src/Illuminate/Routing/Router.php(807): Illuminate/Pipeline/Pipeline->then(Object(Closure))
#35 C:/Users/hamza/Desktop/PROYECTOS/APP/mightyfitness/fitness-backend/vendor/laravel/framework/src/Illuminate/Routing/Router.php(786): Illuminate/Routing/Router->runRouteWithinStack(Object(Illuminate/Routing/Route), Object(Illuminate/Http/Request))
#36 C:/Users/hamza/Desktop/PROYECTOS/APP/mightyfitness/fitness-backend/vendor/laravel/framework/src/Illuminate/Routing/Router.php(750): Illuminate/Routing/Router->runRoute(Object(Illuminate/Http/Request), Object(Illuminate/Routing/Route))
#37 C:/Users/hamza/Desktop/PROYECTOS/APP/mightyfitness/fitness-backend/vendor/laravel/framework/src/Illuminate/Routing/Router.php(739): Illuminate/Routing/Router->dispatchToRoute(Object(Illuminate/Http/Request))
#38 C:/Users/hamza/Desktop/PROYECTOS/APP/mightyfitness/fitness-backend/vendor/laravel/framework/src/Illuminate/Foundation/Http/Kernel.php(201): Illuminate/Routing/Router->dispatch(Object(Illuminate/Http/Request))
#39 C:/Users/hamza/Desktop/PROYECTOS/APP/mightyfitness/fitness-backend/vendor/laravel/framework/src/Illuminate/Pipeline/Pipeline.php(170): Illuminate/Foundation/Http/Kernel->Illuminate/Foundation/Http/{closure}(Object(Illuminate/Http/Request))
#40 C:/Users/hamza/Desktop/PROYECTOS/APP/mightyfitness/fitness-backend/vendor/livewire/livewire/src/Features/SupportDisablingBackButtonCache/DisableBackButtonCacheMiddleware.php(19): Illuminate/Pipeline/Pipeline->Illuminate/Pipeline/{closure}(Object(Illuminate/Http/Request))
#41 C:/Users/hamza/Desktop/PROYECTOS/APP/mightyfitness/fitness-backend/vendor/laravel/framework/src/Illuminate/Pipeline/Pipeline.php(209): Livewire/Features/SupportDisablingBackButtonCache/DisableBackButtonCacheMiddleware->handle(Object(Illuminate/Http/Request), Object(Closure))
#42 C:/Users/hamza/Desktop/PROYECTOS/APP/mightyfitness/fitness-backend/vendor/laravel/framework/src/Illuminate/Foundation/Http/Middleware/TransformsRequest.php(21): Illuminate/Pipeline/Pipeline->Illuminate/Pipeline/{closure}(Object(Illuminate/Http/Request))
#43 C:/Users/hamza/Desktop/PROYECTOS/APP/mightyfitness/fitness-backend/vendor/laravel/framework/src/Illuminate/Foundation/Http/Middleware/ConvertEmptyStringsToNull.php(31): Illuminate/Foundation/Http/Middleware/TransformsRequest->handle(Object(Illuminate/Http/Request), Object(Closure))
#44 C:/Users/hamza/Desktop/PROYECTOS/APP/mightyfitness/fitness-backend/vendor/laravel/framework/src/Illuminate/Pipeline/Pipeline.php(209): Illuminate/Foundation/Http/Middleware/ConvertEmptyStringsToNull->handle(Object(Illuminate/Http/Request), Object(Closure))
#45 C:/Users/hamza/Desktop/PROYECTOS/APP/mightyfitness/fitness-backend/vendor/laravel/framework/src/Illuminate/Foundation/Http/Middleware/TransformsRequest.php(21): Illuminate/Pipeline/Pipeline->Illuminate/Pipeline/{closure}(Object(Illuminate/Http/Request))
#46 C:/Users/hamza/Desktop/PROYECTOS/APP/mightyfitness/fitness-backend/vendor/laravel/framework/src/Illuminate/Foundation/Http/Middleware/TrimStrings.php(51): Illuminate/Foundation/Http/Middleware/TransformsRequest->handle(Object(Illuminate/Http/Request), Object(Closure))
#47 C:/Users/hamza/Desktop/PROYECTOS/APP/mightyfitness/fitness-backend/vendor/laravel/framework/src/Illuminate/Pipeline/Pipeline.php(209): Illuminate/Foundation/Http/Middleware/TrimStrings->handle(Object(Illuminate/Http/Request), Object(Closure))
#48 C:/Users/hamza/Desktop/PROYECTOS/APP/mightyfitness/fitness-backend/vendor/laravel/framework/src/Illuminate/Http/Middleware/ValidatePostSize.php(27): Illuminate/Pipeline/Pipeline->Illuminate/Pipeline/{closure}(Object(Illuminate/Http/Request))
#49 C:/Users/hamza/Desktop/PROYECTOS/APP/mightyfitness/fitness-backend/vendor/laravel/framework/src/Illuminate/Pipeline/Pipeline.php(209): Illuminate/Http/Middleware/ValidatePostSize->handle(Object(Illuminate/Http/Request), Object(Closure))
#50 C:/Users/hamza/Desktop/PROYECTOS/APP/mightyfitness/fitness-backend/vendor/laravel/framework/src/Illuminate/Foundation/Http/Middleware/PreventRequestsDuringMaintenance.php(110): Illuminate/Pipeline/Pipeline->Illuminate/Pipeline/{closure}(Object(Illuminate/Http/Request))
#51 C:/Users/hamza/Desktop/PROYECTOS/APP/mightyfitness/fitness-backend/vendor/laravel/framework/src/Illuminate/Pipeline/Pipeline.php(209): Illuminate/Foundation/Http/Middleware/PreventRequestsDuringMaintenance->handle(Object(Illuminate/Http/Request), Object(Closure))
#52 C:/Users/hamza/Desktop/PROYECTOS/APP/mightyfitness/fitness-backend/vendor/laravel/framework/src/Illuminate/Http/Middleware/HandleCors.php(62): Illuminate/Pipeline/Pipeline->Illuminate/Pipeline/{closure}(Object(Illuminate/Http/Request))
#53 C:/Users/hamza/Desktop/PROYECTOS/APP/mightyfitness/fitness-backend/vendor/laravel/framework/src/Illuminate/Pipeline/Pipeline.php(209): Illuminate/Http/Middleware/HandleCors->handle(Object(Illuminate/Http/Request), Object(Closure))
#54 C:/Users/hamza/Desktop/PROYECTOS/APP/mightyfitness/fitness-backend/vendor/laravel/framework/src/Illuminate/Pipeline/Pipeline.php(127): Illuminate/Pipeline/Pipeline->Illuminate/Pipeline/{closure}(Object(Illuminate/Http/Request))
#55 C:/Users/hamza/Desktop/PROYECTOS/APP/mightyfitness/fitness-backend/vendor/laravel/framework/src/Illuminate/Foundation/Http/Kernel.php(176): Illuminate/Pipeline/Pipeline->then(Object(Closure))
#56 C:/Users/hamza/Desktop/PROYECTOS/APP/mightyfitness/fitness-backend/vendor/laravel/framework/src/Illuminate/Foundation/Http/Kernel.php(145): Illuminate/Foundation/Http/Kernel->sendRequestThroughRouter(Object(Illuminate/Http/Request))
#57 C:/Users/hamza/Desktop/PROYECTOS/APP/mightyfitness/fitness-backend/public/index.php(51): Illuminate/Foundation/Http/Kernel->handle(Object(Illuminate/Http/Request))
#58 C:/Users/hamza/Desktop/PROYECTOS/APP/mightyfitness/fitness-backend/server.php(21): require_once('C://Users//hamza//...')
#59 {main}

[previous exception] [object] (PDOException(code: 42S22): SQLSTATE[42S22]: Column not found: 1054 Unknown column 'client_tag_assignments.tag_id' in 'field list' at C:/Users/hamza/Desktop/PROYECTOS/APP/mightyfitness/fitness-backend/vendor/laravel/framework/src/Illuminate/Database/Connection.php:407)
[stacktrace]
#0 C:/Users/hamza/Desktop/PROYECTOS/APP/mightyfitness/fitness-backend/vendor/laravel/framework/src/Illuminate/Database/Connection.php(407): PDO->prepare('select `client_...')
#1 C:/Users/hamza/Desktop/PROYECTOS/APP/mightyfitness/fitness-backend/vendor/laravel/framework/src/Illuminate/Database/Connection.php(812): Illuminate/Database/Connection->Illuminate/Database/{closure}('select `client_...', Array)
#2 C:/Users/hamza/Desktop/PROYECTOS/APP/mightyfitness/fitness-backend/vendor/laravel/framework/src/Illuminate/Database/Connection.php(779): Illuminate/Database/Connection->runQueryCallback('select `client_...', Array, Object(Closure))
#3 C:/Users/hamza/Desktop/PROYECTOS/APP/mightyfitness/fitness-backend/vendor/laravel/framework/src/Illuminate/Database/Connection.php(398): Illuminate/Database/Connection->run('select `client_...', Array, Object(Closure))
#4 C:/Users/hamza/Desktop/PROYECTOS/APP/mightyfitness/fitness-backend/vendor/laravel/framework/src/Illuminate/Database/Query/Builder.php(3106): Illuminate/Database/Connection->select('select `client_...', Array, true)
#5 C:/Users/hamza/Desktop/PROYECTOS/APP/mightyfitness/fitness-backend/vendor/laravel/framework/src/Illuminate/Database/Query/Builder.php(3091): Illuminate/Database/Query/Builder->runSelect()
#6 C:/Users/hamza/Desktop/PROYECTOS/APP/mightyfitness/fitness-backend/vendor/laravel/framework/src/Illuminate/Database/Query/Builder.php(3676): Illuminate/Database/Query/Builder->Illuminate/Database/Query/{closure}()
#7 C:/Users/hamza/Desktop/PROYECTOS/APP/mightyfitness/fitness-backend/vendor/laravel/framework/src/Illuminate/Database/Query/Builder.php(3090): Illuminate/Database/Query/Builder->onceWithColumns(Array, Object(Closure))
#8 C:/Users/hamza/Desktop/PROYECTOS/APP/mightyfitness/fitness-backend/vendor/laravel/framework/src/Illuminate/Database/Eloquent/Builder.php(811): Illuminate/Database/Query/Builder->get(Array)
#9 C:/Users/hamza/Desktop/PROYECTOS/APP/mightyfitness/fitness-backend/vendor/laravel/framework/src/Illuminate/Database/Eloquent/Relations/BelongsToMany.php(887): Illuminate/Database/Eloquent/Builder->getModels()
#10 C:/Users/hamza/Desktop/PROYECTOS/APP/mightyfitness/fitness-backend/vendor/laravel/framework/src/Illuminate/Database/Eloquent/Relations/Relation.php(176): Illuminate/Database/Eloquent/Relations/BelongsToMany->get()
#11 C:/Users/hamza/Desktop/PROYECTOS/APP/mightyfitness/fitness-backend/vendor/laravel/framework/src/Illuminate/Database/Eloquent/Builder.php(859): Illuminate/Database/Eloquent/Relations/Relation->getEager()
#12 C:/Users/hamza/Desktop/PROYECTOS/APP/mightyfitness/fitness-backend/vendor/laravel/framework/src/Illuminate/Database/Eloquent/Builder.php(828): Illuminate/Database/Eloquent/Builder->eagerLoadRelation(Array, 'tags', Object(Closure))
#13 C:/Users/hamza/Desktop/PROYECTOS/APP/mightyfitness/fitness-backend/vendor/laravel/framework/src/Illuminate/Database/Eloquent/Builder.php(794): Illuminate/Database/Eloquent/Builder->eagerLoadRelations(Array)
#14 C:/Users/hamza/Desktop/PROYECTOS/APP/mightyfitness/fitness-backend/vendor/laravel/framework/src/Illuminate/Database/Concerns/BuildsQueries.php(343): Illuminate/Database/Eloquent/Builder->get(Array)
#15 C:/Users/hamza/Desktop/PROYECTOS/APP/mightyfitness/fitness-backend/vendor/laravel/framework/src/Illuminate/Database/Eloquent/Builder.php(477): Illuminate/Database/Eloquent/Builder->first(Array)
#16 C:/Users/hamza/Desktop/PROYECTOS/APP/mightyfitness/fitness-backend/app/Http/Controllers/API/ClientTagController.php(55): Illuminate/Database/Eloquent/Builder->find('37')
#17 C:/Users/hamza/Desktop/PROYECTOS/APP/mightyfitness/fitness-backend/vendor/laravel/framework/src/Illuminate/Routing/Controller.php(54): App/Http/Controllers/API/ClientTagController->getClientTags(Object(Illuminate/Http/Request))
#18 C:/Users/hamza/Desktop/PROYECTOS/APP/mightyfitness/fitness-backend/vendor/laravel/framework/src/Illuminate/Routing/ControllerDispatcher.php(44): Illuminate/Routing/Controller->callAction('getClientTags', Array)
#19 C:/Users/hamza/Desktop/PROYECTOS/APP/mightyfitness/fitness-backend/vendor/laravel/framework/src/Illuminate/Routing/Route.php(266): Illuminate/Routing/ControllerDispatcher->dispatch(Object(Illuminate/Routing/Route), Object(App/Http/Controllers/API/ClientTagController), 'getClientTags')
#20 C:/Users/hamza/Desktop/PROYECTOS/APP/mightyfitness/fitness-backend/vendor/laravel/framework/src/Illuminate/Routing/Route.php(212): Illuminate/Routing/Route->runController()
#21 C:/Users/hamza/Desktop/PROYECTOS/APP/mightyfitness/fitness-backend/vendor/laravel/framework/src/Illuminate/Routing/Router.php(808): Illuminate/Routing/Route->run()
#22 C:/Users/hamza/Desktop/PROYECTOS/APP/mightyfitness/fitness-backend/vendor/laravel/framework/src/Illuminate/Pipeline/Pipeline.php(170): Illuminate/Routing/Router->Illuminate/Routing/{closure}(Object(Illuminate/Http/Request))
#23 C:/Users/hamza/Desktop/PROYECTOS/APP/mightyfitness/fitness-backend/app/Http/Middleware/AdminApi.php(26): Illuminate/Pipeline/Pipeline->Illuminate/Pipeline/{closure}(Object(Illuminate/Http/Request))
#24 C:/Users/hamza/Desktop/PROYECTOS/APP/mightyfitness/fitness-backend/vendor/laravel/framework/src/Illuminate/Pipeline/Pipeline.php(209): App/Http/Middleware/AdminApi->handle(Object(Illuminate/Http/Request), Object(Closure))
#25 C:/Users/hamza/Desktop/PROYECTOS/APP/mightyfitness/fitness-backend/app/Http/Middleware/API/CheckUserStatus.php(26): Illuminate/Pipeline/Pipeline->Illuminate/Pipeline/{closure}(Object(Illuminate/Http/Request))
#26 C:/Users/hamza/Desktop/PROYECTOS/APP/mightyfitness/fitness-backend/vendor/laravel/framework/src/Illuminate/Pipeline/Pipeline.php(209): App/Http/Middleware/API/CheckUserStatus->handle(Object(Illuminate/Http/Request), Object(Closure))
#27 C:/Users/hamza/Desktop/PROYECTOS/APP/mightyfitness/fitness-backend/vendor/laravel/framework/src/Illuminate/Routing/Middleware/SubstituteBindings.php(51): Illuminate/Pipeline/Pipeline->Illuminate/Pipeline/{closure}(Object(Illuminate/Http/Request))
#28 C:/Users/hamza/Desktop/PROYECTOS/APP/mightyfitness/fitness-backend/vendor/laravel/framework/src/Illuminate/Pipeline/Pipeline.php(209): Illuminate/Routing/Middleware/SubstituteBindings->handle(Object(Illuminate/Http/Request), Object(Closure))
#29 C:/Users/hamza/Desktop/PROYECTOS/APP/mightyfitness/fitness-backend/vendor/laravel/framework/src/Illuminate/Routing/Middleware/ThrottleRequests.php(161): Illuminate/Pipeline/Pipeline->Illuminate/Pipeline/{closure}(Object(Illuminate/Http/Request))
#30 C:/Users/hamza/Desktop/PROYECTOS/APP/mightyfitness/fitness-backend/vendor/laravel/framework/src/Illuminate/Routing/Middleware/ThrottleRequests.php(127): Illuminate/Routing/Middleware/ThrottleRequests->handleRequest(Object(Illuminate/Http/Request), Object(Closure), Array)
#31 C:/Users/hamza/Desktop/PROYECTOS/APP/mightyfitness/fitness-backend/vendor/laravel/framework/src/Illuminate/Routing/Middleware/ThrottleRequests.php(89): Illuminate/Routing/Middleware/ThrottleRequests->handleRequestUsingNamedLimiter(Object(Illuminate/Http/Request), Object(Closure), 'api', Object(Closure))
#32 C:/Users/hamza/Desktop/PROYECTOS/APP/mightyfitness/fitness-backend/vendor/laravel/framework/src/Illuminate/Pipeline/Pipeline.php(209): Illuminate/Routing/Middleware/ThrottleRequests->handle(Object(Illuminate/Http/Request), Object(Closure), 'api')
#33 C:/Users/hamza/Desktop/PROYECTOS/APP/mightyfitness/fitness-backend/vendor/laravel/framework/src/Illuminate/Auth/Middleware/Authenticate.php(64): Illuminate/Pipeline/Pipeline->Illuminate/Pipeline/{closure}(Object(Illuminate/Http/Request))
#34 C:/Users/hamza/Desktop/PROYECTOS/APP/mightyfitness/fitness-backend/vendor/laravel/framework/src/Illuminate/Pipeline/Pipeline.php(209): Illuminate/Auth/Middleware/Authenticate->handle(Object(Illuminate/Http/Request), Object(Closure), 'sanctum')
#35 C:/Users/hamza/Desktop/PROYECTOS/APP/mightyfitness/fitness-backend/vendor/laravel/framework/src/Illuminate/Pipeline/Pipeline.php(127): Illuminate/Pipeline/Pipeline->Illuminate/Pipeline/{closure}(Object(Illuminate/Http/Request))
#36 C:/Users/hamza/Desktop/PROYECTOS/APP/mightyfitness/fitness-backend/vendor/laravel/framework/src/Illuminate/Routing/Router.php(807): Illuminate/Pipeline/Pipeline->then(Object(Closure))
#37 C:/Users/hamza/Desktop/PROYECTOS/APP/mightyfitness/fitness-backend/vendor/laravel/framework/src/Illuminate/Routing/Router.php(786): Illuminate/Routing/Router->runRouteWithinStack(Object(Illuminate/Routing/Route), Object(Illuminate/Http/Request))
#38 C:/Users/hamza/Desktop/PROYECTOS/APP/mightyfitness/fitness-backend/vendor/laravel/framework/src/Illuminate/Routing/Router.php(750): Illuminate/Routing/Router->runRoute(Object(Illuminate/Http/Request), Object(Illuminate/Routing/Route))
#39 C:/Users/hamza/Desktop/PROYECTOS/APP/mightyfitness/fitness-backend/vendor/laravel/framework/src/Illuminate/Routing/Router.php(739): Illuminate/Routing/Router->dispatchToRoute(Object(Illuminate/Http/Request))
#40 C:/Users/hamza/Desktop/PROYECTOS/APP/mightyfitness/fitness-backend/vendor/laravel/framework/src/Illuminate/Foundation/Http/Kernel.php(201): Illuminate/Routing/Router->dispatch(Object(Illuminate/Http/Request))
#41 C:/Users/hamza/Desktop/PROYECTOS/APP/mightyfitness/fitness-backend/vendor/laravel/framework/src/Illuminate/Pipeline/Pipeline.php(170): Illuminate/Foundation/Http/Kernel->Illuminate/Foundation/Http/{closure}(Object(Illuminate/Http/Request))
#42 C:/Users/hamza/Desktop/PROYECTOS/APP/mightyfitness/fitness-backend/vendor/livewire/livewire/src/Features/SupportDisablingBackButtonCache/DisableBackButtonCacheMiddleware.php(19): Illuminate/Pipeline/Pipeline->Illuminate/Pipeline/{closure}(Object(Illuminate/Http/Request))
#43 C:/Users/hamza/Desktop/PROYECTOS/APP/mightyfitness/fitness-backend/vendor/laravel/framework/src/Illuminate/Pipeline/Pipeline.php(209): Livewire/Features/SupportDisablingBackButtonCache/DisableBackButtonCacheMiddleware->handle(Object(Illuminate/Http/Request), Object(Closure))
#44 C:/Users/hamza/Desktop/PROYECTOS/APP/mightyfitness/fitness-backend/vendor/laravel/framework/src/Illuminate/Foundation/Http/Middleware/TransformsRequest.php(21): Illuminate/Pipeline/Pipeline->Illuminate/Pipeline/{closure}(Object(Illuminate/Http/Request))
#45 C:/Users/hamza/Desktop/PROYECTOS/APP/mightyfitness/fitness-backend/vendor/laravel/framework/src/Illuminate/Foundation/Http/Middleware/ConvertEmptyStringsToNull.php(31): Illuminate/Foundation/Http/Middleware/TransformsRequest->handle(Object(Illuminate/Http/Request), Object(Closure))
#46 C:/Users/hamza/Desktop/PROYECTOS/APP/mightyfitness/fitness-backend/vendor/laravel/framework/src/Illuminate/Pipeline/Pipeline.php(209): Illuminate/Foundation/Http/Middleware/ConvertEmptyStringsToNull->handle(Object(Illuminate/Http/Request), Object(Closure))
#47 C:/Users/hamza/Desktop/PROYECTOS/APP/mightyfitness/fitness-backend/vendor/laravel/framework/src/Illuminate/Foundation/Http/Middleware/TransformsRequest.php(21): Illuminate/Pipeline/Pipeline->Illuminate/Pipeline/{closure}(Object(Illuminate/Http/Request))
#48 C:/Users/hamza/Desktop/PROYECTOS/APP/mightyfitness/fitness-backend/vendor/laravel/framework/src/Illuminate/Foundation/Http/Middleware/TrimStrings.php(51): Illuminate/Foundation/Http/Middleware/TransformsRequest->handle(Object(Illuminate/Http/Request), Object(Closure))
#49 C:/Users/hamza/Desktop/PROYECTOS/APP/mightyfitness/fitness-backend/vendor/laravel/framework/src/Illuminate/Pipeline/Pipeline.php(209): Illuminate/Foundation/Http/Middleware/TrimStrings->handle(Object(Illuminate/Http/Request), Object(Closure))
#50 C:/Users/hamza/Desktop/PROYECTOS/APP/mightyfitness/fitness-backend/vendor/laravel/framework/src/Illuminate/Http/Middleware/ValidatePostSize.php(27): Illuminate/Pipeline/Pipeline->Illuminate/Pipeline/{closure}(Object(Illuminate/Http/Request))
#51 C:/Users/hamza/Desktop/PROYECTOS/APP/mightyfitness/fitness-backend/vendor/laravel/framework/src/Illuminate/Pipeline/Pipeline.php(209): Illuminate/Http/Middleware/ValidatePostSize->handle(Object(Illuminate/Http/Request), Object(Closure))
#52 C:/Users/hamza/Desktop/PROYECTOS/APP/mightyfitness/fitness-backend/vendor/laravel/framework/src/Illuminate/Foundation/Http/Middleware/PreventRequestsDuringMaintenance.php(110): Illuminate/Pipeline/Pipeline->Illuminate/Pipeline/{closure}(Object(Illuminate/Http/Request))
#53 C:/Users/hamza/Desktop/PROYECTOS/APP/mightyfitness/fitness-backend/vendor/laravel/framework/src/Illuminate/Pipeline/Pipeline.php(209): Illuminate/Foundation/Http/Middleware/PreventRequestsDuringMaintenance->handle(Object(Illuminate/Http/Request), Object(Closure))
#54 C:/Users/hamza/Desktop/PROYECTOS/APP/mightyfitness/fitness-backend/vendor/laravel/framework/src/Illuminate/Http/Middleware/HandleCors.php(62): Illuminate/Pipeline/Pipeline->Illuminate/Pipeline/{closure}(Object(Illuminate/Http/Request))
#55 C:/Users/hamza/Desktop/PROYECTOS/APP/mightyfitness/fitness-backend/vendor/laravel/framework/src/Illuminate/Pipeline/Pipeline.php(209): Illuminate/Http/Middleware/HandleCors->handle(Object(Illuminate/Http/Request), Object(Closure))
#56 C:/Users/hamza/Desktop/PROYECTOS/APP/mightyfitness/fitness-backend/vendor/laravel/framework/src/Illuminate/Pipeline/Pipeline.php(127): Illuminate/Pipeline/Pipeline->Illuminate/Pipeline/{closure}(Object(Illuminate/Http/Request))
#57 C:/Users/hamza/Desktop/PROYECTOS/APP/mightyfitness/fitness-backend/vendor/laravel/framework/src/Illuminate/Foundation/Http/Kernel.php(176): Illuminate/Pipeline/Pipeline->then(Object(Closure))
#58 C:/Users/hamza/Desktop/PROYECTOS/APP/mightyfitness/fitness-backend/vendor/laravel/framework/src/Illuminate/Foundation/Http/Kernel.php(145): Illuminate/Foundation/Http/Kernel->sendRequestThroughRouter(Object(Illuminate/Http/Request))
#59 C:/Users/hamza/Desktop/PROYECTOS/APP/mightyfitness/fitness-backend/public/index.php(51): Illuminate/Foundation/Http/Kernel->handle(Object(Illuminate/Http/Request))
#60 C:/Users/hamza/Desktop/PROYECTOS/APP/mightyfitness/fitness-backend/server.php(21): require_once('C://Users//hamza//...')
#61 {main}
"} 
[2026-07-29 13:03:39] local.ERROR: Class "App\Http\Controllers\API\BaseController" not found {"exception":"[object] (Error(code: 0): Class \"App\\Http\\Controllers\\API\\BaseController\" not found at C:/Users/hamza/Desktop/PROYECTOS/APP/mightyfitness/fitness-backend/app/Http/Controllers/API/Admin/ClientGoalController.php:10)
[stacktrace]
#0 C:/Users/hamza/Desktop/PROYECTOS/APP/mightyfitness/fitness-backend/vendor/composer/ClassLoader.php(576): include()
#1 C:/Users/hamza/Desktop/PROYECTOS/APP/mightyfitness/fitness-backend/vendor/composer/ClassLoader.php(427): Composer/Autoload/{closure}('C://Users//hamza//...')
#2 [internal function]: Composer/Autoload/ClassLoader->loadClass('App//Http//Contro...')
#3 C:/Users/hamza/Desktop/PROYECTOS/APP/mightyfitness/fitness-backend/vendor/laravel/framework/src/Illuminate/Routing/Route.php(1117): is_a('App//Http//Contro...', 'Illuminate//Rout...', true)
#4 C:/Users/hamza/Desktop/PROYECTOS/APP/mightyfitness/fitness-backend/vendor/laravel/framework/src/Illuminate/Routing/Route.php(1054): Illuminate/Routing/Route->controllerMiddleware()
#5 C:/Users/hamza/Desktop/PROYECTOS/APP/mightyfitness/fitness-backend/vendor/laravel/framework/src/Illuminate/Routing/Router.php(820): Illuminate/Routing/Route->gatherMiddleware()
#6 C:/Users/hamza/Desktop/PROYECTOS/APP/mightyfitness/fitness-backend/vendor/laravel/framework/src/Illuminate/Routing/Router.php(802): Illuminate/Routing/Router->gatherRouteMiddleware(Object(Illuminate/Routing/Route))
#7 C:/Users/hamza/Desktop/PROYECTOS/APP/mightyfitness/fitness-backend/vendor/laravel/framework/src/Illuminate/Routing/Router.php(786): Illuminate/Routing/Router->runRouteWithinStack(Object(Illuminate/Routing/Route), Object(Illuminate/Http/Request))
#8 C:/Users/hamza/Desktop/PROYECTOS/APP/mightyfitness/fitness-backend/vendor/laravel/framework/src/Illuminate/Routing/Router.php(750): Illuminate/Routing/Router->runRoute(Object(Illuminate/Http/Request), Object(Illuminate/Routing/Route))
#9 C:/Users/hamza/Desktop/PROYECTOS/APP/mightyfitness/fitness-backend/vendor/laravel/framework/src/Illuminate/Routing/Router.php(739): Illuminate/Routing/Router->dispatchToRoute(Object(Illuminate/Http/Request))
#10 C:/Users/hamza/Desktop/PROYECTOS/APP/mightyfitness/fitness-backend/vendor/laravel/framework/src/Illuminate/Foundation/Http/Kernel.php(201): Illuminate/Routing/Router->dispatch(Object(Illuminate/Http/Request))
#11 C:/Users/hamza/Desktop/PROYECTOS/APP/mightyfitness/fitness-backend/vendor/laravel/framework/src/Illuminate/Pipeline/Pipeline.php(170): Illuminate/Foundation/Http/Kernel->Illuminate/Foundation/Http/{closure}(Object(Illuminate/Http/Request))
#12 C:/Users/hamza/Desktop/PROYECTOS/APP/mightyfitness/fitness-backend/vendor/livewire/livewire/src/Features/SupportDisablingBackButtonCache/DisableBackButtonCacheMiddleware.php(19): Illuminate/Pipeline/Pipeline->Illuminate/Pipeline/{closure}(Object(Illuminate/Http/Request))
#13 C:/Users/hamza/Desktop/PROYECTOS/APP/mightyfitness/fitness-backend/vendor/laravel/framework/src/Illuminate/Pipeline/Pipeline.php(209): Livewire/Features/SupportDisablingBackButtonCache/DisableBackButtonCacheMiddleware->handle(Object(Illuminate/Http/Request), Object(Closure))
#14 C:/Users/hamza/Desktop/PROYECTOS/APP/mightyfitness/fitness-backend/vendor/laravel/framework/src/Illuminate/Foundation/Http/Middleware/TransformsRequest.php(21): Illuminate/Pipeline/Pipeline->Illuminate/Pipeline/{closure}(Object(Illuminate/Http/Request))
#15 C:/Users/hamza/Desktop/PROYECTOS/APP/mightyfitness/fitness-backend/vendor/laravel/framework/src/Illuminate/Foundation/Http/Middleware/ConvertEmptyStringsToNull.php(31): Illuminate/Foundation/Http/Middleware/TransformsRequest->handle(Object(Illuminate/Http/Request), Object(Closure))
#16 C:/Users/hamza/Desktop/PROYECTOS/APP/mightyfitness/fitness-backend/vendor/laravel/framework/src/Illuminate/Pipeline/Pipeline.php(209): Illuminate/Foundation/Http/Middleware/ConvertEmptyStringsToNull->handle(Object(Illuminate/Http/Request), Object(Closure))
#17 C:/Users/hamza/Desktop/PROYECTOS/APP/mightyfitness/fitness-backend/vendor/laravel/framework/src/Illuminate/Foundation/Http/Middleware/TransformsRequest.php(21): Illuminate/Pipeline/Pipeline->Illuminate/Pipeline/{closure}(Object(Illuminate/Http/Request))
#18 C:/Users/hamza/Desktop/PROYECTOS/APP/mightyfitness/fitness-backend/vendor/laravel/framework/src/Illuminate/Foundation/Http/Middleware/TrimStrings.php(51): Illuminate/Foundation/Http/Middleware/TransformsRequest->handle(Object(Illuminate/Http/Request), Object(Closure))
#19 C:/Users/hamza/Desktop/PROYECTOS/APP/mightyfitness/fitness-backend/vendor/laravel/framework/src/Illuminate/Pipeline/Pipeline.php(209): Illuminate/Foundation/Http/Middleware/TrimStrings->handle(Object(Illuminate/Http/Request), Object(Closure))
#20 C:/Users/hamza/Desktop/PROYECTOS/APP/mightyfitness/fitness-backend/vendor/laravel/framework/src/Illuminate/Http/Middleware/ValidatePostSize.php(27): Illuminate/Pipeline/Pipeline->Illuminate/Pipeline/{closure}(Object(Illuminate/Http/Request))
#21 C:/Users/hamza/Desktop/PROYECTOS/APP/mightyfitness/fitness-backend/vendor/laravel/framework/src/Illuminate/Pipeline/Pipeline.php(209): Illuminate/Http/Middleware/ValidatePostSize->handle(Object(Illuminate/Http/Request), Object(Closure))
#22 C:/Users/hamza/Desktop/PROYECTOS/APP/mightyfitness/fitness-backend/vendor/laravel/framework/src/Illuminate/Foundation/Http/Middleware/PreventRequestsDuringMaintenance.php(110): Illuminate/Pipeline/Pipeline->Illuminate/Pipeline/{closure}(Object(Illuminate/Http/Request))
#23 C:/Users/hamza/Desktop/PROYECTOS/APP/mightyfitness/fitness-backend/vendor/laravel/framework/src/Illuminate/Pipeline/Pipeline.php(209): Illuminate/Foundation/Http/Middleware/PreventRequestsDuringMaintenance->handle(Object(Illuminate/Http/Request), Object(Closure))
#24 C:/Users/hamza/Desktop/PROYECTOS/APP/mightyfitness/fitness-backend/vendor/laravel/framework/src/Illuminate/Http/Middleware/HandleCors.php(62): Illuminate/Pipeline/Pipeline->Illuminate/Pipeline/{closure}(Object(Illuminate/Http/Request))
#25 C:/Users/hamza/Desktop/PROYECTOS/APP/mightyfitness/fitness-backend/vendor/laravel/framework/src/Illuminate/Pipeline/Pipeline.php(209): Illuminate/Http/Middleware/HandleCors->handle(Object(Illuminate/Http/Request), Object(Closure))
#26 C:/Users/hamza/Desktop/PROYECTOS/APP/mightyfitness/fitness-backend/vendor/laravel/framework/src/Illuminate/Pipeline/Pipeline.php(127): Illuminate/Pipeline/Pipeline->Illuminate/Pipeline/{closure}(Object(Illuminate/Http/Request))
#27 C:/Users/hamza/Desktop/PROYECTOS/APP/mightyfitness/fitness-backend/vendor/laravel/framework/src/Illuminate/Foundation/Http/Kernel.php(176): Illuminate/Pipeline/Pipeline->then(Object(Closure))
#28 C:/Users/hamza/Desktop/PROYECTOS/APP/mightyfitness/fitness-backend/vendor/laravel/framework/src/Illuminate/Foundation/Http/Kernel.php(145): Illuminate/Foundation/Http/Kernel->sendRequestThroughRouter(Object(Illuminate/Http/Request))
#29 C:/Users/hamza/Desktop/PROYECTOS/APP/mightyfitness/fitness-backend/public/index.php(51): Illuminate/Foundation/Http/Kernel->handle(Object(Illuminate/Http/Request))
#30 C:/Users/hamza/Desktop/PROYECTOS/APP/mightyfitness/fitness-backend/server.php(21): require_once('C://Users//hamza//...')
#31 {main}
"} 
[2026-07-29 13:03:39] local.ERROR: Class "App\Http\Controllers\API\BaseController" not found {"exception":"[object] (Error(code: 0): Class \"App\\Http\\Controllers\\API\\BaseController\" not found at C:/Users/hamza/Desktop/PROYECTOS/APP/mightyfitness/fitness-backend/app/Http/Controllers/API/Admin/ClientLimitationController.php:10)
[stacktrace]
#0 C:/Users/hamza/Desktop/PROYECTOS/APP/mightyfitness/fitness-backend/vendor/composer/ClassLoader.php(576): include()
#1 C:/Users/hamza/Desktop/PROYECTOS/APP/mightyfitness/fitness-backend/vendor/composer/ClassLoader.php(427): Composer/Autoload/{closure}('C://Users//hamza//...')
#2 [internal function]: Composer/Autoload/ClassLoader->loadClass('App//Http//Contro...')
#3 C:/Users/hamza/Desktop/PROYECTOS/APP/mightyfitness/fitness-backend/vendor/laravel/framework/src/Illuminate/Routing/Route.php(1117): is_a('App//Http//Contro...', 'Illuminate//Rout...', true)
#4 C:/Users/hamza/Desktop/PROYECTOS/APP/mightyfitness/fitness-backend/vendor/laravel/framework/src/Illuminate/Routing/Route.php(1054): Illuminate/Routing/Route->controllerMiddleware()
#5 C:/Users/hamza/Desktop/PROYECTOS/APP/mightyfitness/fitness-backend/vendor/laravel/framework/src/Illuminate/Routing/Router.php(820): Illuminate/Routing/Route->gatherMiddleware()
#6 C:/Users/hamza/Desktop/PROYECTOS/APP/mightyfitness/fitness-backend/vendor/laravel/framework/src/Illuminate/Routing/Router.php(802): Illuminate/Routing/Router->gatherRouteMiddleware(Object(Illuminate/Routing/Route))
#7 C:/Users/hamza/Desktop/PROYECTOS/APP/mightyfitness/fitness-backend/vendor/laravel/framework/src/Illuminate/Routing/Router.php(786): Illuminate/Routing/Router->runRouteWithinStack(Object(Illuminate/Routing/Route), Object(Illuminate/Http/Request))
#8 C:/Users/hamza/Desktop/PROYECTOS/APP/mightyfitness/fitness-backend/vendor/laravel/framework/src/Illuminate/Routing/Router.php(750): Illuminate/Routing/Router->runRoute(Object(Illuminate/Http/Request), Object(Illuminate/Routing/Route))
#9 C:/Users/hamza/Desktop/PROYECTOS/APP/mightyfitness/fitness-backend/vendor/laravel/framework/src/Illuminate/Routing/Router.php(739): Illuminate/Routing/Router->dispatchToRoute(Object(Illuminate/Http/Request))
#10 C:/Users/hamza/Desktop/PROYECTOS/APP/mightyfitness/fitness-backend/vendor/laravel/framework/src/Illuminate/Foundation/Http/Kernel.php(201): Illuminate/Routing/Router->dispatch(Object(Illuminate/Http/Request))
#11 C:/Users/hamza/Desktop/PROYECTOS/APP/mightyfitness/fitness-backend/vendor/laravel/framework/src/Illuminate/Pipeline/Pipeline.php(170): Illuminate/Foundation/Http/Kernel->Illuminate/Foundation/Http/{closure}(Object(Illuminate/Http/Request))
#12 C:/Users/hamza/Desktop/PROYECTOS/APP/mightyfitness/fitness-backend/vendor/livewire/livewire/src/Features/SupportDisablingBackButtonCache/DisableBackButtonCacheMiddleware.php(19): Illuminate/Pipeline/Pipeline->Illuminate/Pipeline/{closure}(Object(Illuminate/Http/Request))
#13 C:/Users/hamza/Desktop/PROYECTOS/APP/mightyfitness/fitness-backend/vendor/laravel/framework/src/Illuminate/Pipeline/Pipeline.php(209): Livewire/Features/SupportDisablingBackButtonCache/DisableBackButtonCacheMiddleware->handle(Object(Illuminate/Http/Request), Object(Closure))
#14 C:/Users/hamza/Desktop/PROYECTOS/APP/mightyfitness/fitness-backend/vendor/laravel/framework/src/Illuminate/Foundation/Http/Middleware/TransformsRequest.php(21): Illuminate/Pipeline/Pipeline->Illuminate/Pipeline/{closure}(Object(Illuminate/Http/Request))
#15 C:/Users/hamza/Desktop/PROYECTOS/APP/mightyfitness/fitness-backend/vendor/laravel/framework/src/Illuminate/Foundation/Http/Middleware/ConvertEmptyStringsToNull.php(31): Illuminate/Foundation/Http/Middleware/TransformsRequest->handle(Object(Illuminate/Http/Request), Object(Closure))
#16 C:/Users/hamza/Desktop/PROYECTOS/APP/mightyfitness/fitness-backend/vendor/laravel/framework/src/Illuminate/Pipeline/Pipeline.php(209): Illuminate/Foundation/Http/Middleware/ConvertEmptyStringsToNull->handle(Object(Illuminate/Http/Request), Object(Closure))
#17 C:/Users/hamza/Desktop/PROYECTOS/APP/mightyfitness/fitness-backend/vendor/laravel/framework/src/Illuminate/Foundation/Http/Middleware/TransformsRequest.php(21): Illuminate/Pipeline/Pipeline->Illuminate/Pipeline/{closure}(Object(Illuminate/Http/Request))
#18 C:/Users/hamza/Desktop/PROYECTOS/APP/mightyfitness/fitness-backend/vendor/laravel/framework/src/Illuminate/Foundation/Http/Middleware/TrimStrings.php(51): Illuminate/Foundation/Http/Middleware/TransformsRequest->handle(Object(Illuminate/Http/Request), Object(Closure))
#19 C:/Users/hamza/Desktop/PROYECTOS/APP/mightyfitness/fitness-backend/vendor/laravel/framework/src/Illuminate/Pipeline/Pipeline.php(209): Illuminate/Foundation/Http/Middleware/TrimStrings->handle(Object(Illuminate/Http/Request), Object(Closure))
#20 C:/Users/hamza/Desktop/PROYECTOS/APP/mightyfitness/fitness-backend/vendor/laravel/framework/src/Illuminate/Http/Middleware/ValidatePostSize.php(27): Illuminate/Pipeline/Pipeline->Illuminate/Pipeline/{closure}(Object(Illuminate/Http/Request))
#21 C:/Users/hamza/Desktop/PROYECTOS/APP/mightyfitness/fitness-backend/vendor/laravel/framework/src/Illuminate/Pipeline/Pipeline.php(209): Illuminate/Http/Middleware/ValidatePostSize->handle(Object(Illuminate/Http/Request), Object(Closure))
#22 C:/Users/hamza/Desktop/PROYECTOS/APP/mightyfitness/fitness-backend/vendor/laravel/framework/src/Illuminate/Foundation/Http/Middleware/PreventRequestsDuringMaintenance.php(110): Illuminate/Pipeline/Pipeline->Illuminate/Pipeline/{closure}(Object(Illuminate/Http/Request))
#23 C:/Users/hamza/Desktop/PROYECTOS/APP/mightyfitness/fitness-backend/vendor/laravel/framework/src/Illuminate/Pipeline/Pipeline.php(209): Illuminate/Foundation/Http/Middleware/PreventRequestsDuringMaintenance->handle(Object(Illuminate/Http/Request), Object(Closure))
#24 C:/Users/hamza/Desktop/PROYECTOS/APP/mightyfitness/fitness-backend/vendor/laravel/framework/src/Illuminate/Http/Middleware/HandleCors.php(62): Illuminate/Pipeline/Pipeline->Illuminate/Pipeline/{closure}(Object(Illuminate/Http/Request))
#25 C:/Users/hamza/Desktop/PROYECTOS/APP/mightyfitness/fitness-backend/vendor/laravel/framework/src/Illuminate/Pipeline/Pipeline.php(209): Illuminate/Http/Middleware/HandleCors->handle(Object(Illuminate/Http/Request), Object(Closure))
#26 C:/Users/hamza/Desktop/PROYECTOS/APP/mightyfitness/fitness-backend/vendor/laravel/framework/src/Illuminate/Pipeline/Pipeline.php(127): Illuminate/Pipeline/Pipeline->Illuminate/Pipeline/{closure}(Object(Illuminate/Http/Request))
#27 C:/Users/hamza/Desktop/PROYECTOS/APP/mightyfitness/fitness-backend/vendor/laravel/framework/src/Illuminate/Foundation/Http/Kernel.php(176): Illuminate/Pipeline/Pipeline->then(Object(Closure))
#28 C:/Users/hamza/Desktop/PROYECTOS/APP/mightyfitness/fitness-backend/vendor/laravel/framework/src/Illuminate/Foundation/Http/Kernel.php(145): Illuminate/Foundation/Http/Kernel->sendRequestThroughRouter(Object(Illuminate/Http/Request))
#29 C:/Users/hamza/Desktop/PROYECTOS/APP/mightyfitness/fitness-backend/public/index.php(51): Illuminate/Foundation/Http/Kernel->handle(Object(Illuminate/Http/Request))
#30 C:/Users/hamza/Desktop/PROYECTOS/APP/mightyfitness/fitness-backend/server.php(21): require_once('C://Users//hamza//...')
#31 {main}
"} 
[2026-07-29 13:03:39] local.ERROR: Class "App\Http\Controllers\API\BaseController" not found {"exception":"[object] (Error(code: 0): Class \"App\\Http\\Controllers\\API\\BaseController\" not found at C:/Users/hamza/Desktop/PROYECTOS/APP/mightyfitness/fitness-backend/app/Http/Controllers/API/Admin/ClientBodyMetricController.php:11)
[stacktrace]
#0 C:/Users/hamza/Desktop/PROYECTOS/APP/mightyfitness/fitness-backend/vendor/composer/ClassLoader.php(576): include()
#1 C:/Users/hamza/Desktop/PROYECTOS/APP/mightyfitness/fitness-backend/vendor/composer/ClassLoader.php(427): Composer/Autoload/{closure}('C://Users//hamza//...')
#2 [internal function]: Composer/Autoload/ClassLoader->loadClass('App//Http//Contro...')
#3 C:/Users/hamza/Desktop/PROYECTOS/APP/mightyfitness/fitness-backend/vendor/laravel/framework/src/Illuminate/Routing/Route.php(1117): is_a('App//Http//Contro...', 'Illuminate//Rout...', true)
#4 C:/Users/hamza/Desktop/PROYECTOS/APP/mightyfitness/fitness-backend/vendor/laravel/framework/src/Illuminate/Routing/Route.php(1054): Illuminate/Routing/Route->controllerMiddleware()
#5 C:/Users/hamza/Desktop/PROYECTOS/APP/mightyfitness/fitness-backend/vendor/laravel/framework/src/Illuminate/Routing/Router.php(820): Illuminate/Routing/Route->gatherMiddleware()
#6 C:/Users/hamza/Desktop/PROYECTOS/APP/mightyfitness/fitness-backend/vendor/laravel/framework/src/Illuminate/Routing/Router.php(802): Illuminate/Routing/Router->gatherRouteMiddleware(Object(Illuminate/Routing/Route))
#7 C:/Users/hamza/Desktop/PROYECTOS/APP/mightyfitness/fitness-backend/vendor/laravel/framework/src/Illuminate/Routing/Router.php(786): Illuminate/Routing/Router->runRouteWithinStack(Object(Illuminate/Routing/Route), Object(Illuminate/Http/Request))
#8 C:/Users/hamza/Desktop/PROYECTOS/APP/mightyfitness/fitness-backend/vendor/laravel/framework/src/Illuminate/Routing/Router.php(750): Illuminate/Routing/Router->runRoute(Object(Illuminate/Http/Request), Object(Illuminate/Routing/Route))
#9 C:/Users/hamza/Desktop/PROYECTOS/APP/mightyfitness/fitness-backend/vendor/laravel/framework/src/Illuminate/Routing/Router.php(739): Illuminate/Routing/Router->dispatchToRoute(Object(Illuminate/Http/Request))
#10 C:/Users/hamza/Desktop/PROYECTOS/APP/mightyfitness/fitness-backend/vendor/laravel/framework/src/Illuminate/Foundation/Http/Kernel.php(201): Illuminate/Routing/Router->dispatch(Object(Illuminate/Http/Request))
#11 C:/Users/hamza/Desktop/PROYECTOS/APP/mightyfitness/fitness-backend/vendor/laravel/framework/src/Illuminate/Pipeline/Pipeline.php(170): Illuminate/Foundation/Http/Kernel->Illuminate/Foundation/Http/{closure}(Object(Illuminate/Http/Request))
#12 C:/Users/hamza/Desktop/PROYECTOS/APP/mightyfitness/fitness-backend/vendor/livewire/livewire/src/Features/SupportDisablingBackButtonCache/DisableBackButtonCacheMiddleware.php(19): Illuminate/Pipeline/Pipeline->Illuminate/Pipeline/{closure}(Object(Illuminate/Http/Request))
#13 C:/Users/hamza/Desktop/PROYECTOS/APP/mightyfitness/fitness-backend/vendor/laravel/framework/src/Illuminate/Pipeline/Pipeline.php(209): Livewire/Features/SupportDisablingBackButtonCache/DisableBackButtonCacheMiddleware->handle(Object(Illuminate/Http/Request), Object(Closure))
#14 C:/Users/hamza/Desktop/PROYECTOS/APP/mightyfitness/fitness-backend/vendor/laravel/framework/src/Illuminate/Foundation/Http/Middleware/TransformsRequest.php(21): Illuminate/Pipeline/Pipeline->Illuminate/Pipeline/{closure}(Object(Illuminate/Http/Request))
#15 C:/Users/hamza/Desktop/PROYECTOS/APP/mightyfitness/fitness-backend/vendor/laravel/framework/src/Illuminate/Foundation/Http/Middleware/ConvertEmptyStringsToNull.php(31): Illuminate/Foundation/Http/Middleware/TransformsRequest->handle(Object(Illuminate/Http/Request), Object(Closure))
#16 C:/Users/hamza/Desktop/PROYECTOS/APP/mightyfitness/fitness-backend/vendor/laravel/framework/src/Illuminate/Pipeline/Pipeline.php(209): Illuminate/Foundation/Http/Middleware/ConvertEmptyStringsToNull->handle(Object(Illuminate/Http/Request), Object(Closure))
#17 C:/Users/hamza/Desktop/PROYECTOS/APP/mightyfitness/fitness-backend/vendor/laravel/framework/src/Illuminate/Foundation/Http/Middleware/TransformsRequest.php(21): Illuminate/Pipeline/Pipeline->Illuminate/Pipeline/{closure}(Object(Illuminate/Http/Request))
#18 C:/Users/hamza/Desktop/PROYECTOS/APP/mightyfitness/fitness-backend/vendor/laravel/framework/src/Illuminate/Foundation/Http/Middleware/TrimStrings.php(51): Illuminate/Foundation/Http/Middleware/TransformsRequest->handle(Object(Illuminate/Http/Request), Object(Closure))
#19 C:/Users/hamza/Desktop/PROYECTOS/APP/mightyfitness/fitness-backend/vendor/laravel/framework/src/Illuminate/Pipeline/Pipeline.php(209): Illuminate/Foundation/Http/Middleware/TrimStrings->handle(Object(Illuminate/Http/Request), Object(Closure))
#20 C:/Users/hamza/Desktop/PROYECTOS/APP/mightyfitness/fitness-backend/vendor/laravel/framework/src/Illuminate/Http/Middleware/ValidatePostSize.php(27): Illuminate/Pipeline/Pipeline->Illuminate/Pipeline/{closure}(Object(Illuminate/Http/Request))
#21 C:/Users/hamza/Desktop/PROYECTOS/APP/mightyfitness/fitness-backend/vendor/laravel/framework/src/Illuminate/Pipeline/Pipeline.php(209): Illuminate/Http/Middleware/ValidatePostSize->handle(Object(Illuminate/Http/Request), Object(Closure))
#22 C:/Users/hamza/Desktop/PROYECTOS/APP/mightyfitness/fitness-backend/vendor/laravel/framework/src/Illuminate/Foundation/Http/Middleware/PreventRequestsDuringMaintenance.php(110): Illuminate/Pipeline/Pipeline->Illuminate/Pipeline/{closure}(Object(Illuminate/Http/Request))
#23 C:/Users/hamza/Desktop/PROYECTOS/APP/mightyfitness/fitness-backend/vendor/laravel/framework/src/Illuminate/Pipeline/Pipeline.php(209): Illuminate/Foundation/Http/Middleware/PreventRequestsDuringMaintenance->handle(Object(Illuminate/Http/Request), Object(Closure))
#24 C:/Users/hamza/Desktop/PROYECTOS/APP/mightyfitness/fitness-backend/vendor/laravel/framework/src/Illuminate/Http/Middleware/HandleCors.php(62): Illuminate/Pipeline/Pipeline->Illuminate/Pipeline/{closure}(Object(Illuminate/Http/Request))
#25 C:/Users/hamza/Desktop/PROYECTOS/APP/mightyfitness/fitness-backend/vendor/laravel/framework/src/Illuminate/Pipeline/Pipeline.php(209): Illuminate/Http/Middleware/HandleCors->handle(Object(Illuminate/Http/Request), Object(Closure))
#26 C:/Users/hamza/Desktop/PROYECTOS/APP/mightyfitness/fitness-backend/vendor/laravel/framework/src/Illuminate/Pipeline/Pipeline.php(127): Illuminate/Pipeline/Pipeline->Illuminate/Pipeline/{closure}(Object(Illuminate/Http/Request))
#27 C:/Users/hamza/Desktop/PROYECTOS/APP/mightyfitness/fitness-backend/vendor/laravel/framework/src/Illuminate/Foundation/Http/Kernel.php(176): Illuminate/Pipeline/Pipeline->then(Object(Closure))
#28 C:/Users/hamza/Desktop/PROYECTOS/APP/mightyfitness/fitness-backend/vendor/laravel/framework/src/Illuminate/Foundation/Http/Kernel.php(145): Illuminate/Foundation/Http/Kernel->sendRequestThroughRouter(Object(Illuminate/Http/Request))
#29 C:/Users/hamza/Desktop/PROYECTOS/APP/mightyfitness/fitness-backend/public/index.php(51): Illuminate/Foundation/Http/Kernel->handle(Object(Illuminate/Http/Request))
#30 C:/Users/hamza/Desktop/PROYECTOS/APP/mightyfitness/fitness-backend/server.php(21): require_once('C://Users//hamza//...')
#31 {main}
"} 
[2026-07-29 13:03:40] local.ERROR: Class "App\Http\Controllers\API\BaseController" not found {"exception":"[object] (Error(code: 0): Class \"App\\Http\\Controllers\\API\\BaseController\" not found at C:/Users/hamza/Desktop/PROYECTOS/APP/mightyfitness/fitness-backend/app/Http/Controllers/API/Admin/ClientBodyMetricController.php:11)
[stacktrace]
#0 C:/Users/hamza/Desktop/PROYECTOS/APP/mightyfitness/fitness-backend/vendor/composer/ClassLoader.php(576): include()
#1 C:/Users/hamza/Desktop/PROYECTOS/APP/mightyfitness/fitness-backend/vendor/composer/ClassLoader.php(427): Composer/Autoload/{closure}('C://Users//hamza//...')
#2 [internal function]: Composer/Autoload/ClassLoader->loadClass('App//Http//Contro...')
#3 C:/Users/hamza/Desktop/PROYECTOS/APP/mightyfitness/fitness-backend/vendor/laravel/framework/src/Illuminate/Routing/Route.php(1117): is_a('App//Http//Contro...', 'Illuminate//Rout...', true)
#4 C:/Users/hamza/Desktop/PROYECTOS/APP/mightyfitness/fitness-backend/vendor/laravel/framework/src/Illuminate/Routing/Route.php(1054): Illuminate/Routing/Route->controllerMiddleware()
#5 C:/Users/hamza/Desktop/PROYECTOS/APP/mightyfitness/fitness-backend/vendor/laravel/framework/src/Illuminate/Routing/Router.php(820): Illuminate/Routing/Route->gatherMiddleware()
#6 C:/Users/hamza/Desktop/PROYECTOS/APP/mightyfitness/fitness-backend/vendor/laravel/framework/src/Illuminate/Routing/Router.php(802): Illuminate/Routing/Router->gatherRouteMiddleware(Object(Illuminate/Routing/Route))
#7 C:/Users/hamza/Desktop/PROYECTOS/APP/mightyfitness/fitness-backend/vendor/laravel/framework/src/Illuminate/Routing/Router.php(786): Illuminate/Routing/Router->runRouteWithinStack(Object(Illuminate/Routing/Route), Object(Illuminate/Http/Request))
#8 C:/Users/hamza/Desktop/PROYECTOS/APP/mightyfitness/fitness-backend/vendor/laravel/framework/src/Illuminate/Routing/Router.php(750): Illuminate/Routing/Router->runRoute(Object(Illuminate/Http/Request), Object(Illuminate/Routing/Route))
#9 C:/Users/hamza/Desktop/PROYECTOS/APP/mightyfitness/fitness-backend/vendor/laravel/framework/src/Illuminate/Routing/Router.php(739): Illuminate/Routing/Router->dispatchToRoute(Object(Illuminate/Http/Request))
#10 C:/Users/hamza/Desktop/PROYECTOS/APP/mightyfitness/fitness-backend/vendor/laravel/framework/src/Illuminate/Foundation/Http/Kernel.php(201): Illuminate/Routing/Router->dispatch(Object(Illuminate/Http/Request))
#11 C:/Users/hamza/Desktop/PROYECTOS/APP/mightyfitness/fitness-backend/vendor/laravel/framework/src/Illuminate/Pipeline/Pipeline.php(170): Illuminate/Foundation/Http/Kernel->Illuminate/Foundation/Http/{closure}(Object(Illuminate/Http/Request))
#12 C:/Users/hamza/Desktop/PROYECTOS/APP/mightyfitness/fitness-backend/vendor/livewire/livewire/src/Features/SupportDisablingBackButtonCache/DisableBackButtonCacheMiddleware.php(19): Illuminate/Pipeline/Pipeline->Illuminate/Pipeline/{closure}(Object(Illuminate/Http/Request))
#13 C:/Users/hamza/Desktop/PROYECTOS/APP/mightyfitness/fitness-backend/vendor/laravel/framework/src/Illuminate/Pipeline/Pipeline.php(209): Livewire/Features/SupportDisablingBackButtonCache/DisableBackButtonCacheMiddleware->handle(Object(Illuminate/Http/Request), Object(Closure))
#14 C:/Users/hamza/Desktop/PROYECTOS/APP/mightyfitness/fitness-backend/vendor/laravel/framework/src/Illuminate/Foundation/Http/Middleware/TransformsRequest.php(21): Illuminate/Pipeline/Pipeline->Illuminate/Pipeline/{closure}(Object(Illuminate/Http/Request))
#15 C:/Users/hamza/Desktop/PROYECTOS/APP/mightyfitness/fitness-backend/vendor/laravel/framework/src/Illuminate/Foundation/Http/Middleware/ConvertEmptyStringsToNull.php(31): Illuminate/Foundation/Http/Middleware/TransformsRequest->handle(Object(Illuminate/Http/Request), Object(Closure))
#16 C:/Users/hamza/Desktop/PROYECTOS/APP/mightyfitness/fitness-backend/vendor/laravel/framework/src/Illuminate/Pipeline/Pipeline.php(209): Illuminate/Foundation/Http/Middleware/ConvertEmptyStringsToNull->handle(Object(Illuminate/Http/Request), Object(Closure))
#17 C:/Users/hamza/Desktop/PROYECTOS/APP/mightyfitness/fitness-backend/vendor/laravel/framework/src/Illuminate/Foundation/Http/Middleware/TransformsRequest.php(21): Illuminate/Pipeline/Pipeline->Illuminate/Pipeline/{closure}(Object(Illuminate/Http/Request))
#18 C:/Users/hamza/Desktop/PROYECTOS/APP/mightyfitness/fitness-backend/vendor/laravel/framework/src/Illuminate/Foundation/Http/Middleware/TrimStrings.php(51): Illuminate/Foundation/Http/Middleware/TransformsRequest->handle(Object(Illuminate/Http/Request), Object(Closure))
#19 C:/Users/hamza/Desktop/PROYECTOS/APP/mightyfitness/fitness-backend/vendor/laravel/framework/src/Illuminate/Pipeline/Pipeline.php(209): Illuminate/Foundation/Http/Middleware/TrimStrings->handle(Object(Illuminate/Http/Request), Object(Closure))
#20 C:/Users/hamza/Desktop/PROYECTOS/APP/mightyfitness/fitness-backend/vendor/laravel/framework/src/Illuminate/Http/Middleware/ValidatePostSize.php(27): Illuminate/Pipeline/Pipeline->Illuminate/Pipeline/{closure}(Object(Illuminate/Http/Request))
#21 C:/Users/hamza/Desktop/PROYECTOS/APP/mightyfitness/fitness-backend/vendor/laravel/framework/src/Illuminate/Pipeline/Pipeline.php(209): Illuminate/Http/Middleware/ValidatePostSize->handle(Object(Illuminate/Http/Request), Object(Closure))
#22 C:/Users/hamza/Desktop/PROYECTOS/APP/mightyfitness/fitness-backend/vendor/laravel/framework/src/Illuminate/Foundation/Http/Middleware/PreventRequestsDuringMaintenance.php(110): Illuminate/Pipeline/Pipeline->Illuminate/Pipeline/{closure}(Object(Illuminate/Http/Request))
#23 C:/Users/hamza/Desktop/PROYECTOS/APP/mightyfitness/fitness-backend/vendor/laravel/framework/src/Illuminate/Pipeline/Pipeline.php(209): Illuminate/Foundation/Http/Middleware/PreventRequestsDuringMaintenance->handle(Object(Illuminate/Http/Request), Object(Closure))
#24 C:/Users/hamza/Desktop/PROYECTOS/APP/mightyfitness/fitness-backend/vendor/laravel/framework/src/Illuminate/Http/Middleware/HandleCors.php(62): Illuminate/Pipeline/Pipeline->Illuminate/Pipeline/{closure}(Object(Illuminate/Http/Request))
#25 C:/Users/hamza/Desktop/PROYECTOS/APP/mightyfitness/fitness-backend/vendor/laravel/framework/src/Illuminate/Pipeline/Pipeline.php(209): Illuminate/Http/Middleware/HandleCors->handle(Object(Illuminate/Http/Request), Object(Closure))
#26 C:/Users/hamza/Desktop/PROYECTOS/APP/mightyfitness/fitness-backend/vendor/laravel/framework/src/Illuminate/Pipeline/Pipeline.php(127): Illuminate/Pipeline/Pipeline->Illuminate/Pipeline/{closure}(Object(Illuminate/Http/Request))
#27 C:/Users/hamza/Desktop/PROYECTOS/APP/mightyfitness/fitness-backend/vendor/laravel/framework/src/Illuminate/Foundation/Http/Kernel.php(176): Illuminate/Pipeline/Pipeline->then(Object(Closure))
#28 C:/Users/hamza/Desktop/PROYECTOS/APP/mightyfitness/fitness-backend/vendor/laravel/framework/src/Illuminate/Foundation/Http/Kernel.php(145): Illuminate/Foundation/Http/Kernel->sendRequestThroughRouter(Object(Illuminate/Http/Request))
#29 C:/Users/hamza/Desktop/PROYECTOS/APP/mightyfitness/fitness-backend/public/index.php(51): Illuminate/Foundation/Http/Kernel->handle(Object(Illuminate/Http/Request))
#30 C:/Users/hamza/Desktop/PROYECTOS/APP/mightyfitness/fitness-backend/server.php(21): require_once('C://Users//hamza//...')
#31 {main}
"} 
[2026-07-29 13:41:57] local.ERROR: SQLSTATE[42S22]: Column not found: 1054 Unknown column 'client_tag_assignments.tag_id' in 'field list' (Connection: mysql, SQL: select `client_tags`.*, `client_tag_assignments`.`client_id` as `pivot_client_id`, `client_tag_assignments`.`tag_id` as `pivot_tag_id` from `client_tags` inner join `client_tag_assignments` on `client_tags`.`id` = `client_tag_assignments`.`tag_id` where `client_tag_assignments`.`client_id` in (3)) {"userId":1,"exception":"[object] (Illuminate\\Database\\QueryException(code: 42S22): SQLSTATE[42S22]: Column not found: 1054 Unknown column 'client_tag_assignments.tag_id' in 'field list' (Connection: mysql, SQL: select `client_tags`.*, `client_tag_assignments`.`client_id` as `pivot_client_id`, `client_tag_assignments`.`tag_id` as `pivot_tag_id` from `client_tags` inner join `client_tag_assignments` on `client_tags`.`id` = `client_tag_assignments`.`tag_id` where `client_tag_assignments`.`client_id` in (3)) at C:/Users/hamza/Desktop/PROYECTOS/APP/mightyfitness/fitness-backend/vendor/laravel/framework/src/Illuminate/Database/Connection.php:825)
[stacktrace]
#0 C:/Users/hamza/Desktop/PROYECTOS/APP/mightyfitness/fitness-backend/vendor/laravel/framework/src/Illuminate/Database/Connection.php(779): Illuminate/Database/Connection->runQueryCallback('select `client_...', Array, Object(Closure))
#1 C:/Users/hamza/Desktop/PROYECTOS/APP/mightyfitness/fitness-backend/vendor/laravel/framework/src/Illuminate/Database/Connection.php(398): Illuminate/Database/Connection->run('select `client_...', Array, Object(Closure))
#2 C:/Users/hamza/Desktop/PROYECTOS/APP/mightyfitness/fitness-backend/vendor/laravel/framework/src/Illuminate/Database/Query/Builder.php(3106): Illuminate/Database/Connection->select('select `client_...', Array, true)
#3 C:/Users/hamza/Desktop/PROYECTOS/APP/mightyfitness/fitness-backend/vendor/laravel/framework/src/Illuminate/Database/Query/Builder.php(3091): Illuminate/Database/Query/Builder->runSelect()
#4 C:/Users/hamza/Desktop/PROYECTOS/APP/mightyfitness/fitness-backend/vendor/laravel/framework/src/Illuminate/Database/Query/Builder.php(3676): Illuminate/Database/Query/Builder->Illuminate/Database/Query/{closure}()
#5 C:/Users/hamza/Desktop/PROYECTOS/APP/mightyfitness/fitness-backend/vendor/laravel/framework/src/Illuminate/Database/Query/Builder.php(3090): Illuminate/Database/Query/Builder->onceWithColumns(Array, Object(Closure))
#6 C:/Users/hamza/Desktop/PROYECTOS/APP/mightyfitness/fitness-backend/vendor/laravel/framework/src/Illuminate/Database/Eloquent/Builder.php(811): Illuminate/Database/Query/Builder->get(Array)
#7 C:/Users/hamza/Desktop/PROYECTOS/APP/mightyfitness/fitness-backend/vendor/laravel/framework/src/Illuminate/Database/Eloquent/Relations/BelongsToMany.php(887): Illuminate/Database/Eloquent/Builder->getModels()
#8 C:/Users/hamza/Desktop/PROYECTOS/APP/mightyfitness/fitness-backend/vendor/laravel/framework/src/Illuminate/Database/Eloquent/Relations/Relation.php(176): Illuminate/Database/Eloquent/Relations/BelongsToMany->get()
#9 C:/Users/hamza/Desktop/PROYECTOS/APP/mightyfitness/fitness-backend/vendor/laravel/framework/src/Illuminate/Database/Eloquent/Builder.php(859): Illuminate/Database/Eloquent/Relations/Relation->getEager()
#10 C:/Users/hamza/Desktop/PROYECTOS/APP/mightyfitness/fitness-backend/vendor/laravel/framework/src/Illuminate/Database/Eloquent/Builder.php(828): Illuminate/Database/Eloquent/Builder->eagerLoadRelation(Array, 'tags', Object(Closure))
#11 C:/Users/hamza/Desktop/PROYECTOS/APP/mightyfitness/fitness-backend/vendor/laravel/framework/src/Illuminate/Database/Eloquent/Builder.php(794): Illuminate/Database/Eloquent/Builder->eagerLoadRelations(Array)
#12 C:/Users/hamza/Desktop/PROYECTOS/APP/mightyfitness/fitness-backend/vendor/laravel/framework/src/Illuminate/Database/Concerns/BuildsQueries.php(343): Illuminate/Database/Eloquent/Builder->get(Array)
#13 C:/Users/hamza/Desktop/PROYECTOS/APP/mightyfitness/fitness-backend/vendor/laravel/framework/src/Illuminate/Database/Eloquent/Builder.php(477): Illuminate/Database/Eloquent/Builder->first(Array)
#14 C:/Users/hamza/Desktop/PROYECTOS/APP/mightyfitness/fitness-backend/app/Http/Controllers/API/ClientTagController.php(55): Illuminate/Database/Eloquent/Builder->find('3')
#15 C:/Users/hamza/Desktop/PROYECTOS/APP/mightyfitness/fitness-backend/vendor/laravel/framework/src/Illuminate/Routing/Controller.php(54): App/Http/Controllers/API/ClientTagController->getClientTags(Object(Illuminate/Http/Request))
#16 C:/Users/hamza/Desktop/PROYECTOS/APP/mightyfitness/fitness-backend/vendor/laravel/framework/src/Illuminate/Routing/ControllerDispatcher.php(44): Illuminate/Routing/Controller->callAction('getClientTags', Array)
#17 C:/Users/hamza/Desktop/PROYECTOS/APP/mightyfitness/fitness-backend/vendor/laravel/framework/src/Illuminate/Routing/Route.php(266): Illuminate/Routing/ControllerDispatcher->dispatch(Object(Illuminate/Routing/Route), Object(App/Http/Controllers/API/ClientTagController), 'getClientTags')
#18 C:/Users/hamza/Desktop/PROYECTOS/APP/mightyfitness/fitness-backend/vendor/laravel/framework/src/Illuminate/Routing/Route.php(212): Illuminate/Routing/Route->runController()
#19 C:/Users/hamza/Desktop/PROYECTOS/APP/mightyfitness/fitness-backend/vendor/laravel/framework/src/Illuminate/Routing/Router.php(808): Illuminate/Routing/Route->run()
#20 C:/Users/hamza/Desktop/PROYECTOS/APP/mightyfitness/fitness-backend/vendor/laravel/framework/src/Illuminate/Pipeline/Pipeline.php(170): Illuminate/Routing/Router->Illuminate/Routing/{closure}(Object(Illuminate/Http/Request))
#21 C:/Users/hamza/Desktop/PROYECTOS/APP/mightyfitness/fitness-backend/app/Http/Middleware/AdminApi.php(26): Illuminate/Pipeline/Pipeline->Illuminate/Pipeline/{closure}(Object(Illuminate/Http/Request))
#22 C:/Users/hamza/Desktop/PROYECTOS/APP/mightyfitness/fitness-backend/vendor/laravel/framework/src/Illuminate/Pipeline/Pipeline.php(209): App/Http/Middleware/AdminApi->handle(Object(Illuminate/Http/Request), Object(Closure))
#23 C:/Users/hamza/Desktop/PROYECTOS/APP/mightyfitness/fitness-backend/app/Http/Middleware/API/CheckUserStatus.php(26): Illuminate/Pipeline/Pipeline->Illuminate/Pipeline/{closure}(Object(Illuminate/Http/Request))
#24 C:/Users/hamza/Desktop/PROYECTOS/APP/mightyfitness/fitness-backend/vendor/laravel/framework/src/Illuminate/Pipeline/Pipeline.php(209): App/Http/Middleware/API/CheckUserStatus->handle(Object(Illuminate/Http/Request), Object(Closure))
#25 C:/Users/hamza/Desktop/PROYECTOS/APP/mightyfitness/fitness-backend/vendor/laravel/framework/src/Illuminate/Routing/Middleware/SubstituteBindings.php(51): Illuminate/Pipeline/Pipeline->Illuminate/Pipeline/{closure}(Object(Illuminate/Http/Request))
#26 C:/Users/hamza/Desktop/PROYECTOS/APP/mightyfitness/fitness-backend/vendor/laravel/framework/src/Illuminate/Pipeline/Pipeline.php(209): Illuminate/Routing/Middleware/SubstituteBindings->handle(Object(Illuminate/Http/Request), Object(Closure))
#27 C:/Users/hamza/Desktop/PROYECTOS/APP/mightyfitness/fitness-backend/vendor/laravel/framework/src/Illuminate/Routing/Middleware/ThrottleRequests.php(161): Illuminate/Pipeline/Pipeline->Illuminate/Pipeline/{closure}(Object(Illuminate/Http/Request))
#28 C:/Users/hamza/Desktop/PROYECTOS/APP/mightyfitness/fitness-backend/vendor/laravel/framework/src/Illuminate/Routing/Middleware/ThrottleRequests.php(127): Illuminate/Routing/Middleware/ThrottleRequests->handleRequest(Object(Illuminate/Http/Request), Object(Closure), Array)
#29 C:/Users/hamza/Desktop/PROYECTOS/APP/mightyfitness/fitness-backend/vendor/laravel/framework/src/Illuminate/Routing/Middleware/ThrottleRequests.php(89): Illuminate/Routing/Middleware/ThrottleRequests->handleRequestUsingNamedLimiter(Object(Illuminate/Http/Request), Object(Closure), 'api', Object(Closure))
#30 C:/Users/hamza/Desktop/PROYECTOS/APP/mightyfitness/fitness-backend/vendor/laravel/framework/src/Illuminate/Pipeline/Pipeline.php(209): Illuminate/Routing/Middleware/ThrottleRequests->handle(Object(Illuminate/Http/Request), Object(Closure), 'api')
#31 C:/Users/hamza/Desktop/PROYECTOS/APP/mightyfitness/fitness-backend/vendor/laravel/framework/src/Illuminate/Auth/Middleware/Authenticate.php(64): Illuminate/Pipeline/Pipeline->Illuminate/Pipeline/{closure}(Object(Illuminate/Http/Request))
#32 C:/Users/hamza/Desktop/PROYECTOS/APP/mightyfitness/fitness-backend/vendor/laravel/framework/src/Illuminate/Pipeline/Pipeline.php(209): Illuminate/Auth/Middleware/Authenticate->handle(Object(Illuminate/Http/Request), Object(Closure), 'sanctum')
#33 C:/Users/hamza/Desktop/PROYECTOS/APP/mightyfitness/fitness-backend/vendor/laravel/framework/src/Illuminate/Pipeline/Pipeline.php(127): Illuminate/Pipeline/Pipeline->Illuminate/Pipeline/{closure}(Object(Illuminate/Http/Request))
#34 C:/Users/hamza/Desktop/PROYECTOS/APP/mightyfitness/fitness-backend/vendor/laravel/framework/src/Illuminate/Routing/Router.php(807): Illuminate/Pipeline/Pipeline->then(Object(Closure))
#35 C:/Users/hamza/Desktop/PROYECTOS/APP/mightyfitness/fitness-backend/vendor/laravel/framework/src/Illuminate/Routing/Router.php(786): Illuminate/Routing/Router->runRouteWithinStack(Object(Illuminate/Routing/Route), Object(Illuminate/Http/Request))
#36 C:/Users/hamza/Desktop/PROYECTOS/APP/mightyfitness/fitness-backend/vendor/laravel/framework/src/Illuminate/Routing/Router.php(750): Illuminate/Routing/Router->runRoute(Object(Illuminate/Http/Request), Object(Illuminate/Routing/Route))
#37 C:/Users/hamza/Desktop/PROYECTOS/APP/mightyfitness/fitness-backend/vendor/laravel/framework/src/Illuminate/Routing/Router.php(739): Illuminate/Routing/Router->dispatchToRoute(Object(Illuminate/Http/Request))
#38 C:/Users/hamza/Desktop/PROYECTOS/APP/mightyfitness/fitness-backend/vendor/laravel/framework/src/Illuminate/Foundation/Http/Kernel.php(201): Illuminate/Routing/Router->dispatch(Object(Illuminate/Http/Request))
#39 C:/Users/hamza/Desktop/PROYECTOS/APP/mightyfitness/fitness-backend/vendor/laravel/framework/src/Illuminate/Pipeline/Pipeline.php(170): Illuminate/Foundation/Http/Kernel->Illuminate/Foundation/Http/{closure}(Object(Illuminate/Http/Request))
#40 C:/Users/hamza/Desktop/PROYECTOS/APP/mightyfitness/fitness-backend/vendor/livewire/livewire/src/Features/SupportDisablingBackButtonCache/DisableBackButtonCacheMiddleware.php(19): Illuminate/Pipeline/Pipeline->Illuminate/Pipeline/{closure}(Object(Illuminate/Http/Request))
#41 C:/Users/hamza/Desktop/PROYECTOS/APP/mightyfitness/fitness-backend/vendor/laravel/framework/src/Illuminate/Pipeline/Pipeline.php(209): Livewire/Features/SupportDisablingBackButtonCache/DisableBackButtonCacheMiddleware->handle(Object(Illuminate/Http/Request), Object(Closure))
#42 C:/Users/hamza/Desktop/PROYECTOS/APP/mightyfitness/fitness-backend/vendor/laravel/framework/src/Illuminate/Foundation/Http/Middleware/TransformsRequest.php(21): Illuminate/Pipeline/Pipeline->Illuminate/Pipeline/{closure}(Object(Illuminate/Http/Request))
#43 C:/Users/hamza/Desktop/PROYECTOS/APP/mightyfitness/fitness-backend/vendor/laravel/framework/src/Illuminate/Foundation/Http/Middleware/ConvertEmptyStringsToNull.php(31): Illuminate/Foundation/Http/Middleware/TransformsRequest->handle(Object(Illuminate/Http/Request), Object(Closure))
#44 C:/Users/hamza/Desktop/PROYECTOS/APP/mightyfitness/fitness-backend/vendor/laravel/framework/src/Illuminate/Pipeline/Pipeline.php(209): Illuminate/Foundation/Http/Middleware/ConvertEmptyStringsToNull->handle(Object(Illuminate/Http/Request), Object(Closure))
#45 C:/Users/hamza/Desktop/PROYECTOS/APP/mightyfitness/fitness-backend/vendor/laravel/framework/src/Illuminate/Foundation/Http/Middleware/TransformsRequest.php(21): Illuminate/Pipeline/Pipeline->Illuminate/Pipeline/{closure}(Object(Illuminate/Http/Request))
#46 C:/Users/hamza/Desktop/PROYECTOS/APP/mightyfitness/fitness-backend/vendor/laravel/framework/src/Illuminate/Foundation/Http/Middleware/TrimStrings.php(51): Illuminate/Foundation/Http/Middleware/TransformsRequest->handle(Object(Illuminate/Http/Request), Object(Closure))
#47 C:/Users/hamza/Desktop/PROYECTOS/APP/mightyfitness/fitness-backend/vendor/laravel/framework/src/Illuminate/Pipeline/Pipeline.php(209): Illuminate/Foundation/Http/Middleware/TrimStrings->handle(Object(Illuminate/Http/Request), Object(Closure))
#48 C:/Users/hamza/Desktop/PROYECTOS/APP/mightyfitness/fitness-backend/vendor/laravel/framework/src/Illuminate/Http/Middleware/ValidatePostSize.php(27): Illuminate/Pipeline/Pipeline->Illuminate/Pipeline/{closure}(Object(Illuminate/Http/Request))
#49 C:/Users/hamza/Desktop/PROYECTOS/APP/mightyfitness/fitness-backend/vendor/laravel/framework/src/Illuminate/Pipeline/Pipeline.php(209): Illuminate/Http/Middleware/ValidatePostSize->handle(Object(Illuminate/Http/Request), Object(Closure))
#50 C:/Users/hamza/Desktop/PROYECTOS/APP/mightyfitness/fitness-backend/vendor/laravel/framework/src/Illuminate/Foundation/Http/Middleware/PreventRequestsDuringMaintenance.php(110): Illuminate/Pipeline/Pipeline->Illuminate/Pipeline/{closure}(Object(Illuminate/Http/Request))
#51 C:/Users/hamza/Desktop/PROYECTOS/APP/mightyfitness/fitness-backend/vendor/laravel/framework/src/Illuminate/Pipeline/Pipeline.php(209): Illuminate/Foundation/Http/Middleware/PreventRequestsDuringMaintenance->handle(Object(Illuminate/Http/Request), Object(Closure))
#52 C:/Users/hamza/Desktop/PROYECTOS/APP/mightyfitness/fitness-backend/vendor/laravel/framework/src/Illuminate/Http/Middleware/HandleCors.php(62): Illuminate/Pipeline/Pipeline->Illuminate/Pipeline/{closure}(Object(Illuminate/Http/Request))
#53 C:/Users/hamza/Desktop/PROYECTOS/APP/mightyfitness/fitness-backend/vendor/laravel/framework/src/Illuminate/Pipeline/Pipeline.php(209): Illuminate/Http/Middleware/HandleCors->handle(Object(Illuminate/Http/Request), Object(Closure))
#54 C:/Users/hamza/Desktop/PROYECTOS/APP/mightyfitness/fitness-backend/vendor/laravel/framework/src/Illuminate/Pipeline/Pipeline.php(127): Illuminate/Pipeline/Pipeline->Illuminate/Pipeline/{closure}(Object(Illuminate/Http/Request))
#55 C:/Users/hamza/Desktop/PROYECTOS/APP/mightyfitness/fitness-backend/vendor/laravel/framework/src/Illuminate/Foundation/Http/Kernel.php(176): Illuminate/Pipeline/Pipeline->then(Object(Closure))
#56 C:/Users/hamza/Desktop/PROYECTOS/APP/mightyfitness/fitness-backend/vendor/laravel/framework/src/Illuminate/Foundation/Http/Kernel.php(145): Illuminate/Foundation/Http/Kernel->sendRequestThroughRouter(Object(Illuminate/Http/Request))
#57 C:/Users/hamza/Desktop/PROYECTOS/APP/mightyfitness/fitness-backend/public/index.php(51): Illuminate/Foundation/Http/Kernel->handle(Object(Illuminate/Http/Request))
#58 C:/Users/hamza/Desktop/PROYECTOS/APP/mightyfitness/fitness-backend/server.php(21): require_once('C://Users//hamza//...')
#59 {main}

[previous exception] [object] (PDOException(code: 42S22): SQLSTATE[42S22]: Column not found: 1054 Unknown column 'client_tag_assignments.tag_id' in 'field list' at C:/Users/hamza/Desktop/PROYECTOS/APP/mightyfitness/fitness-backend/vendor/laravel/framework/src/Illuminate/Database/Connection.php:407)
[stacktrace]
#0 C:/Users/hamza/Desktop/PROYECTOS/APP/mightyfitness/fitness-backend/vendor/laravel/framework/src/Illuminate/Database/Connection.php(407): PDO->prepare('select `client_...')
#1 C:/Users/hamza/Desktop/PROYECTOS/APP/mightyfitness/fitness-backend/vendor/laravel/framework/src/Illuminate/Database/Connection.php(812): Illuminate/Database/Connection->Illuminate/Database/{closure}('select `client_...', Array)
#2 C:/Users/hamza/Desktop/PROYECTOS/APP/mightyfitness/fitness-backend/vendor/laravel/framework/src/Illuminate/Database/Connection.php(779): Illuminate/Database/Connection->runQueryCallback('select `client_...', Array, Object(Closure))
#3 C:/Users/hamza/Desktop/PROYECTOS/APP/mightyfitness/fitness-backend/vendor/laravel/framework/src/Illuminate/Database/Connection.php(398): Illuminate/Database/Connection->run('select `client_...', Array, Object(Closure))
#4 C:/Users/hamza/Desktop/PROYECTOS/APP/mightyfitness/fitness-backend/vendor/laravel/framework/src/Illuminate/Database/Query/Builder.php(3106): Illuminate/Database/Connection->select('select `client_...', Array, true)
#5 C:/Users/hamza/Desktop/PROYECTOS/APP/mightyfitness/fitness-backend/vendor/laravel/framework/src/Illuminate/Database/Query/Builder.php(3091): Illuminate/Database/Query/Builder->runSelect()
#6 C:/Users/hamza/Desktop/PROYECTOS/APP/mightyfitness/fitness-backend/vendor/laravel/framework/src/Illuminate/Database/Query/Builder.php(3676): Illuminate/Database/Query/Builder->Illuminate/Database/Query/{closure}()
#7 C:/Users/hamza/Desktop/PROYECTOS/APP/mightyfitness/fitness-backend/vendor/laravel/framework/src/Illuminate/Database/Query/Builder.php(3090): Illuminate/Database/Query/Builder->onceWithColumns(Array, Object(Closure))
#8 C:/Users/hamza/Desktop/PROYECTOS/APP/mightyfitness/fitness-backend/vendor/laravel/framework/src/Illuminate/Database/Eloquent/Builder.php(811): Illuminate/Database/Query/Builder->get(Array)
#9 C:/Users/hamza/Desktop/PROYECTOS/APP/mightyfitness/fitness-backend/vendor/laravel/framework/src/Illuminate/Database/Eloquent/Relations/BelongsToMany.php(887): Illuminate/Database/Eloquent/Builder->getModels()
#10 C:/Users/hamza/Desktop/PROYECTOS/APP/mightyfitness/fitness-backend/vendor/laravel/framework/src/Illuminate/Database/Eloquent/Relations/Relation.php(176): Illuminate/Database/Eloquent/Relations/BelongsToMany->get()
#11 C:/Users/hamza/Desktop/PROYECTOS/APP/mightyfitness/fitness-backend/vendor/laravel/framework/src/Illuminate/Database/Eloquent/Builder.php(859): Illuminate/Database/Eloquent/Relations/Relation->getEager()
#12 C:/Users/hamza/Desktop/PROYECTOS/APP/mightyfitness/fitness-backend/vendor/laravel/framework/src/Illuminate/Database/Eloquent/Builder.php(828): Illuminate/Database/Eloquent/Builder->eagerLoadRelation(Array, 'tags', Object(Closure))
#13 C:/Users/hamza/Desktop/PROYECTOS/APP/mightyfitness/fitness-backend/vendor/laravel/framework/src/Illuminate/Database/Eloquent/Builder.php(794): Illuminate/Database/Eloquent/Builder->eagerLoadRelations(Array)
#14 C:/Users/hamza/Desktop/PROYECTOS/APP/mightyfitness/fitness-backend/vendor/laravel/framework/src/Illuminate/Database/Concerns/BuildsQueries.php(343): Illuminate/Database/Eloquent/Builder->get(Array)
#15 C:/Users/hamza/Desktop/PROYECTOS/APP/mightyfitness/fitness-backend/vendor/laravel/framework/src/Illuminate/Database/Eloquent/Builder.php(477): Illuminate/Database/Eloquent/Builder->first(Array)
#16 C:/Users/hamza/Desktop/PROYECTOS/APP/mightyfitness/fitness-backend/app/Http/Controllers/API/ClientTagController.php(55): Illuminate/Database/Eloquent/Builder->find('3')
#17 C:/Users/hamza/Desktop/PROYECTOS/APP/mightyfitness/fitness-backend/vendor/laravel/framework/src/Illuminate/Routing/Controller.php(54): App/Http/Controllers/API/ClientTagController->getClientTags(Object(Illuminate/Http/Request))
#18 C:/Users/hamza/Desktop/PROYECTOS/APP/mightyfitness/fitness-backend/vendor/laravel/framework/src/Illuminate/Routing/ControllerDispatcher.php(44): Illuminate/Routing/Controller->callAction('getClientTags', Array)
#19 C:/Users/hamza/Desktop/PROYECTOS/APP/mightyfitness/fitness-backend/vendor/laravel/framework/src/Illuminate/Routing/Route.php(266): Illuminate/Routing/ControllerDispatcher->dispatch(Object(Illuminate/Routing/Route), Object(App/Http/Controllers/API/ClientTagController), 'getClientTags')
#20 C:/Users/hamza/Desktop/PROYECTOS/APP/mightyfitness/fitness-backend/vendor/laravel/framework/src/Illuminate/Routing/Route.php(212): Illuminate/Routing/Route->runController()
#21 C:/Users/hamza/Desktop/PROYECTOS/APP/mightyfitness/fitness-backend/vendor/laravel/framework/src/Illuminate/Routing/Router.php(808): Illuminate/Routing/Route->run()
#22 C:/Users/hamza/Desktop/PROYECTOS/APP/mightyfitness/fitness-backend/vendor/laravel/framework/src/Illuminate/Pipeline/Pipeline.php(170): Illuminate/Routing/Router->Illuminate/Routing/{closure}(Object(Illuminate/Http/Request))
#23 C:/Users/hamza/Desktop/PROYECTOS/APP/mightyfitness/fitness-backend/app/Http/Middleware/AdminApi.php(26): Illuminate/Pipeline/Pipeline->Illuminate/Pipeline/{closure}(Object(Illuminate/Http/Request))
#24 C:/Users/hamza/Desktop/PROYECTOS/APP/mightyfitness/fitness-backend/vendor/laravel/framework/src/Illuminate/Pipeline/Pipeline.php(209): App/Http/Middleware/AdminApi->handle(Object(Illuminate/Http/Request), Object(Closure))
#25 C:/Users/hamza/Desktop/PROYECTOS/APP/mightyfitness/fitness-backend/app/Http/Middleware/API/CheckUserStatus.php(26): Illuminate/Pipeline/Pipeline->Illuminate/Pipeline/{closure}(Object(Illuminate/Http/Request))
#26 C:/Users/hamza/Desktop/PROYECTOS/APP/mightyfitness/fitness-backend/vendor/laravel/framework/src/Illuminate/Pipeline/Pipeline.php(209): App/Http/Middleware/API/CheckUserStatus->handle(Object(Illuminate/Http/Request), Object(Closure))
#27 C:/Users/hamza/Desktop/PROYECTOS/APP/mightyfitness/fitness-backend/vendor/laravel/framework/src/Illuminate/Routing/Middleware/SubstituteBindings.php(51): Illuminate/Pipeline/Pipeline->Illuminate/Pipeline/{closure}(Object(Illuminate/Http/Request))
#28 C:/Users/hamza/Desktop/PROYECTOS/APP/mightyfitness/fitness-backend/vendor/laravel/framework/src/Illuminate/Pipeline/Pipeline.php(209): Illuminate/Routing/Middleware/SubstituteBindings->handle(Object(Illuminate/Http/Request), Object(Closure))
#29 C:/Users/hamza/Desktop/PROYECTOS/APP/mightyfitness/fitness-backend/vendor/laravel/framework/src/Illuminate/Routing/Middleware/ThrottleRequests.php(161): Illuminate/Pipeline/Pipeline->Illuminate/Pipeline/{closure}(Object(Illuminate/Http/Request))
#30 C:/Users/hamza/Desktop/PROYECTOS/APP/mightyfitness/fitness-backend/vendor/laravel/framework/src/Illuminate/Routing/Middleware/ThrottleRequests.php(127): Illuminate/Routing/Middleware/ThrottleRequests->handleRequest(Object(Illuminate/Http/Request), Object(Closure), Array)
#31 C:/Users/hamza/Desktop/PROYECTOS/APP/mightyfitness/fitness-backend/vendor/laravel/framework/src/Illuminate/Routing/Middleware/ThrottleRequests.php(89): Illuminate/Routing/Middleware/ThrottleRequests->handleRequestUsingNamedLimiter(Object(Illuminate/Http/Request), Object(Closure), 'api', Object(Closure))
#32 C:/Users/hamza/Desktop/PROYECTOS/APP/mightyfitness/fitness-backend/vendor/laravel/framework/src/Illuminate/Pipeline/Pipeline.php(209): Illuminate/Routing/Middleware/ThrottleRequests->handle(Object(Illuminate/Http/Request), Object(Closure), 'api')
#33 C:/Users/hamza/Desktop/PROYECTOS/APP/mightyfitness/fitness-backend/vendor/laravel/framework/src/Illuminate/Auth/Middleware/Authenticate.php(64): Illuminate/Pipeline/Pipeline->Illuminate/Pipeline/{closure}(Object(Illuminate/Http/Request))
#34 C:/Users/hamza/Desktop/PROYECTOS/APP/mightyfitness/fitness-backend/vendor/laravel/framework/src/Illuminate/Pipeline/Pipeline.php(209): Illuminate/Auth/Middleware/Authenticate->handle(Object(Illuminate/Http/Request), Object(Closure), 'sanctum')
#35 C:/Users/hamza/Desktop/PROYECTOS/APP/mightyfitness/fitness-backend/vendor/laravel/framework/src/Illuminate/Pipeline/Pipeline.php(127): Illuminate/Pipeline/Pipeline->Illuminate/Pipeline/{closure}(Object(Illuminate/Http/Request))
#36 C:/Users/hamza/Desktop/PROYECTOS/APP/mightyfitness/fitness-backend/vendor/laravel/framework/src/Illuminate/Routing/Router.php(807): Illuminate/Pipeline/Pipeline->then(Object(Closure))
#37 C:/Users/hamza/Desktop/PROYECTOS/APP/mightyfitness/fitness-backend/vendor/laravel/framework/src/Illuminate/Routing/Router.php(786): Illuminate/Routing/Router->runRouteWithinStack(Object(Illuminate/Routing/Route), Object(Illuminate/Http/Request))
#38 C:/Users/hamza/Desktop/PROYECTOS/APP/mightyfitness/fitness-backend/vendor/laravel/framework/src/Illuminate/Routing/Router.php(750): Illuminate/Routing/Router->runRoute(Object(Illuminate/Http/Request), Object(Illuminate/Routing/Route))
#39 C:/Users/hamza/Desktop/PROYECTOS/APP/mightyfitness/fitness-backend/vendor/laravel/framework/src/Illuminate/Routing/Router.php(739): Illuminate/Routing/Router->dispatchToRoute(Object(Illuminate/Http/Request))
#40 C:/Users/hamza/Desktop/PROYECTOS/APP/mightyfitness/fitness-backend/vendor/laravel/framework/src/Illuminate/Foundation/Http/Kernel.php(201): Illuminate/Routing/Router->dispatch(Object(Illuminate/Http/Request))
#41 C:/Users/hamza/Desktop/PROYECTOS/APP/mightyfitness/fitness-backend/vendor/laravel/framework/src/Illuminate/Pipeline/Pipeline.php(170): Illuminate/Foundation/Http/Kernel->Illuminate/Foundation/Http/{closure}(Object(Illuminate/Http/Request))
#42 C:/Users/hamza/Desktop/PROYECTOS/APP/mightyfitness/fitness-backend/vendor/livewire/livewire/src/Features/SupportDisablingBackButtonCache/DisableBackButtonCacheMiddleware.php(19): Illuminate/Pipeline/Pipeline->Illuminate/Pipeline/{closure}(Object(Illuminate/Http/Request))
#43 C:/Users/hamza/Desktop/PROYECTOS/APP/mightyfitness/fitness-backend/vendor/laravel/framework/src/Illuminate/Pipeline/Pipeline.php(209): Livewire/Features/SupportDisablingBackButtonCache/DisableBackButtonCacheMiddleware->handle(Object(Illuminate/Http/Request), Object(Closure))
#44 C:/Users/hamza/Desktop/PROYECTOS/APP/mightyfitness/fitness-backend/vendor/laravel/framework/src/Illuminate/Foundation/Http/Middleware/TransformsRequest.php(21): Illuminate/Pipeline/Pipeline->Illuminate/Pipeline/{closure}(Object(Illuminate/Http/Request))
#45 C:/Users/hamza/Desktop/PROYECTOS/APP/mightyfitness/fitness-backend/vendor/laravel/framework/src/Illuminate/Foundation/Http/Middleware/ConvertEmptyStringsToNull.php(31): Illuminate/Foundation/Http/Middleware/TransformsRequest->handle(Object(Illuminate/Http/Request), Object(Closure))
#46 C:/Users/hamza/Desktop/PROYECTOS/APP/mightyfitness/fitness-backend/vendor/laravel/framework/src/Illuminate/Pipeline/Pipeline.php(209): Illuminate/Foundation/Http/Middleware/ConvertEmptyStringsToNull->handle(Object(Illuminate/Http/Request), Object(Closure))
#47 C:/Users/hamza/Desktop/PROYECTOS/APP/mightyfitness/fitness-backend/vendor/laravel/framework/src/Illuminate/Foundation/Http/Middleware/TransformsRequest.php(21): Illuminate/Pipeline/Pipeline->Illuminate/Pipeline/{closure}(Object(Illuminate/Http/Request))
#48 C:/Users/hamza/Desktop/PROYECTOS/APP/mightyfitness/fitness-backend/vendor/laravel/framework/src/Illuminate/Foundation/Http/Middleware/TrimStrings.php(51): Illuminate/Foundation/Http/Middleware/TransformsRequest->handle(Object(Illuminate/Http/Request), Object(Closure))
#49 C:/Users/hamza/Desktop/PROYECTOS/APP/mightyfitness/fitness-backend/vendor/laravel/framework/src/Illuminate/Pipeline/Pipeline.php(209): Illuminate/Foundation/Http/Middleware/TrimStrings->handle(Object(Illuminate/Http/Request), Object(Closure))
#50 C:/Users/hamza/Desktop/PROYECTOS/APP/mightyfitness/fitness-backend/vendor/laravel/framework/src/Illuminate/Http/Middleware/ValidatePostSize.php(27): Illuminate/Pipeline/Pipeline->Illuminate/Pipeline/{closure}(Object(Illuminate/Http/Request))
#51 C:/Users/hamza/Desktop/PROYECTOS/APP/mightyfitness/fitness-backend/vendor/laravel/framework/src/Illuminate/Pipeline/Pipeline.php(209): Illuminate/Http/Middleware/ValidatePostSize->handle(Object(Illuminate/Http/Request), Object(Closure))
#52 C:/Users/hamza/Desktop/PROYECTOS/APP/mightyfitness/fitness-backend/vendor/laravel/framework/src/Illuminate/Foundation/Http/Middleware/PreventRequestsDuringMaintenance.php(110): Illuminate/Pipeline/Pipeline->Illuminate/Pipeline/{closure}(Object(Illuminate/Http/Request))
#53 C:/Users/hamza/Desktop/PROYECTOS/APP/mightyfitness/fitness-backend/vendor/laravel/framework/src/Illuminate/Pipeline/Pipeline.php(209): Illuminate/Foundation/Http/Middleware/PreventRequestsDuringMaintenance->handle(Object(Illuminate/Http/Request), Object(Closure))
#54 C:/Users/hamza/Desktop/PROYECTOS/APP/mightyfitness/fitness-backend/vendor/laravel/framework/src/Illuminate/Http/Middleware/HandleCors.php(62): Illuminate/Pipeline/Pipeline->Illuminate/Pipeline/{closure}(Object(Illuminate/Http/Request))
#55 C:/Users/hamza/Desktop/PROYECTOS/APP/mightyfitness/fitness-backend/vendor/laravel/framework/src/Illuminate/Pipeline/Pipeline.php(209): Illuminate/Http/Middleware/HandleCors->handle(Object(Illuminate/Http/Request), Object(Closure))
#56 C:/Users/hamza/Desktop/PROYECTOS/APP/mightyfitness/fitness-backend/vendor/laravel/framework/src/Illuminate/Pipeline/Pipeline.php(127): Illuminate/Pipeline/Pipeline->Illuminate/Pipeline/{closure}(Object(Illuminate/Http/Request))
#57 C:/Users/hamza/Desktop/PROYECTOS/APP/mightyfitness/fitness-backend/vendor/laravel/framework/src/Illuminate/Foundation/Http/Kernel.php(176): Illuminate/Pipeline/Pipeline->then(Object(Closure))
#58 C:/Users/hamza/Desktop/PROYECTOS/APP/mightyfitness/fitness-backend/vendor/laravel/framework/src/Illuminate/Foundation/Http/Kernel.php(145): Illuminate/Foundation/Http/Kernel->sendRequestThroughRouter(Object(Illuminate/Http/Request))
#59 C:/Users/hamza/Desktop/PROYECTOS/APP/mightyfitness/fitness-backend/public/index.php(51): Illuminate/Foundation/Http/Kernel->handle(Object(Illuminate/Http/Request))
#60 C:/Users/hamza/Desktop/PROYECTOS/APP/mightyfitness/fitness-backend/server.php(21): require_once('C://Users//hamza//...')
#61 {main}
"} 
[2026-07-29 13:41:58] local.ERROR: Class "App\Http\Controllers\API\BaseController" not found {"exception":"[object] (Error(code: 0): Class \"App\\Http\\Controllers\\API\\BaseController\" not found at C:/Users/hamza/Desktop/PROYECTOS/APP/mightyfitness/fitness-backend/app/Http/Controllers/API/Admin/ClientGoalController.php:10)
[stacktrace]
#0 C:/Users/hamza/Desktop/PROYECTOS/APP/mightyfitness/fitness-backend/vendor/composer/ClassLoader.php(576): include()
#1 C:/Users/hamza/Desktop/PROYECTOS/APP/mightyfitness/fitness-backend/vendor/composer/ClassLoader.php(427): Composer/Autoload/{closure}('C://Users//hamza//...')
#2 [internal function]: Composer/Autoload/ClassLoader->loadClass('App//Http//Contro...')
#3 C:/Users/hamza/Desktop/PROYECTOS/APP/mightyfitness/fitness-backend/vendor/laravel/framework/src/Illuminate/Routing/Route.php(1117): is_a('App//Http//Contro...', 'Illuminate//Rout...', true)
#4 C:/Users/hamza/Desktop/PROYECTOS/APP/mightyfitness/fitness-backend/vendor/laravel/framework/src/Illuminate/Routing/Route.php(1054): Illuminate/Routing/Route->controllerMiddleware()
#5 C:/Users/hamza/Desktop/PROYECTOS/APP/mightyfitness/fitness-backend/vendor/laravel/framework/src/Illuminate/Routing/Router.php(820): Illuminate/Routing/Route->gatherMiddleware()
#6 C:/Users/hamza/Desktop/PROYECTOS/APP/mightyfitness/fitness-backend/vendor/laravel/framework/src/Illuminate/Routing/Router.php(802): Illuminate/Routing/Router->gatherRouteMiddleware(Object(Illuminate/Routing/Route))
#7 C:/Users/hamza/Desktop/PROYECTOS/APP/mightyfitness/fitness-backend/vendor/laravel/framework/src/Illuminate/Routing/Router.php(786): Illuminate/Routing/Router->runRouteWithinStack(Object(Illuminate/Routing/Route), Object(Illuminate/Http/Request))
#8 C:/Users/hamza/Desktop/PROYECTOS/APP/mightyfitness/fitness-backend/vendor/laravel/framework/src/Illuminate/Routing/Router.php(750): Illuminate/Routing/Router->runRoute(Object(Illuminate/Http/Request), Object(Illuminate/Routing/Route))
#9 C:/Users/hamza/Desktop/PROYECTOS/APP/mightyfitness/fitness-backend/vendor/laravel/framework/src/Illuminate/Routing/Router.php(739): Illuminate/Routing/Router->dispatchToRoute(Object(Illuminate/Http/Request))
#10 C:/Users/hamza/Desktop/PROYECTOS/APP/mightyfitness/fitness-backend/vendor/laravel/framework/src/Illuminate/Foundation/Http/Kernel.php(201): Illuminate/Routing/Router->dispatch(Object(Illuminate/Http/Request))
#11 C:/Users/hamza/Desktop/PROYECTOS/APP/mightyfitness/fitness-backend/vendor/laravel/framework/src/Illuminate/Pipeline/Pipeline.php(170): Illuminate/Foundation/Http/Kernel->Illuminate/Foundation/Http/{closure}(Object(Illuminate/Http/Request))
#12 C:/Users/hamza/Desktop/PROYECTOS/APP/mightyfitness/fitness-backend/vendor/livewire/livewire/src/Features/SupportDisablingBackButtonCache/DisableBackButtonCacheMiddleware.php(19): Illuminate/Pipeline/Pipeline->Illuminate/Pipeline/{closure}(Object(Illuminate/Http/Request))
#13 C:/Users/hamza/Desktop/PROYECTOS/APP/mightyfitness/fitness-backend/vendor/laravel/framework/src/Illuminate/Pipeline/Pipeline.php(209): Livewire/Features/SupportDisablingBackButtonCache/DisableBackButtonCacheMiddleware->handle(Object(Illuminate/Http/Request), Object(Closure))
#14 C:/Users/hamza/Desktop/PROYECTOS/APP/mightyfitness/fitness-backend/vendor/laravel/framework/src/Illuminate/Foundation/Http/Middleware/TransformsRequest.php(21): Illuminate/Pipeline/Pipeline->Illuminate/Pipeline/{closure}(Object(Illuminate/Http/Request))
#15 C:/Users/hamza/Desktop/PROYECTOS/APP/mightyfitness/fitness-backend/vendor/laravel/framework/src/Illuminate/Foundation/Http/Middleware/ConvertEmptyStringsToNull.php(31): Illuminate/Foundation/Http/Middleware/TransformsRequest->handle(Object(Illuminate/Http/Request), Object(Closure))
#16 C:/Users/hamza/Desktop/PROYECTOS/APP/mightyfitness/fitness-backend/vendor/laravel/framework/src/Illuminate/Pipeline/Pipeline.php(209): Illuminate/Foundation/Http/Middleware/ConvertEmptyStringsToNull->handle(Object(Illuminate/Http/Request), Object(Closure))
#17 C:/Users/hamza/Desktop/PROYECTOS/APP/mightyfitness/fitness-backend/vendor/laravel/framework/src/Illuminate/Foundation/Http/Middleware/TransformsRequest.php(21): Illuminate/Pipeline/Pipeline->Illuminate/Pipeline/{closure}(Object(Illuminate/Http/Request))
#18 C:/Users/hamza/Desktop/PROYECTOS/APP/mightyfitness/fitness-backend/vendor/laravel/framework/src/Illuminate/Foundation/Http/Middleware/TrimStrings.php(51): Illuminate/Foundation/Http/Middleware/TransformsRequest->handle(Object(Illuminate/Http/Request), Object(Closure))
#19 C:/Users/hamza/Desktop/PROYECTOS/APP/mightyfitness/fitness-backend/vendor/laravel/framework/src/Illuminate/Pipeline/Pipeline.php(209): Illuminate/Foundation/Http/Middleware/TrimStrings->handle(Object(Illuminate/Http/Request), Object(Closure))
#20 C:/Users/hamza/Desktop/PROYECTOS/APP/mightyfitness/fitness-backend/vendor/laravel/framework/src/Illuminate/Http/Middleware/ValidatePostSize.php(27): Illuminate/Pipeline/Pipeline->Illuminate/Pipeline/{closure}(Object(Illuminate/Http/Request))
#21 C:/Users/hamza/Desktop/PROYECTOS/APP/mightyfitness/fitness-backend/vendor/laravel/framework/src/Illuminate/Pipeline/Pipeline.php(209): Illuminate/Http/Middleware/ValidatePostSize->handle(Object(Illuminate/Http/Request), Object(Closure))
#22 C:/Users/hamza/Desktop/PROYECTOS/APP/mightyfitness/fitness-backend/vendor/laravel/framework/src/Illuminate/Foundation/Http/Middleware/PreventRequestsDuringMaintenance.php(110): Illuminate/Pipeline/Pipeline->Illuminate/Pipeline/{closure}(Object(Illuminate/Http/Request))
#23 C:/Users/hamza/Desktop/PROYECTOS/APP/mightyfitness/fitness-backend/vendor/laravel/framework/src/Illuminate/Pipeline/Pipeline.php(209): Illuminate/Foundation/Http/Middleware/PreventRequestsDuringMaintenance->handle(Object(Illuminate/Http/Request), Object(Closure))
#24 C:/Users/hamza/Desktop/PROYECTOS/APP/mightyfitness/fitness-backend/vendor/laravel/framework/src/Illuminate/Http/Middleware/HandleCors.php(62): Illuminate/Pipeline/Pipeline->Illuminate/Pipeline/{closure}(Object(Illuminate/Http/Request))
#25 C:/Users/hamza/Desktop/PROYECTOS/APP/mightyfitness/fitness-backend/vendor/laravel/framework/src/Illuminate/Pipeline/Pipeline.php(209): Illuminate/Http/Middleware/HandleCors->handle(Object(Illuminate/Http/Request), Object(Closure))
#26 C:/Users/hamza/Desktop/PROYECTOS/APP/mightyfitness/fitness-backend/vendor/laravel/framework/src/Illuminate/Pipeline/Pipeline.php(127): Illuminate/Pipeline/Pipeline->Illuminate/Pipeline/{closure}(Object(Illuminate/Http/Request))
#27 C:/Users/hamza/Desktop/PROYECTOS/APP/mightyfitness/fitness-backend/vendor/laravel/framework/src/Illuminate/Foundation/Http/Kernel.php(176): Illuminate/Pipeline/Pipeline->then(Object(Closure))
#28 C:/Users/hamza/Desktop/PROYECTOS/APP/mightyfitness/fitness-backend/vendor/laravel/framework/src/Illuminate/Foundation/Http/Kernel.php(145): Illuminate/Foundation/Http/Kernel->sendRequestThroughRouter(Object(Illuminate/Http/Request))
#29 C:/Users/hamza/Desktop/PROYECTOS/APP/mightyfitness/fitness-backend/public/index.php(51): Illuminate/Foundation/Http/Kernel->handle(Object(Illuminate/Http/Request))
#30 C:/Users/hamza/Desktop/PROYECTOS/APP/mightyfitness/fitness-backend/server.php(21): require_once('C://Users//hamza//...')
#31 {main}
"} 
[2026-07-29 13:41:59] local.ERROR: Class "App\Http\Controllers\API\BaseController" not found {"exception":"[object] (Error(code: 0): Class \"App\\Http\\Controllers\\API\\BaseController\" not found at C:/Users/hamza/Desktop/PROYECTOS/APP/mightyfitness/fitness-backend/app/Http/Controllers/API/Admin/ClientLimitationController.php:10)
[stacktrace]
#0 C:/Users/hamza/Desktop/PROYECTOS/APP/mightyfitness/fitness-backend/vendor/composer/ClassLoader.php(576): include()
#1 C:/Users/hamza/Desktop/PROYECTOS/APP/mightyfitness/fitness-backend/vendor/composer/ClassLoader.php(427): Composer/Autoload/{closure}('C://Users//hamza//...')
#2 [internal function]: Composer/Autoload/ClassLoader->loadClass('App//Http//Contro...')
#3 C:/Users/hamza/Desktop/PROYECTOS/APP/mightyfitness/fitness-backend/vendor/laravel/framework/src/Illuminate/Routing/Route.php(1117): is_a('App//Http//Contro...', 'Illuminate//Rout...', true)
#4 C:/Users/hamza/Desktop/PROYECTOS/APP/mightyfitness/fitness-backend/vendor/laravel/framework/src/Illuminate/Routing/Route.php(1054): Illuminate/Routing/Route->controllerMiddleware()
#5 C:/Users/hamza/Desktop/PROYECTOS/APP/mightyfitness/fitness-backend/vendor/laravel/framework/src/Illuminate/Routing/Router.php(820): Illuminate/Routing/Route->gatherMiddleware()
#6 C:/Users/hamza/Desktop/PROYECTOS/APP/mightyfitness/fitness-backend/vendor/laravel/framework/src/Illuminate/Routing/Router.php(802): Illuminate/Routing/Router->gatherRouteMiddleware(Object(Illuminate/Routing/Route))
#7 C:/Users/hamza/Desktop/PROYECTOS/APP/mightyfitness/fitness-backend/vendor/laravel/framework/src/Illuminate/Routing/Router.php(786): Illuminate/Routing/Router->runRouteWithinStack(Object(Illuminate/Routing/Route), Object(Illuminate/Http/Request))
#8 C:/Users/hamza/Desktop/PROYECTOS/APP/mightyfitness/fitness-backend/vendor/laravel/framework/src/Illuminate/Routing/Router.php(750): Illuminate/Routing/Router->runRoute(Object(Illuminate/Http/Request), Object(Illuminate/Routing/Route))
#9 C:/Users/hamza/Desktop/PROYECTOS/APP/mightyfitness/fitness-backend/vendor/laravel/framework/src/Illuminate/Routing/Router.php(739): Illuminate/Routing/Router->dispatchToRoute(Object(Illuminate/Http/Request))
#10 C:/Users/hamza/Desktop/PROYECTOS/APP/mightyfitness/fitness-backend/vendor/laravel/framework/src/Illuminate/Foundation/Http/Kernel.php(201): Illuminate/Routing/Router->dispatch(Object(Illuminate/Http/Request))
#11 C:/Users/hamza/Desktop/PROYECTOS/APP/mightyfitness/fitness-backend/vendor/laravel/framework/src/Illuminate/Pipeline/Pipeline.php(170): Illuminate/Foundation/Http/Kernel->Illuminate/Foundation/Http/{closure}(Object(Illuminate/Http/Request))
#12 C:/Users/hamza/Desktop/PROYECTOS/APP/mightyfitness/fitness-backend/vendor/livewire/livewire/src/Features/SupportDisablingBackButtonCache/DisableBackButtonCacheMiddleware.php(19): Illuminate/Pipeline/Pipeline->Illuminate/Pipeline/{closure}(Object(Illuminate/Http/Request))
#13 C:/Users/hamza/Desktop/PROYECTOS/APP/mightyfitness/fitness-backend/vendor/laravel/framework/src/Illuminate/Pipeline/Pipeline.php(209): Livewire/Features/SupportDisablingBackButtonCache/DisableBackButtonCacheMiddleware->handle(Object(Illuminate/Http/Request), Object(Closure))
#14 C:/Users/hamza/Desktop/PROYECTOS/APP/mightyfitness/fitness-backend/vendor/laravel/framework/src/Illuminate/Foundation/Http/Middleware/TransformsRequest.php(21): Illuminate/Pipeline/Pipeline->Illuminate/Pipeline/{closure}(Object(Illuminate/Http/Request))
#15 C:/Users/hamza/Desktop/PROYECTOS/APP/mightyfitness/fitness-backend/vendor/laravel/framework/src/Illuminate/Foundation/Http/Middleware/ConvertEmptyStringsToNull.php(31): Illuminate/Foundation/Http/Middleware/TransformsRequest->handle(Object(Illuminate/Http/Request), Object(Closure))
#16 C:/Users/hamza/Desktop/PROYECTOS/APP/mightyfitness/fitness-backend/vendor/laravel/framework/src/Illuminate/Pipeline/Pipeline.php(209): Illuminate/Foundation/Http/Middleware/ConvertEmptyStringsToNull->handle(Object(Illuminate/Http/Request), Object(Closure))
#17 C:/Users/hamza/Desktop/PROYECTOS/APP/mightyfitness/fitness-backend/vendor/laravel/framework/src/Illuminate/Foundation/Http/Middleware/TransformsRequest.php(21): Illuminate/Pipeline/Pipeline->Illuminate/Pipeline/{closure}(Object(Illuminate/Http/Request))
#18 C:/Users/hamza/Desktop/PROYECTOS/APP/mightyfitness/fitness-backend/vendor/laravel/framework/src/Illuminate/Foundation/Http/Middleware/TrimStrings.php(51): Illuminate/Foundation/Http/Middleware/TransformsRequest->handle(Object(Illuminate/Http/Request), Object(Closure))
#19 C:/Users/hamza/Desktop/PROYECTOS/APP/mightyfitness/fitness-backend/vendor/laravel/framework/src/Illuminate/Pipeline/Pipeline.php(209): Illuminate/Foundation/Http/Middleware/TrimStrings->handle(Object(Illuminate/Http/Request), Object(Closure))
#20 C:/Users/hamza/Desktop/PROYECTOS/APP/mightyfitness/fitness-backend/vendor/laravel/framework/src/Illuminate/Http/Middleware/ValidatePostSize.php(27): Illuminate/Pipeline/Pipeline->Illuminate/Pipeline/{closure}(Object(Illuminate/Http/Request))
#21 C:/Users/hamza/Desktop/PROYECTOS/APP/mightyfitness/fitness-backend/vendor/laravel/framework/src/Illuminate/Pipeline/Pipeline.php(209): Illuminate/Http/Middleware/ValidatePostSize->handle(Object(Illuminate/Http/Request), Object(Closure))
#22 C:/Users/hamza/Desktop/PROYECTOS/APP/mightyfitness/fitness-backend/vendor/laravel/framework/src/Illuminate/Foundation/Http/Middleware/PreventRequestsDuringMaintenance.php(110): Illuminate/Pipeline/Pipeline->Illuminate/Pipeline/{closure}(Object(Illuminate/Http/Request))
#23 C:/Users/hamza/Desktop/PROYECTOS/APP/mightyfitness/fitness-backend/vendor/laravel/framework/src/Illuminate/Pipeline/Pipeline.php(209): Illuminate/Foundation/Http/Middleware/PreventRequestsDuringMaintenance->handle(Object(Illuminate/Http/Request), Object(Closure))
#24 C:/Users/hamza/Desktop/PROYECTOS/APP/mightyfitness/fitness-backend/vendor/laravel/framework/src/Illuminate/Http/Middleware/HandleCors.php(62): Illuminate/Pipeline/Pipeline->Illuminate/Pipeline/{closure}(Object(Illuminate/Http/Request))
#25 C:/Users/hamza/Desktop/PROYECTOS/APP/mightyfitness/fitness-backend/vendor/laravel/framework/src/Illuminate/Pipeline/Pipeline.php(209): Illuminate/Http/Middleware/HandleCors->handle(Object(Illuminate/Http/Request), Object(Closure))
#26 C:/Users/hamza/Desktop/PROYECTOS/APP/mightyfitness/fitness-backend/vendor/laravel/framework/src/Illuminate/Pipeline/Pipeline.php(127): Illuminate/Pipeline/Pipeline->Illuminate/Pipeline/{closure}(Object(Illuminate/Http/Request))
#27 C:/Users/hamza/Desktop/PROYECTOS/APP/mightyfitness/fitness-backend/vendor/laravel/framework/src/Illuminate/Foundation/Http/Kernel.php(176): Illuminate/Pipeline/Pipeline->then(Object(Closure))
#28 C:/Users/hamza/Desktop/PROYECTOS/APP/mightyfitness/fitness-backend/vendor/laravel/framework/src/Illuminate/Foundation/Http/Kernel.php(145): Illuminate/Foundation/Http/Kernel->sendRequestThroughRouter(Object(Illuminate/Http/Request))
#29 C:/Users/hamza/Desktop/PROYECTOS/APP/mightyfitness/fitness-backend/public/index.php(51): Illuminate/Foundation/Http/Kernel->handle(Object(Illuminate/Http/Request))
#30 C:/Users/hamza/Desktop/PROYECTOS/APP/mightyfitness/fitness-backend/server.php(21): require_once('C://Users//hamza//...')
#31 {main}
"} 
[2026-07-29 13:41:59] local.ERROR: Class "App\Http\Controllers\API\BaseController" not found {"exception":"[object] (Error(code: 0): Class \"App\\Http\\Controllers\\API\\BaseController\" not found at C:/Users/hamza/Desktop/PROYECTOS/APP/mightyfitness/fitness-backend/app/Http/Controllers/API/Admin/ClientBodyMetricController.php:11)
[stacktrace]
#0 C:/Users/hamza/Desktop/PROYECTOS/APP/mightyfitness/fitness-backend/vendor/composer/ClassLoader.php(576): include()
#1 C:/Users/hamza/Desktop/PROYECTOS/APP/mightyfitness/fitness-backend/vendor/composer/ClassLoader.php(427): Composer/Autoload/{closure}('C://Users//hamza//...')
#2 [internal function]: Composer/Autoload/ClassLoader->loadClass('App//Http//Contro...')
#3 C:/Users/hamza/Desktop/PROYECTOS/APP/mightyfitness/fitness-backend/vendor/laravel/framework/src/Illuminate/Routing/Route.php(1117): is_a('App//Http//Contro...', 'Illuminate//Rout...', true)
#4 C:/Users/hamza/Desktop/PROYECTOS/APP/mightyfitness/fitness-backend/vendor/laravel/framework/src/Illuminate/Routing/Route.php(1054): Illuminate/Routing/Route->controllerMiddleware()
#5 C:/Users/hamza/Desktop/PROYECTOS/APP/mightyfitness/fitness-backend/vendor/laravel/framework/src/Illuminate/Routing/Router.php(820): Illuminate/Routing/Route->gatherMiddleware()
#6 C:/Users/hamza/Desktop/PROYECTOS/APP/mightyfitness/fitness-backend/vendor/laravel/framework/src/Illuminate/Routing/Router.php(802): Illuminate/Routing/Router->gatherRouteMiddleware(Object(Illuminate/Routing/Route))
#7 C:/Users/hamza/Desktop/PROYECTOS/APP/mightyfitness/fitness-backend/vendor/laravel/framework/src/Illuminate/Routing/Router.php(786): Illuminate/Routing/Router->runRouteWithinStack(Object(Illuminate/Routing/Route), Object(Illuminate/Http/Request))
#8 C:/Users/hamza/Desktop/PROYECTOS/APP/mightyfitness/fitness-backend/vendor/laravel/framework/src/Illuminate/Routing/Router.php(750): Illuminate/Routing/Router->runRoute(Object(Illuminate/Http/Request), Object(Illuminate/Routing/Route))
#9 C:/Users/hamza/Desktop/PROYECTOS/APP/mightyfitness/fitness-backend/vendor/laravel/framework/src/Illuminate/Routing/Router.php(739): Illuminate/Routing/Router->dispatchToRoute(Object(Illuminate/Http/Request))
#10 C:/Users/hamza/Desktop/PROYECTOS/APP/mightyfitness/fitness-backend/vendor/laravel/framework/src/Illuminate/Foundation/Http/Kernel.php(201): Illuminate/Routing/Router->dispatch(Object(Illuminate/Http/Request))
#11 C:/Users/hamza/Desktop/PROYECTOS/APP/mightyfitness/fitness-backend/vendor/laravel/framework/src/Illuminate/Pipeline/Pipeline.php(170): Illuminate/Foundation/Http/Kernel->Illuminate/Foundation/Http/{closure}(Object(Illuminate/Http/Request))
#12 C:/Users/hamza/Desktop/PROYECTOS/APP/mightyfitness/fitness-backend/vendor/livewire/livewire/src/Features/SupportDisablingBackButtonCache/DisableBackButtonCacheMiddleware.php(19): Illuminate/Pipeline/Pipeline->Illuminate/Pipeline/{closure}(Object(Illuminate/Http/Request))
#13 C:/Users/hamza/Desktop/PROYECTOS/APP/mightyfitness/fitness-backend/vendor/laravel/framework/src/Illuminate/Pipeline/Pipeline.php(209): Livewire/Features/SupportDisablingBackButtonCache/DisableBackButtonCacheMiddleware->handle(Object(Illuminate/Http/Request), Object(Closure))
#14 C:/Users/hamza/Desktop/PROYECTOS/APP/mightyfitness/fitness-backend/vendor/laravel/framework/src/Illuminate/Foundation/Http/Middleware/TransformsRequest.php(21): Illuminate/Pipeline/Pipeline->Illuminate/Pipeline/{closure}(Object(Illuminate/Http/Request))
#15 C:/Users/hamza/Desktop/PROYECTOS/APP/mightyfitness/fitness-backend/vendor/laravel/framework/src/Illuminate/Foundation/Http/Middleware/ConvertEmptyStringsToNull.php(31): Illuminate/Foundation/Http/Middleware/TransformsRequest->handle(Object(Illuminate/Http/Request), Object(Closure))
#16 C:/Users/hamza/Desktop/PROYECTOS/APP/mightyfitness/fitness-backend/vendor/laravel/framework/src/Illuminate/Pipeline/Pipeline.php(209): Illuminate/Foundation/Http/Middleware/ConvertEmptyStringsToNull->handle(Object(Illuminate/Http/Request), Object(Closure))
#17 C:/Users/hamza/Desktop/PROYECTOS/APP/mightyfitness/fitness-backend/vendor/laravel/framework/src/Illuminate/Foundation/Http/Middleware/TransformsRequest.php(21): Illuminate/Pipeline/Pipeline->Illuminate/Pipeline/{closure}(Object(Illuminate/Http/Request))
#18 C:/Users/hamza/Desktop/PROYECTOS/APP/mightyfitness/fitness-backend/vendor/laravel/framework/src/Illuminate/Foundation/Http/Middleware/TrimStrings.php(51): Illuminate/Foundation/Http/Middleware/TransformsRequest->handle(Object(Illuminate/Http/Request), Object(Closure))
#19 C:/Users/hamza/Desktop/PROYECTOS/APP/mightyfitness/fitness-backend/vendor/laravel/framework/src/Illuminate/Pipeline/Pipeline.php(209): Illuminate/Foundation/Http/Middleware/TrimStrings->handle(Object(Illuminate/Http/Request), Object(Closure))
#20 C:/Users/hamza/Desktop/PROYECTOS/APP/mightyfitness/fitness-backend/vendor/laravel/framework/src/Illuminate/Http/Middleware/ValidatePostSize.php(27): Illuminate/Pipeline/Pipeline->Illuminate/Pipeline/{closure}(Object(Illuminate/Http/Request))
#21 C:/Users/hamza/Desktop/PROYECTOS/APP/mightyfitness/fitness-backend/vendor/laravel/framework/src/Illuminate/Pipeline/Pipeline.php(209): Illuminate/Http/Middleware/ValidatePostSize->handle(Object(Illuminate/Http/Request), Object(Closure))
#22 C:/Users/hamza/Desktop/PROYECTOS/APP/mightyfitness/fitness-backend/vendor/laravel/framework/src/Illuminate/Foundation/Http/Middleware/PreventRequestsDuringMaintenance.php(110): Illuminate/Pipeline/Pipeline->Illuminate/Pipeline/{closure}(Object(Illuminate/Http/Request))
#23 C:/Users/hamza/Desktop/PROYECTOS/APP/mightyfitness/fitness-backend/vendor/laravel/framework/src/Illuminate/Pipeline/Pipeline.php(209): Illuminate/Foundation/Http/Middleware/PreventRequestsDuringMaintenance->handle(Object(Illuminate/Http/Request), Object(Closure))
#24 C:/Users/hamza/Desktop/PROYECTOS/APP/mightyfitness/fitness-backend/vendor/laravel/framework/src/Illuminate/Http/Middleware/HandleCors.php(62): Illuminate/Pipeline/Pipeline->Illuminate/Pipeline/{closure}(Object(Illuminate/Http/Request))
#25 C:/Users/hamza/Desktop/PROYECTOS/APP/mightyfitness/fitness-backend/vendor/laravel/framework/src/Illuminate/Pipeline/Pipeline.php(209): Illuminate/Http/Middleware/HandleCors->handle(Object(Illuminate/Http/Request), Object(Closure))
#26 C:/Users/hamza/Desktop/PROYECTOS/APP/mightyfitness/fitness-backend/vendor/laravel/framework/src/Illuminate/Pipeline/Pipeline.php(127): Illuminate/Pipeline/Pipeline->Illuminate/Pipeline/{closure}(Object(Illuminate/Http/Request))
#27 C:/Users/hamza/Desktop/PROYECTOS/APP/mightyfitness/fitness-backend/vendor/laravel/framework/src/Illuminate/Foundation/Http/Kernel.php(176): Illuminate/Pipeline/Pipeline->then(Object(Closure))
#28 C:/Users/hamza/Desktop/PROYECTOS/APP/mightyfitness/fitness-backend/vendor/laravel/framework/src/Illuminate/Foundation/Http/Kernel.php(145): Illuminate/Foundation/Http/Kernel->sendRequestThroughRouter(Object(Illuminate/Http/Request))
#29 C:/Users/hamza/Desktop/PROYECTOS/APP/mightyfitness/fitness-backend/public/index.php(51): Illuminate/Foundation/Http/Kernel->handle(Object(Illuminate/Http/Request))
#30 C:/Users/hamza/Desktop/PROYECTOS/APP/mightyfitness/fitness-backend/server.php(21): require_once('C://Users//hamza//...')
#31 {main}
"} 
[2026-07-29 13:41:59] local.ERROR: Class "App\Http\Controllers\API\BaseController" not found {"exception":"[object] (Error(code: 0): Class \"App\\Http\\Controllers\\API\\BaseController\" not found at C:/Users/hamza/Desktop/PROYECTOS/APP/mightyfitness/fitness-backend/app/Http/Controllers/API/Admin/ClientBodyMetricController.php:11)
[stacktrace]
#0 C:/Users/hamza/Desktop/PROYECTOS/APP/mightyfitness/fitness-backend/vendor/composer/ClassLoader.php(576): include()
#1 C:/Users/hamza/Desktop/PROYECTOS/APP/mightyfitness/fitness-backend/vendor/composer/ClassLoader.php(427): Composer/Autoload/{closure}('C://Users//hamza//...')
#2 [internal function]: Composer/Autoload/ClassLoader->loadClass('App//Http//Contro...')
#3 C:/Users/hamza/Desktop/PROYECTOS/APP/mightyfitness/fitness-backend/vendor/laravel/framework/src/Illuminate/Routing/Route.php(1117): is_a('App//Http//Contro...', 'Illuminate//Rout...', true)
#4 C:/Users/hamza/Desktop/PROYECTOS/APP/mightyfitness/fitness-backend/vendor/laravel/framework/src/Illuminate/Routing/Route.php(1054): Illuminate/Routing/Route->controllerMiddleware()
#5 C:/Users/hamza/Desktop/PROYECTOS/APP/mightyfitness/fitness-backend/vendor/laravel/framework/src/Illuminate/Routing/Router.php(820): Illuminate/Routing/Route->gatherMiddleware()
#6 C:/Users/hamza/Desktop/PROYECTOS/APP/mightyfitness/fitness-backend/vendor/laravel/framework/src/Illuminate/Routing/Router.php(802): Illuminate/Routing/Router->gatherRouteMiddleware(Object(Illuminate/Routing/Route))
#7 C:/Users/hamza/Desktop/PROYECTOS/APP/mightyfitness/fitness-backend/vendor/laravel/framework/src/Illuminate/Routing/Router.php(786): Illuminate/Routing/Router->runRouteWithinStack(Object(Illuminate/Routing/Route), Object(Illuminate/Http/Request))
#8 C:/Users/hamza/Desktop/PROYECTOS/APP/mightyfitness/fitness-backend/vendor/laravel/framework/src/Illuminate/Routing/Router.php(750): Illuminate/Routing/Router->runRoute(Object(Illuminate/Http/Request), Object(Illuminate/Routing/Route))
#9 C:/Users/hamza/Desktop/PROYECTOS/APP/mightyfitness/fitness-backend/vendor/laravel/framework/src/Illuminate/Routing/Router.php(739): Illuminate/Routing/Router->dispatchToRoute(Object(Illuminate/Http/Request))
#10 C:/Users/hamza/Desktop/PROYECTOS/APP/mightyfitness/fitness-backend/vendor/laravel/framework/src/Illuminate/Foundation/Http/Kernel.php(201): Illuminate/Routing/Router->dispatch(Object(Illuminate/Http/Request))
#11 C:/Users/hamza/Desktop/PROYECTOS/APP/mightyfitness/fitness-backend/vendor/laravel/framework/src/Illuminate/Pipeline/Pipeline.php(170): Illuminate/Foundation/Http/Kernel->Illuminate/Foundation/Http/{closure}(Object(Illuminate/Http/Request))
#12 C:/Users/hamza/Desktop/PROYECTOS/APP/mightyfitness/fitness-backend/vendor/livewire/livewire/src/Features/SupportDisablingBackButtonCache/DisableBackButtonCacheMiddleware.php(19): Illuminate/Pipeline/Pipeline->Illuminate/Pipeline/{closure}(Object(Illuminate/Http/Request))
#13 C:/Users/hamza/Desktop/PROYECTOS/APP/mightyfitness/fitness-backend/vendor/laravel/framework/src/Illuminate/Pipeline/Pipeline.php(209): Livewire/Features/SupportDisablingBackButtonCache/DisableBackButtonCacheMiddleware->handle(Object(Illuminate/Http/Request), Object(Closure))
#14 C:/Users/hamza/Desktop/PROYECTOS/APP/mightyfitness/fitness-backend/vendor/laravel/framework/src/Illuminate/Foundation/Http/Middleware/TransformsRequest.php(21): Illuminate/Pipeline/Pipeline->Illuminate/Pipeline/{closure}(Object(Illuminate/Http/Request))
#15 C:/Users/hamza/Desktop/PROYECTOS/APP/mightyfitness/fitness-backend/vendor/laravel/framework/src/Illuminate/Foundation/Http/Middleware/ConvertEmptyStringsToNull.php(31): Illuminate/Foundation/Http/Middleware/TransformsRequest->handle(Object(Illuminate/Http/Request), Object(Closure))
#16 C:/Users/hamza/Desktop/PROYECTOS/APP/mightyfitness/fitness-backend/vendor/laravel/framework/src/Illuminate/Pipeline/Pipeline.php(209): Illuminate/Foundation/Http/Middleware/ConvertEmptyStringsToNull->handle(Object(Illuminate/Http/Request), Object(Closure))
#17 C:/Users/hamza/Desktop/PROYECTOS/APP/mightyfitness/fitness-backend/vendor/laravel/framework/src/Illuminate/Foundation/Http/Middleware/TransformsRequest.php(21): Illuminate/Pipeline/Pipeline->Illuminate/Pipeline/{closure}(Object(Illuminate/Http/Request))
#18 C:/Users/hamza/Desktop/PROYECTOS/APP/mightyfitness/fitness-backend/vendor/laravel/framework/src/Illuminate/Foundation/Http/Middleware/TrimStrings.php(51): Illuminate/Foundation/Http/Middleware/TransformsRequest->handle(Object(Illuminate/Http/Request), Object(Closure))
#19 C:/Users/hamza/Desktop/PROYECTOS/APP/mightyfitness/fitness-backend/vendor/laravel/framework/src/Illuminate/Pipeline/Pipeline.php(209): Illuminate/Foundation/Http/Middleware/TrimStrings->handle(Object(Illuminate/Http/Request), Object(Closure))
#20 C:/Users/hamza/Desktop/PROYECTOS/APP/mightyfitness/fitness-backend/vendor/laravel/framework/src/Illuminate/Http/Middleware/ValidatePostSize.php(27): Illuminate/Pipeline/Pipeline->Illuminate/Pipeline/{closure}(Object(Illuminate/Http/Request))
#21 C:/Users/hamza/Desktop/PROYECTOS/APP/mightyfitness/fitness-backend/vendor/laravel/framework/src/Illuminate/Pipeline/Pipeline.php(209): Illuminate/Http/Middleware/ValidatePostSize->handle(Object(Illuminate/Http/Request), Object(Closure))
#22 C:/Users/hamza/Desktop/PROYECTOS/APP/mightyfitness/fitness-backend/vendor/laravel/framework/src/Illuminate/Foundation/Http/Middleware/PreventRequestsDuringMaintenance.php(110): Illuminate/Pipeline/Pipeline->Illuminate/Pipeline/{closure}(Object(Illuminate/Http/Request))
#23 C:/Users/hamza/Desktop/PROYECTOS/APP/mightyfitness/fitness-backend/vendor/laravel/framework/src/Illuminate/Pipeline/Pipeline.php(209): Illuminate/Foundation/Http/Middleware/PreventRequestsDuringMaintenance->handle(Object(Illuminate/Http/Request), Object(Closure))
#24 C:/Users/hamza/Desktop/PROYECTOS/APP/mightyfitness/fitness-backend/vendor/laravel/framework/src/Illuminate/Http/Middleware/HandleCors.php(62): Illuminate/Pipeline/Pipeline->Illuminate/Pipeline/{closure}(Object(Illuminate/Http/Request))
#25 C:/Users/hamza/Desktop/PROYECTOS/APP/mightyfitness/fitness-backend/vendor/laravel/framework/src/Illuminate/Pipeline/Pipeline.php(209): Illuminate/Http/Middleware/HandleCors->handle(Object(Illuminate/Http/Request), Object(Closure))
#26 C:/Users/hamza/Desktop/PROYECTOS/APP/mightyfitness/fitness-backend/vendor/laravel/framework/src/Illuminate/Pipeline/Pipeline.php(127): Illuminate/Pipeline/Pipeline->Illuminate/Pipeline/{closure}(Object(Illuminate/Http/Request))
#27 C:/Users/hamza/Desktop/PROYECTOS/APP/mightyfitness/fitness-backend/vendor/laravel/framework/src/Illuminate/Foundation/Http/Kernel.php(176): Illuminate/Pipeline/Pipeline->then(Object(Closure))
#28 C:/Users/hamza/Desktop/PROYECTOS/APP/mightyfitness/fitness-backend/vendor/laravel/framework/src/Illuminate/Foundation/Http/Kernel.php(145): Illuminate/Foundation/Http/Kernel->sendRequestThroughRouter(Object(Illuminate/Http/Request))
#29 C:/Users/hamza/Desktop/PROYECTOS/APP/mightyfitness/fitness-backend/public/index.php(51): Illuminate/Foundation/Http/Kernel->handle(Object(Illuminate/Http/Request))
#30 C:/Users/hamza/Desktop/PROYECTOS/APP/mightyfitness/fitness-backend/server.php(21): require_once('C://Users//hamza//...')
#31 {main}
"} 
[2026-07-29 13:45:15] local.ERROR: SQLSTATE[42S22]: Column not found: 1054 Unknown column 'client_tag_assignments.tag_id' in 'field list' (Connection: mysql, SQL: select `client_tags`.*, `client_tag_assignments`.`client_id` as `pivot_client_id`, `client_tag_assignments`.`tag_id` as `pivot_tag_id` from `client_tags` inner join `client_tag_assignments` on `client_tags`.`id` = `client_tag_assignments`.`tag_id` where `client_tag_assignments`.`client_id` in (3)) {"userId":1,"exception":"[object] (Illuminate\\Database\\QueryException(code: 42S22): SQLSTATE[42S22]: Column not found: 1054 Unknown column 'client_tag_assignments.tag_id' in 'field list' (Connection: mysql, SQL: select `client_tags`.*, `client_tag_assignments`.`client_id` as `pivot_client_id`, `client_tag_assignments`.`tag_id` as `pivot_tag_id` from `client_tags` inner join `client_tag_assignments` on `client_tags`.`id` = `client_tag_assignments`.`tag_id` where `client_tag_assignments`.`client_id` in (3)) at C:/Users/hamza/Desktop/PROYECTOS/APP/mightyfitness/fitness-backend/vendor/laravel/framework/src/Illuminate/Database/Connection.php:825)
[stacktrace]
#0 C:/Users/hamza/Desktop/PROYECTOS/APP/mightyfitness/fitness-backend/vendor/laravel/framework/src/Illuminate/Database/Connection.php(779): Illuminate/Database/Connection->runQueryCallback('select `client_...', Array, Object(Closure))
#1 C:/Users/hamza/Desktop/PROYECTOS/APP/mightyfitness/fitness-backend/vendor/laravel/framework/src/Illuminate/Database/Connection.php(398): Illuminate/Database/Connection->run('select `client_...', Array, Object(Closure))
#2 C:/Users/hamza/Desktop/PROYECTOS/APP/mightyfitness/fitness-backend/vendor/laravel/framework/src/Illuminate/Database/Query/Builder.php(3106): Illuminate/Database/Connection->select('select `client_...', Array, true)
#3 C:/Users/hamza/Desktop/PROYECTOS/APP/mightyfitness/fitness-backend/vendor/laravel/framework/src/Illuminate/Database/Query/Builder.php(3091): Illuminate/Database/Query/Builder->runSelect()
#4 C:/Users/hamza/Desktop/PROYECTOS/APP/mightyfitness/fitness-backend/vendor/laravel/framework/src/Illuminate/Database/Query/Builder.php(3676): Illuminate/Database/Query/Builder->Illuminate/Database/Query/{closure}()
#5 C:/Users/hamza/Desktop/PROYECTOS/APP/mightyfitness/fitness-backend/vendor/laravel/framework/src/Illuminate/Database/Query/Builder.php(3090): Illuminate/Database/Query/Builder->onceWithColumns(Array, Object(Closure))
#6 C:/Users/hamza/Desktop/PROYECTOS/APP/mightyfitness/fitness-backend/vendor/laravel/framework/src/Illuminate/Database/Eloquent/Builder.php(811): Illuminate/Database/Query/Builder->get(Array)
#7 C:/Users/hamza/Desktop/PROYECTOS/APP/mightyfitness/fitness-backend/vendor/laravel/framework/src/Illuminate/Database/Eloquent/Relations/BelongsToMany.php(887): Illuminate/Database/Eloquent/Builder->getModels()
#8 C:/Users/hamza/Desktop/PROYECTOS/APP/mightyfitness/fitness-backend/vendor/laravel/framework/src/Illuminate/Database/Eloquent/Relations/Relation.php(176): Illuminate/Database/Eloquent/Relations/BelongsToMany->get()
#9 C:/Users/hamza/Desktop/PROYECTOS/APP/mightyfitness/fitness-backend/vendor/laravel/framework/src/Illuminate/Database/Eloquent/Builder.php(859): Illuminate/Database/Eloquent/Relations/Relation->getEager()
#10 C:/Users/hamza/Desktop/PROYECTOS/APP/mightyfitness/fitness-backend/vendor/laravel/framework/src/Illuminate/Database/Eloquent/Builder.php(828): Illuminate/Database/Eloquent/Builder->eagerLoadRelation(Array, 'tags', Object(Closure))
#11 C:/Users/hamza/Desktop/PROYECTOS/APP/mightyfitness/fitness-backend/vendor/laravel/framework/src/Illuminate/Database/Eloquent/Builder.php(794): Illuminate/Database/Eloquent/Builder->eagerLoadRelations(Array)
#12 C:/Users/hamza/Desktop/PROYECTOS/APP/mightyfitness/fitness-backend/vendor/laravel/framework/src/Illuminate/Database/Concerns/BuildsQueries.php(343): Illuminate/Database/Eloquent/Builder->get(Array)
#13 C:/Users/hamza/Desktop/PROYECTOS/APP/mightyfitness/fitness-backend/vendor/laravel/framework/src/Illuminate/Database/Eloquent/Builder.php(477): Illuminate/Database/Eloquent/Builder->first(Array)
#14 C:/Users/hamza/Desktop/PROYECTOS/APP/mightyfitness/fitness-backend/app/Http/Controllers/API/ClientTagController.php(55): Illuminate/Database/Eloquent/Builder->find('3')
#15 C:/Users/hamza/Desktop/PROYECTOS/APP/mightyfitness/fitness-backend/vendor/laravel/framework/src/Illuminate/Routing/Controller.php(54): App/Http/Controllers/API/ClientTagController->getClientTags(Object(Illuminate/Http/Request))
#16 C:/Users/hamza/Desktop/PROYECTOS/APP/mightyfitness/fitness-backend/vendor/laravel/framework/src/Illuminate/Routing/ControllerDispatcher.php(44): Illuminate/Routing/Controller->callAction('getClientTags', Array)
#17 C:/Users/hamza/Desktop/PROYECTOS/APP/mightyfitness/fitness-backend/vendor/laravel/framework/src/Illuminate/Routing/Route.php(266): Illuminate/Routing/ControllerDispatcher->dispatch(Object(Illuminate/Routing/Route), Object(App/Http/Controllers/API/ClientTagController), 'getClientTags')
#18 C:/Users/hamza/Desktop/PROYECTOS/APP/mightyfitness/fitness-backend/vendor/laravel/framework/src/Illuminate/Routing/Route.php(212): Illuminate/Routing/Route->runController()
#19 C:/Users/hamza/Desktop/PROYECTOS/APP/mightyfitness/fitness-backend/vendor/laravel/framework/src/Illuminate/Routing/Router.php(808): Illuminate/Routing/Route->run()
#20 C:/Users/hamza/Desktop/PROYECTOS/APP/mightyfitness/fitness-backend/vendor/laravel/framework/src/Illuminate/Pipeline/Pipeline.php(170): Illuminate/Routing/Router->Illuminate/Routing/{closure}(Object(Illuminate/Http/Request))
#21 C:/Users/hamza/Desktop/PROYECTOS/APP/mightyfitness/fitness-backend/app/Http/Middleware/AdminApi.php(26): Illuminate/Pipeline/Pipeline->Illuminate/Pipeline/{closure}(Object(Illuminate/Http/Request))
#22 C:/Users/hamza/Desktop/PROYECTOS/APP/mightyfitness/fitness-backend/vendor/laravel/framework/src/Illuminate/Pipeline/Pipeline.php(209): App/Http/Middleware/AdminApi->handle(Object(Illuminate/Http/Request), Object(Closure))
#23 C:/Users/hamza/Desktop/PROYECTOS/APP/mightyfitness/fitness-backend/app/Http/Middleware/API/CheckUserStatus.php(26): Illuminate/Pipeline/Pipeline->Illuminate/Pipeline/{closure}(Object(Illuminate/Http/Request))
#24 C:/Users/hamza/Desktop/PROYECTOS/APP/mightyfitness/fitness-backend/vendor/laravel/framework/src/Illuminate/Pipeline/Pipeline.php(209): App/Http/Middleware/API/CheckUserStatus->handle(Object(Illuminate/Http/Request), Object(Closure))
#25 C:/Users/hamza/Desktop/PROYECTOS/APP/mightyfitness/fitness-backend/vendor/laravel/framework/src/Illuminate/Routing/Middleware/SubstituteBindings.php(51): Illuminate/Pipeline/Pipeline->Illuminate/Pipeline/{closure}(Object(Illuminate/Http/Request))
#26 C:/Users/hamza/Desktop/PROYECTOS/APP/mightyfitness/fitness-backend/vendor/laravel/framework/src/Illuminate/Pipeline/Pipeline.php(209): Illuminate/Routing/Middleware/SubstituteBindings->handle(Object(Illuminate/Http/Request), Object(Closure))
#27 C:/Users/hamza/Desktop/PROYECTOS/APP/mightyfitness/fitness-backend/vendor/laravel/framework/src/Illuminate/Routing/Middleware/ThrottleRequests.php(161): Illuminate/Pipeline/Pipeline->Illuminate/Pipeline/{closure}(Object(Illuminate/Http/Request))
#28 C:/Users/hamza/Desktop/PROYECTOS/APP/mightyfitness/fitness-backend/vendor/laravel/framework/src/Illuminate/Routing/Middleware/ThrottleRequests.php(127): Illuminate/Routing/Middleware/ThrottleRequests->handleRequest(Object(Illuminate/Http/Request), Object(Closure), Array)
#29 C:/Users/hamza/Desktop/PROYECTOS/APP/mightyfitness/fitness-backend/vendor/laravel/framework/src/Illuminate/Routing/Middleware/ThrottleRequests.php(89): Illuminate/Routing/Middleware/ThrottleRequests->handleRequestUsingNamedLimiter(Object(Illuminate/Http/Request), Object(Closure), 'api', Object(Closure))
#30 C:/Users/hamza/Desktop/PROYECTOS/APP/mightyfitness/fitness-backend/vendor/laravel/framework/src/Illuminate/Pipeline/Pipeline.php(209): Illuminate/Routing/Middleware/ThrottleRequests->handle(Object(Illuminate/Http/Request), Object(Closure), 'api')
#31 C:/Users/hamza/Desktop/PROYECTOS/APP/mightyfitness/fitness-backend/vendor/laravel/framework/src/Illuminate/Auth/Middleware/Authenticate.php(64): Illuminate/Pipeline/Pipeline->Illuminate/Pipeline/{closure}(Object(Illuminate/Http/Request))
#32 C:/Users/hamza/Desktop/PROYECTOS/APP/mightyfitness/fitness-backend/vendor/laravel/framework/src/Illuminate/Pipeline/Pipeline.php(209): Illuminate/Auth/Middleware/Authenticate->handle(Object(Illuminate/Http/Request), Object(Closure), 'sanctum')
#33 C:/Users/hamza/Desktop/PROYECTOS/APP/mightyfitness/fitness-backend/vendor/laravel/framework/src/Illuminate/Pipeline/Pipeline.php(127): Illuminate/Pipeline/Pipeline->Illuminate/Pipeline/{closure}(Object(Illuminate/Http/Request))
#34 C:/Users/hamza/Desktop/PROYECTOS/APP/mightyfitness/fitness-backend/vendor/laravel/framework/src/Illuminate/Routing/Router.php(807): Illuminate/Pipeline/Pipeline->then(Object(Closure))
#35 C:/Users/hamza/Desktop/PROYECTOS/APP/mightyfitness/fitness-backend/vendor/laravel/framework/src/Illuminate/Routing/Router.php(786): Illuminate/Routing/Router->runRouteWithinStack(Object(Illuminate/Routing/Route), Object(Illuminate/Http/Request))
#36 C:/Users/hamza/Desktop/PROYECTOS/APP/mightyfitness/fitness-backend/vendor/laravel/framework/src/Illuminate/Routing/Router.php(750): Illuminate/Routing/Router->runRoute(Object(Illuminate/Http/Request), Object(Illuminate/Routing/Route))
#37 C:/Users/hamza/Desktop/PROYECTOS/APP/mightyfitness/fitness-backend/vendor/laravel/framework/src/Illuminate/Routing/Router.php(739): Illuminate/Routing/Router->dispatchToRoute(Object(Illuminate/Http/Request))
#38 C:/Users/hamza/Desktop/PROYECTOS/APP/mightyfitness/fitness-backend/vendor/laravel/framework/src/Illuminate/Foundation/Http/Kernel.php(201): Illuminate/Routing/Router->dispatch(Object(Illuminate/Http/Request))
#39 C:/Users/hamza/Desktop/PROYECTOS/APP/mightyfitness/fitness-backend/vendor/laravel/framework/src/Illuminate/Pipeline/Pipeline.php(170): Illuminate/Foundation/Http/Kernel->Illuminate/Foundation/Http/{closure}(Object(Illuminate/Http/Request))
#40 C:/Users/hamza/Desktop/PROYECTOS/APP/mightyfitness/fitness-backend/vendor/livewire/livewire/src/Features/SupportDisablingBackButtonCache/DisableBackButtonCacheMiddleware.php(19): Illuminate/Pipeline/Pipeline->Illuminate/Pipeline/{closure}(Object(Illuminate/Http/Request))
#41 C:/Users/hamza/Desktop/PROYECTOS/APP/mightyfitness/fitness-backend/vendor/laravel/framework/src/Illuminate/Pipeline/Pipeline.php(209): Livewire/Features/SupportDisablingBackButtonCache/DisableBackButtonCacheMiddleware->handle(Object(Illuminate/Http/Request), Object(Closure))
#42 C:/Users/hamza/Desktop/PROYECTOS/APP/mightyfitness/fitness-backend/vendor/laravel/framework/src/Illuminate/Foundation/Http/Middleware/TransformsRequest.php(21): Illuminate/Pipeline/Pipeline->Illuminate/Pipeline/{closure}(Object(Illuminate/Http/Request))
#43 C:/Users/hamza/Desktop/PROYECTOS/APP/mightyfitness/fitness-backend/vendor/laravel/framework/src/Illuminate/Foundation/Http/Middleware/ConvertEmptyStringsToNull.php(31): Illuminate/Foundation/Http/Middleware/TransformsRequest->handle(Object(Illuminate/Http/Request), Object(Closure))
#44 C:/Users/hamza/Desktop/PROYECTOS/APP/mightyfitness/fitness-backend/vendor/laravel/framework/src/Illuminate/Pipeline/Pipeline.php(209): Illuminate/Foundation/Http/Middleware/ConvertEmptyStringsToNull->handle(Object(Illuminate/Http/Request), Object(Closure))
#45 C:/Users/hamza/Desktop/PROYECTOS/APP/mightyfitness/fitness-backend/vendor/laravel/framework/src/Illuminate/Foundation/Http/Middleware/TransformsRequest.php(21): Illuminate/Pipeline/Pipeline->Illuminate/Pipeline/{closure}(Object(Illuminate/Http/Request))
#46 C:/Users/hamza/Desktop/PROYECTOS/APP/mightyfitness/fitness-backend/vendor/laravel/framework/src/Illuminate/Foundation/Http/Middleware/TrimStrings.php(51): Illuminate/Foundation/Http/Middleware/TransformsRequest->handle(Object(Illuminate/Http/Request), Object(Closure))
#47 C:/Users/hamza/Desktop/PROYECTOS/APP/mightyfitness/fitness-backend/vendor/laravel/framework/src/Illuminate/Pipeline/Pipeline.php(209): Illuminate/Foundation/Http/Middleware/TrimStrings->handle(Object(Illuminate/Http/Request), Object(Closure))
#48 C:/Users/hamza/Desktop/PROYECTOS/APP/mightyfitness/fitness-backend/vendor/laravel/framework/src/Illuminate/Http/Middleware/ValidatePostSize.php(27): Illuminate/Pipeline/Pipeline->Illuminate/Pipeline/{closure}(Object(Illuminate/Http/Request))
#49 C:/Users/hamza/Desktop/PROYECTOS/APP/mightyfitness/fitness-backend/vendor/laravel/framework/src/Illuminate/Pipeline/Pipeline.php(209): Illuminate/Http/Middleware/ValidatePostSize->handle(Object(Illuminate/Http/Request), Object(Closure))
#50 C:/Users/hamza/Desktop/PROYECTOS/APP/mightyfitness/fitness-backend/vendor/laravel/framework/src/Illuminate/Foundation/Http/Middleware/PreventRequestsDuringMaintenance.php(110): Illuminate/Pipeline/Pipeline->Illuminate/Pipeline/{closure}(Object(Illuminate/Http/Request))
#51 C:/Users/hamza/Desktop/PROYECTOS/APP/mightyfitness/fitness-backend/vendor/laravel/framework/src/Illuminate/Pipeline/Pipeline.php(209): Illuminate/Foundation/Http/Middleware/PreventRequestsDuringMaintenance->handle(Object(Illuminate/Http/Request), Object(Closure))
#52 C:/Users/hamza/Desktop/PROYECTOS/APP/mightyfitness/fitness-backend/vendor/laravel/framework/src/Illuminate/Http/Middleware/HandleCors.php(62): Illuminate/Pipeline/Pipeline->Illuminate/Pipeline/{closure}(Object(Illuminate/Http/Request))
#53 C:/Users/hamza/Desktop/PROYECTOS/APP/mightyfitness/fitness-backend/vendor/laravel/framework/src/Illuminate/Pipeline/Pipeline.php(209): Illuminate/Http/Middleware/HandleCors->handle(Object(Illuminate/Http/Request), Object(Closure))
#54 C:/Users/hamza/Desktop/PROYECTOS/APP/mightyfitness/fitness-backend/vendor/laravel/framework/src/Illuminate/Pipeline/Pipeline.php(127): Illuminate/Pipeline/Pipeline->Illuminate/Pipeline/{closure}(Object(Illuminate/Http/Request))
#55 C:/Users/hamza/Desktop/PROYECTOS/APP/mightyfitness/fitness-backend/vendor/laravel/framework/src/Illuminate/Foundation/Http/Kernel.php(176): Illuminate/Pipeline/Pipeline->then(Object(Closure))
#56 C:/Users/hamza/Desktop/PROYECTOS/APP/mightyfitness/fitness-backend/vendor/laravel/framework/src/Illuminate/Foundation/Http/Kernel.php(145): Illuminate/Foundation/Http/Kernel->sendRequestThroughRouter(Object(Illuminate/Http/Request))
#57 C:/Users/hamza/Desktop/PROYECTOS/APP/mightyfitness/fitness-backend/public/index.php(51): Illuminate/Foundation/Http/Kernel->handle(Object(Illuminate/Http/Request))
#58 C:/Users/hamza/Desktop/PROYECTOS/APP/mightyfitness/fitness-backend/server.php(21): require_once('C://Users//hamza//...')
#59 {main}

[previous exception] [object] (PDOException(code: 42S22): SQLSTATE[42S22]: Column not found: 1054 Unknown column 'client_tag_assignments.tag_id' in 'field list' at C:/Users/hamza/Desktop/PROYECTOS/APP/mightyfitness/fitness-backend/vendor/laravel/framework/src/Illuminate/Database/Connection.php:407)
[stacktrace]
#0 C:/Users/hamza/Desktop/PROYECTOS/APP/mightyfitness/fitness-backend/vendor/laravel/framework/src/Illuminate/Database/Connection.php(407): PDO->prepare('select `client_...')
#1 C:/Users/hamza/Desktop/PROYECTOS/APP/mightyfitness/fitness-backend/vendor/laravel/framework/src/Illuminate/Database/Connection.php(812): Illuminate/Database/Connection->Illuminate/Database/{closure}('select `client_...', Array)
#2 C:/Users/hamza/Desktop/PROYECTOS/APP/mightyfitness/fitness-backend/vendor/laravel/framework/src/Illuminate/Database/Connection.php(779): Illuminate/Database/Connection->runQueryCallback('select `client_...', Array, Object(Closure))
#3 C:/Users/hamza/Desktop/PROYECTOS/APP/mightyfitness/fitness-backend/vendor/laravel/framework/src/Illuminate/Database/Connection.php(398): Illuminate/Database/Connection->run('select `client_...', Array, Object(Closure))
#4 C:/Users/hamza/Desktop/PROYECTOS/APP/mightyfitness/fitness-backend/vendor/laravel/framework/src/Illuminate/Database/Query/Builder.php(3106): Illuminate/Database/Connection->select('select `client_...', Array, true)
#5 C:/Users/hamza/Desktop/PROYECTOS/APP/mightyfitness/fitness-backend/vendor/laravel/framework/src/Illuminate/Database/Query/Builder.php(3091): Illuminate/Database/Query/Builder->runSelect()
#6 C:/Users/hamza/Desktop/PROYECTOS/APP/mightyfitness/fitness-backend/vendor/laravel/framework/src/Illuminate/Database/Query/Builder.php(3676): Illuminate/Database/Query/Builder->Illuminate/Database/Query/{closure}()
#7 C:/Users/hamza/Desktop/PROYECTOS/APP/mightyfitness/fitness-backend/vendor/laravel/framework/src/Illuminate/Database/Query/Builder.php(3090): Illuminate/Database/Query/Builder->onceWithColumns(Array, Object(Closure))
#8 C:/Users/hamza/Desktop/PROYECTOS/APP/mightyfitness/fitness-backend/vendor/laravel/framework/src/Illuminate/Database/Eloquent/Builder.php(811): Illuminate/Database/Query/Builder->get(Array)
#9 C:/Users/hamza/Desktop/PROYECTOS/APP/mightyfitness/fitness-backend/vendor/laravel/framework/src/Illuminate/Database/Eloquent/Relations/BelongsToMany.php(887): Illuminate/Database/Eloquent/Builder->getModels()
#10 C:/Users/hamza/Desktop/PROYECTOS/APP/mightyfitness/fitness-backend/vendor/laravel/framework/src/Illuminate/Database/Eloquent/Relations/Relation.php(176): Illuminate/Database/Eloquent/Relations/BelongsToMany->get()
#11 C:/Users/hamza/Desktop/PROYECTOS/APP/mightyfitness/fitness-backend/vendor/laravel/framework/src/Illuminate/Database/Eloquent/Builder.php(859): Illuminate/Database/Eloquent/Relations/Relation->getEager()
#12 C:/Users/hamza/Desktop/PROYECTOS/APP/mightyfitness/fitness-backend/vendor/laravel/framework/src/Illuminate/Database/Eloquent/Builder.php(828): Illuminate/Database/Eloquent/Builder->eagerLoadRelation(Array, 'tags', Object(Closure))
#13 C:/Users/hamza/Desktop/PROYECTOS/APP/mightyfitness/fitness-backend/vendor/laravel/framework/src/Illuminate/Database/Eloquent/Builder.php(794): Illuminate/Database/Eloquent/Builder->eagerLoadRelations(Array)
#14 C:/Users/hamza/Desktop/PROYECTOS/APP/mightyfitness/fitness-backend/vendor/laravel/framework/src/Illuminate/Database/Concerns/BuildsQueries.php(343): Illuminate/Database/Eloquent/Builder->get(Array)
#15 C:/Users/hamza/Desktop/PROYECTOS/APP/mightyfitness/fitness-backend/vendor/laravel/framework/src/Illuminate/Database/Eloquent/Builder.php(477): Illuminate/Database/Eloquent/Builder->first(Array)
#16 C:/Users/hamza/Desktop/PROYECTOS/APP/mightyfitness/fitness-backend/app/Http/Controllers/API/ClientTagController.php(55): Illuminate/Database/Eloquent/Builder->find('3')
#17 C:/Users/hamza/Desktop/PROYECTOS/APP/mightyfitness/fitness-backend/vendor/laravel/framework/src/Illuminate/Routing/Controller.php(54): App/Http/Controllers/API/ClientTagController->getClientTags(Object(Illuminate/Http/Request))
#18 C:/Users/hamza/Desktop/PROYECTOS/APP/mightyfitness/fitness-backend/vendor/laravel/framework/src/Illuminate/Routing/ControllerDispatcher.php(44): Illuminate/Routing/Controller->callAction('getClientTags', Array)
#19 C:/Users/hamza/Desktop/PROYECTOS/APP/mightyfitness/fitness-backend/vendor/laravel/framework/src/Illuminate/Routing/Route.php(266): Illuminate/Routing/ControllerDispatcher->dispatch(Object(Illuminate/Routing/Route), Object(App/Http/Controllers/API/ClientTagController), 'getClientTags')
#20 C:/Users/hamza/Desktop/PROYECTOS/APP/mightyfitness/fitness-backend/vendor/laravel/framework/src/Illuminate/Routing/Route.php(212): Illuminate/Routing/Route->runController()
#21 C:/Users/hamza/Desktop/PROYECTOS/APP/mightyfitness/fitness-backend/vendor/laravel/framework/src/Illuminate/Routing/Router.php(808): Illuminate/Routing/Route->run()
#22 C:/Users/hamza/Desktop/PROYECTOS/APP/mightyfitness/fitness-backend/vendor/laravel/framework/src/Illuminate/Pipeline/Pipeline.php(170): Illuminate/Routing/Router->Illuminate/Routing/{closure}(Object(Illuminate/Http/Request))
#23 C:/Users/hamza/Desktop/PROYECTOS/APP/mightyfitness/fitness-backend/app/Http/Middleware/AdminApi.php(26): Illuminate/Pipeline/Pipeline->Illuminate/Pipeline/{closure}(Object(Illuminate/Http/Request))
#24 C:/Users/hamza/Desktop/PROYECTOS/APP/mightyfitness/fitness-backend/vendor/laravel/framework/src/Illuminate/Pipeline/Pipeline.php(209): App/Http/Middleware/AdminApi->handle(Object(Illuminate/Http/Request), Object(Closure))
#25 C:/Users/hamza/Desktop/PROYECTOS/APP/mightyfitness/fitness-backend/app/Http/Middleware/API/CheckUserStatus.php(26): Illuminate/Pipeline/Pipeline->Illuminate/Pipeline/{closure}(Object(Illuminate/Http/Request))
#26 C:/Users/hamza/Desktop/PROYECTOS/APP/mightyfitness/fitness-backend/vendor/laravel/framework/src/Illuminate/Pipeline/Pipeline.php(209): App/Http/Middleware/API/CheckUserStatus->handle(Object(Illuminate/Http/Request), Object(Closure))
#27 C:/Users/hamza/Desktop/PROYECTOS/APP/mightyfitness/fitness-backend/vendor/laravel/framework/src/Illuminate/Routing/Middleware/SubstituteBindings.php(51): Illuminate/Pipeline/Pipeline->Illuminate/Pipeline/{closure}(Object(Illuminate/Http/Request))
#28 C:/Users/hamza/Desktop/PROYECTOS/APP/mightyfitness/fitness-backend/vendor/laravel/framework/src/Illuminate/Pipeline/Pipeline.php(209): Illuminate/Routing/Middleware/SubstituteBindings->handle(Object(Illuminate/Http/Request), Object(Closure))
#29 C:/Users/hamza/Desktop/PROYECTOS/APP/mightyfitness/fitness-backend/vendor/laravel/framework/src/Illuminate/Routing/Middleware/ThrottleRequests.php(161): Illuminate/Pipeline/Pipeline->Illuminate/Pipeline/{closure}(Object(Illuminate/Http/Request))
#30 C:/Users/hamza/Desktop/PROYECTOS/APP/mightyfitness/fitness-backend/vendor/laravel/framework/src/Illuminate/Routing/Middleware/ThrottleRequests.php(127): Illuminate/Routing/Middleware/ThrottleRequests->handleRequest(Object(Illuminate/Http/Request), Object(Closure), Array)
#31 C:/Users/hamza/Desktop/PROYECTOS/APP/mightyfitness/fitness-backend/vendor/laravel/framework/src/Illuminate/Routing/Middleware/ThrottleRequests.php(89): Illuminate/Routing/Middleware/ThrottleRequests->handleRequestUsingNamedLimiter(Object(Illuminate/Http/Request), Object(Closure), 'api', Object(Closure))
#32 C:/Users/hamza/Desktop/PROYECTOS/APP/mightyfitness/fitness-backend/vendor/laravel/framework/src/Illuminate/Pipeline/Pipeline.php(209): Illuminate/Routing/Middleware/ThrottleRequests->handle(Object(Illuminate/Http/Request), Object(Closure), 'api')
#33 C:/Users/hamza/Desktop/PROYECTOS/APP/mightyfitness/fitness-backend/vendor/laravel/framework/src/Illuminate/Auth/Middleware/Authenticate.php(64): Illuminate/Pipeline/Pipeline->Illuminate/Pipeline/{closure}(Object(Illuminate/Http/Request))
#34 C:/Users/hamza/Desktop/PROYECTOS/APP/mightyfitness/fitness-backend/vendor/laravel/framework/src/Illuminate/Pipeline/Pipeline.php(209): Illuminate/Auth/Middleware/Authenticate->handle(Object(Illuminate/Http/Request), Object(Closure), 'sanctum')
#35 C:/Users/hamza/Desktop/PROYECTOS/APP/mightyfitness/fitness-backend/vendor/laravel/framework/src/Illuminate/Pipeline/Pipeline.php(127): Illuminate/Pipeline/Pipeline->Illuminate/Pipeline/{closure}(Object(Illuminate/Http/Request))
#36 C:/Users/hamza/Desktop/PROYECTOS/APP/mightyfitness/fitness-backend/vendor/laravel/framework/src/Illuminate/Routing/Router.php(807): Illuminate/Pipeline/Pipeline->then(Object(Closure))
#37 C:/Users/hamza/Desktop/PROYECTOS/APP/mightyfitness/fitness-backend/vendor/laravel/framework/src/Illuminate/Routing/Router.php(786): Illuminate/Routing/Router->runRouteWithinStack(Object(Illuminate/Routing/Route), Object(Illuminate/Http/Request))
#38 C:/Users/hamza/Desktop/PROYECTOS/APP/mightyfitness/fitness-backend/vendor/laravel/framework/src/Illuminate/Routing/Router.php(750): Illuminate/Routing/Router->runRoute(Object(Illuminate/Http/Request), Object(Illuminate/Routing/Route))
#39 C:/Users/hamza/Desktop/PROYECTOS/APP/mightyfitness/fitness-backend/vendor/laravel/framework/src/Illuminate/Routing/Router.php(739): Illuminate/Routing/Router->dispatchToRoute(Object(Illuminate/Http/Request))
#40 C:/Users/hamza/Desktop/PROYECTOS/APP/mightyfitness/fitness-backend/vendor/laravel/framework/src/Illuminate/Foundation/Http/Kernel.php(201): Illuminate/Routing/Router->dispatch(Object(Illuminate/Http/Request))
#41 C:/Users/hamza/Desktop/PROYECTOS/APP/mightyfitness/fitness-backend/vendor/laravel/framework/src/Illuminate/Pipeline/Pipeline.php(170): Illuminate/Foundation/Http/Kernel->Illuminate/Foundation/Http/{closure}(Object(Illuminate/Http/Request))
#42 C:/Users/hamza/Desktop/PROYECTOS/APP/mightyfitness/fitness-backend/vendor/livewire/livewire/src/Features/SupportDisablingBackButtonCache/DisableBackButtonCacheMiddleware.php(19): Illuminate/Pipeline/Pipeline->Illuminate/Pipeline/{closure}(Object(Illuminate/Http/Request))
#43 C:/Users/hamza/Desktop/PROYECTOS/APP/mightyfitness/fitness-backend/vendor/laravel/framework/src/Illuminate/Pipeline/Pipeline.php(209): Livewire/Features/SupportDisablingBackButtonCache/DisableBackButtonCacheMiddleware->handle(Object(Illuminate/Http/Request), Object(Closure))
#44 C:/Users/hamza/Desktop/PROYECTOS/APP/mightyfitness/fitness-backend/vendor/laravel/framework/src/Illuminate/Foundation/Http/Middleware/TransformsRequest.php(21): Illuminate/Pipeline/Pipeline->Illuminate/Pipeline/{closure}(Object(Illuminate/Http/Request))
#45 C:/Users/hamza/Desktop/PROYECTOS/APP/mightyfitness/fitness-backend/vendor/laravel/framework/src/Illuminate/Foundation/Http/Middleware/ConvertEmptyStringsToNull.php(31): Illuminate/Foundation/Http/Middleware/TransformsRequest->handle(Object(Illuminate/Http/Request), Object(Closure))
#46 C:/Users/hamza/Desktop/PROYECTOS/APP/mightyfitness/fitness-backend/vendor/laravel/framework/src/Illuminate/Pipeline/Pipeline.php(209): Illuminate/Foundation/Http/Middleware/ConvertEmptyStringsToNull->handle(Object(Illuminate/Http/Request), Object(Closure))
#47 C:/Users/hamza/Desktop/PROYECTOS/APP/mightyfitness/fitness-backend/vendor/laravel/framework/src/Illuminate/Foundation/Http/Middleware/TransformsRequest.php(21): Illuminate/Pipeline/Pipeline->Illuminate/Pipeline/{closure}(Object(Illuminate/Http/Request))
#48 C:/Users/hamza/Desktop/PROYECTOS/APP/mightyfitness/fitness-backend/vendor/laravel/framework/src/Illuminate/Foundation/Http/Middleware/TrimStrings.php(51): Illuminate/Foundation/Http/Middleware/TransformsRequest->handle(Object(Illuminate/Http/Request), Object(Closure))
#49 C:/Users/hamza/Desktop/PROYECTOS/APP/mightyfitness/fitness-backend/vendor/laravel/framework/src/Illuminate/Pipeline/Pipeline.php(209): Illuminate/Foundation/Http/Middleware/TrimStrings->handle(Object(Illuminate/Http/Request), Object(Closure))
#50 C:/Users/hamza/Desktop/PROYECTOS/APP/mightyfitness/fitness-backend/vendor/laravel/framework/src/Illuminate/Http/Middleware/ValidatePostSize.php(27): Illuminate/Pipeline/Pipeline->Illuminate/Pipeline/{closure}(Object(Illuminate/Http/Request))
#51 C:/Users/hamza/Desktop/PROYECTOS/APP/mightyfitness/fitness-backend/vendor/laravel/framework/src/Illuminate/Pipeline/Pipeline.php(209): Illuminate/Http/Middleware/ValidatePostSize->handle(Object(Illuminate/Http/Request), Object(Closure))
#52 C:/Users/hamza/Desktop/PROYECTOS/APP/mightyfitness/fitness-backend/vendor/laravel/framework/src/Illuminate/Foundation/Http/Middleware/PreventRequestsDuringMaintenance.php(110): Illuminate/Pipeline/Pipeline->Illuminate/Pipeline/{closure}(Object(Illuminate/Http/Request))
#53 C:/Users/hamza/Desktop/PROYECTOS/APP/mightyfitness/fitness-backend/vendor/laravel/framework/src/Illuminate/Pipeline/Pipeline.php(209): Illuminate/Foundation/Http/Middleware/PreventRequestsDuringMaintenance->handle(Object(Illuminate/Http/Request), Object(Closure))
#54 C:/Users/hamza/Desktop/PROYECTOS/APP/mightyfitness/fitness-backend/vendor/laravel/framework/src/Illuminate/Http/Middleware/HandleCors.php(62): Illuminate/Pipeline/Pipeline->Illuminate/Pipeline/{closure}(Object(Illuminate/Http/Request))
#55 C:/Users/hamza/Desktop/PROYECTOS/APP/mightyfitness/fitness-backend/vendor/laravel/framework/src/Illuminate/Pipeline/Pipeline.php(209): Illuminate/Http/Middleware/HandleCors->handle(Object(Illuminate/Http/Request), Object(Closure))
#56 C:/Users/hamza/Desktop/PROYECTOS/APP/mightyfitness/fitness-backend/vendor/laravel/framework/src/Illuminate/Pipeline/Pipeline.php(127): Illuminate/Pipeline/Pipeline->Illuminate/Pipeline/{closure}(Object(Illuminate/Http/Request))
#57 C:/Users/hamza/Desktop/PROYECTOS/APP/mightyfitness/fitness-backend/vendor/laravel/framework/src/Illuminate/Foundation/Http/Kernel.php(176): Illuminate/Pipeline/Pipeline->then(Object(Closure))
#58 C:/Users/hamza/Desktop/PROYECTOS/APP/mightyfitness/fitness-backend/vendor/laravel/framework/src/Illuminate/Foundation/Http/Kernel.php(145): Illuminate/Foundation/Http/Kernel->sendRequestThroughRouter(Object(Illuminate/Http/Request))
#59 C:/Users/hamza/Desktop/PROYECTOS/APP/mightyfitness/fitness-backend/public/index.php(51): Illuminate/Foundation/Http/Kernel->handle(Object(Illuminate/Http/Request))
#60 C:/Users/hamza/Desktop/PROYECTOS/APP/mightyfitness/fitness-backend/server.php(21): require_once('C://Users//hamza//...')
#61 {main}
"} 
[2026-07-29 13:45:16] local.ERROR: Class "App\Http\Controllers\API\BaseController" not found {"exception":"[object] (Error(code: 0): Class \"App\\Http\\Controllers\\API\\BaseController\" not found at C:/Users/hamza/Desktop/PROYECTOS/APP/mightyfitness/fitness-backend/app/Http/Controllers/API/Admin/ClientGoalController.php:10)
[stacktrace]
#0 C:/Users/hamza/Desktop/PROYECTOS/APP/mightyfitness/fitness-backend/vendor/composer/ClassLoader.php(576): include()
#1 C:/Users/hamza/Desktop/PROYECTOS/APP/mightyfitness/fitness-backend/vendor/composer/ClassLoader.php(427): Composer/Autoload/{closure}('C://Users//hamza//...')
#2 [internal function]: Composer/Autoload/ClassLoader->loadClass('App//Http//Contro...')
#3 C:/Users/hamza/Desktop/PROYECTOS/APP/mightyfitness/fitness-backend/vendor/laravel/framework/src/Illuminate/Routing/Route.php(1117): is_a('App//Http//Contro...', 'Illuminate//Rout...', true)
#4 C:/Users/hamza/Desktop/PROYECTOS/APP/mightyfitness/fitness-backend/vendor/laravel/framework/src/Illuminate/Routing/Route.php(1054): Illuminate/Routing/Route->controllerMiddleware()
#5 C:/Users/hamza/Desktop/PROYECTOS/APP/mightyfitness/fitness-backend/vendor/laravel/framework/src/Illuminate/Routing/Router.php(820): Illuminate/Routing/Route->gatherMiddleware()
#6 C:/Users/hamza/Desktop/PROYECTOS/APP/mightyfitness/fitness-backend/vendor/laravel/framework/src/Illuminate/Routing/Router.php(802): Illuminate/Routing/Router->gatherRouteMiddleware(Object(Illuminate/Routing/Route))
#7 C:/Users/hamza/Desktop/PROYECTOS/APP/mightyfitness/fitness-backend/vendor/laravel/framework/src/Illuminate/Routing/Router.php(786): Illuminate/Routing/Router->runRouteWithinStack(Object(Illuminate/Routing/Route), Object(Illuminate/Http/Request))
#8 C:/Users/hamza/Desktop/PROYECTOS/APP/mightyfitness/fitness-backend/vendor/laravel/framework/src/Illuminate/Routing/Router.php(750): Illuminate/Routing/Router->runRoute(Object(Illuminate/Http/Request), Object(Illuminate/Routing/Route))
#9 C:/Users/hamza/Desktop/PROYECTOS/APP/mightyfitness/fitness-backend/vendor/laravel/framework/src/Illuminate/Routing/Router.php(739): Illuminate/Routing/Router->dispatchToRoute(Object(Illuminate/Http/Request))
#10 C:/Users/hamza/Desktop/PROYECTOS/APP/mightyfitness/fitness-backend/vendor/laravel/framework/src/Illuminate/Foundation/Http/Kernel.php(201): Illuminate/Routing/Router->dispatch(Object(Illuminate/Http/Request))
#11 C:/Users/hamza/Desktop/PROYECTOS/APP/mightyfitness/fitness-backend/vendor/laravel/framework/src/Illuminate/Pipeline/Pipeline.php(170): Illuminate/Foundation/Http/Kernel->Illuminate/Foundation/Http/{closure}(Object(Illuminate/Http/Request))
#12 C:/Users/hamza/Desktop/PROYECTOS/APP/mightyfitness/fitness-backend/vendor/livewire/livewire/src/Features/SupportDisablingBackButtonCache/DisableBackButtonCacheMiddleware.php(19): Illuminate/Pipeline/Pipeline->Illuminate/Pipeline/{closure}(Object(Illuminate/Http/Request))
#13 C:/Users/hamza/Desktop/PROYECTOS/APP/mightyfitness/fitness-backend/vendor/laravel/framework/src/Illuminate/Pipeline/Pipeline.php(209): Livewire/Features/SupportDisablingBackButtonCache/DisableBackButtonCacheMiddleware->handle(Object(Illuminate/Http/Request), Object(Closure))
#14 C:/Users/hamza/Desktop/PROYECTOS/APP/mightyfitness/fitness-backend/vendor/laravel/framework/src/Illuminate/Foundation/Http/Middleware/TransformsRequest.php(21): Illuminate/Pipeline/Pipeline->Illuminate/Pipeline/{closure}(Object(Illuminate/Http/Request))
#15 C:/Users/hamza/Desktop/PROYECTOS/APP/mightyfitness/fitness-backend/vendor/laravel/framework/src/Illuminate/Foundation/Http/Middleware/ConvertEmptyStringsToNull.php(31): Illuminate/Foundation/Http/Middleware/TransformsRequest->handle(Object(Illuminate/Http/Request), Object(Closure))
#16 C:/Users/hamza/Desktop/PROYECTOS/APP/mightyfitness/fitness-backend/vendor/laravel/framework/src/Illuminate/Pipeline/Pipeline.php(209): Illuminate/Foundation/Http/Middleware/ConvertEmptyStringsToNull->handle(Object(Illuminate/Http/Request), Object(Closure))
#17 C:/Users/hamza/Desktop/PROYECTOS/APP/mightyfitness/fitness-backend/vendor/laravel/framework/src/Illuminate/Foundation/Http/Middleware/TransformsRequest.php(21): Illuminate/Pipeline/Pipeline->Illuminate/Pipeline/{closure}(Object(Illuminate/Http/Request))
#18 C:/Users/hamza/Desktop/PROYECTOS/APP/mightyfitness/fitness-backend/vendor/laravel/framework/src/Illuminate/Foundation/Http/Middleware/TrimStrings.php(51): Illuminate/Foundation/Http/Middleware/TransformsRequest->handle(Object(Illuminate/Http/Request), Object(Closure))
#19 C:/Users/hamza/Desktop/PROYECTOS/APP/mightyfitness/fitness-backend/vendor/laravel/framework/src/Illuminate/Pipeline/Pipeline.php(209): Illuminate/Foundation/Http/Middleware/TrimStrings->handle(Object(Illuminate/Http/Request), Object(Closure))
#20 C:/Users/hamza/Desktop/PROYECTOS/APP/mightyfitness/fitness-backend/vendor/laravel/framework/src/Illuminate/Http/Middleware/ValidatePostSize.php(27): Illuminate/Pipeline/Pipeline->Illuminate/Pipeline/{closure}(Object(Illuminate/Http/Request))
#21 C:/Users/hamza/Desktop/PROYECTOS/APP/mightyfitness/fitness-backend/vendor/laravel/framework/src/Illuminate/Pipeline/Pipeline.php(209): Illuminate/Http/Middleware/ValidatePostSize->handle(Object(Illuminate/Http/Request), Object(Closure))
#22 C:/Users/hamza/Desktop/PROYECTOS/APP/mightyfitness/fitness-backend/vendor/laravel/framework/src/Illuminate/Foundation/Http/Middleware/PreventRequestsDuringMaintenance.php(110): Illuminate/Pipeline/Pipeline->Illuminate/Pipeline/{closure}(Object(Illuminate/Http/Request))
#23 C:/Users/hamza/Desktop/PROYECTOS/APP/mightyfitness/fitness-backend/vendor/laravel/framework/src/Illuminate/Pipeline/Pipeline.php(209): Illuminate/Foundation/Http/Middleware/PreventRequestsDuringMaintenance->handle(Object(Illuminate/Http/Request), Object(Closure))
#24 C:/Users/hamza/Desktop/PROYECTOS/APP/mightyfitness/fitness-backend/vendor/laravel/framework/src/Illuminate/Http/Middleware/HandleCors.php(62): Illuminate/Pipeline/Pipeline->Illuminate/Pipeline/{closure}(Object(Illuminate/Http/Request))
#25 C:/Users/hamza/Desktop/PROYECTOS/APP/mightyfitness/fitness-backend/vendor/laravel/framework/src/Illuminate/Pipeline/Pipeline.php(209): Illuminate/Http/Middleware/HandleCors->handle(Object(Illuminate/Http/Request), Object(Closure))
#26 C:/Users/hamza/Desktop/PROYECTOS/APP/mightyfitness/fitness-backend/vendor/laravel/framework/src/Illuminate/Pipeline/Pipeline.php(127): Illuminate/Pipeline/Pipeline->Illuminate/Pipeline/{closure}(Object(Illuminate/Http/Request))
#27 C:/Users/hamza/Desktop/PROYECTOS/APP/mightyfitness/fitness-backend/vendor/laravel/framework/src/Illuminate/Foundation/Http/Kernel.php(176): Illuminate/Pipeline/Pipeline->then(Object(Closure))
#28 C:/Users/hamza/Desktop/PROYECTOS/APP/mightyfitness/fitness-backend/vendor/laravel/framework/src/Illuminate/Foundation/Http/Kernel.php(145): Illuminate/Foundation/Http/Kernel->sendRequestThroughRouter(Object(Illuminate/Http/Request))
#29 C:/Users/hamza/Desktop/PROYECTOS/APP/mightyfitness/fitness-backend/public/index.php(51): Illuminate/Foundation/Http/Kernel->handle(Object(Illuminate/Http/Request))
#30 C:/Users/hamza/Desktop/PROYECTOS/APP/mightyfitness/fitness-backend/server.php(21): require_once('C://Users//hamza//...')
#31 {main}
"} 
[2026-07-29 13:45:17] local.ERROR: Class "App\Http\Controllers\API\BaseController" not found {"exception":"[object] (Error(code: 0): Class \"App\\Http\\Controllers\\API\\BaseController\" not found at C:/Users/hamza/Desktop/PROYECTOS/APP/mightyfitness/fitness-backend/app/Http/Controllers/API/Admin/ClientLimitationController.php:10)
[stacktrace]
#0 C:/Users/hamza/Desktop/PROYECTOS/APP/mightyfitness/fitness-backend/vendor/composer/ClassLoader.php(576): include()
#1 C:/Users/hamza/Desktop/PROYECTOS/APP/mightyfitness/fitness-backend/vendor/composer/ClassLoader.php(427): Composer/Autoload/{closure}('C://Users//hamza//...')
#2 [internal function]: Composer/Autoload/ClassLoader->loadClass('App//Http//Contro...')
#3 C:/Users/hamza/Desktop/PROYECTOS/APP/mightyfitness/fitness-backend/vendor/laravel/framework/src/Illuminate/Routing/Route.php(1117): is_a('App//Http//Contro...', 'Illuminate//Rout...', true)
#4 C:/Users/hamza/Desktop/PROYECTOS/APP/mightyfitness/fitness-backend/vendor/laravel/framework/src/Illuminate/Routing/Route.php(1054): Illuminate/Routing/Route->controllerMiddleware()
#5 C:/Users/hamza/Desktop/PROYECTOS/APP/mightyfitness/fitness-backend/vendor/laravel/framework/src/Illuminate/Routing/Router.php(820): Illuminate/Routing/Route->gatherMiddleware()
#6 C:/Users/hamza/Desktop/PROYECTOS/APP/mightyfitness/fitness-backend/vendor/laravel/framework/src/Illuminate/Routing/Router.php(802): Illuminate/Routing/Router->gatherRouteMiddleware(Object(Illuminate/Routing/Route))
#7 C:/Users/hamza/Desktop/PROYECTOS/APP/mightyfitness/fitness-backend/vendor/laravel/framework/src/Illuminate/Routing/Router.php(786): Illuminate/Routing/Router->runRouteWithinStack(Object(Illuminate/Routing/Route), Object(Illuminate/Http/Request))
#8 C:/Users/hamza/Desktop/PROYECTOS/APP/mightyfitness/fitness-backend/vendor/laravel/framework/src/Illuminate/Routing/Router.php(750): Illuminate/Routing/Router->runRoute(Object(Illuminate/Http/Request), Object(Illuminate/Routing/Route))
#9 C:/Users/hamza/Desktop/PROYECTOS/APP/mightyfitness/fitness-backend/vendor/laravel/framework/src/Illuminate/Routing/Router.php(739): Illuminate/Routing/Router->dispatchToRoute(Object(Illuminate/Http/Request))
#10 C:/Users/hamza/Desktop/PROYECTOS/APP/mightyfitness/fitness-backend/vendor/laravel/framework/src/Illuminate/Foundation/Http/Kernel.php(201): Illuminate/Routing/Router->dispatch(Object(Illuminate/Http/Request))
#11 C:/Users/hamza/Desktop/PROYECTOS/APP/mightyfitness/fitness-backend/vendor/laravel/framework/src/Illuminate/Pipeline/Pipeline.php(170): Illuminate/Foundation/Http/Kernel->Illuminate/Foundation/Http/{closure}(Object(Illuminate/Http/Request))
#12 C:/Users/hamza/Desktop/PROYECTOS/APP/mightyfitness/fitness-backend/vendor/livewire/livewire/src/Features/SupportDisablingBackButtonCache/DisableBackButtonCacheMiddleware.php(19): Illuminate/Pipeline/Pipeline->Illuminate/Pipeline/{closure}(Object(Illuminate/Http/Request))
#13 C:/Users/hamza/Desktop/PROYECTOS/APP/mightyfitness/fitness-backend/vendor/laravel/framework/src/Illuminate/Pipeline/Pipeline.php(209): Livewire/Features/SupportDisablingBackButtonCache/DisableBackButtonCacheMiddleware->handle(Object(Illuminate/Http/Request), Object(Closure))
#14 C:/Users/hamza/Desktop/PROYECTOS/APP/mightyfitness/fitness-backend/vendor/laravel/framework/src/Illuminate/Foundation/Http/Middleware/TransformsRequest.php(21): Illuminate/Pipeline/Pipeline->Illuminate/Pipeline/{closure}(Object(Illuminate/Http/Request))
#15 C:/Users/hamza/Desktop/PROYECTOS/APP/mightyfitness/fitness-backend/vendor/laravel/framework/src/Illuminate/Foundation/Http/Middleware/ConvertEmptyStringsToNull.php(31): Illuminate/Foundation/Http/Middleware/TransformsRequest->handle(Object(Illuminate/Http/Request), Object(Closure))
#16 C:/Users/hamza/Desktop/PROYECTOS/APP/mightyfitness/fitness-backend/vendor/laravel/framework/src/Illuminate/Pipeline/Pipeline.php(209): Illuminate/Foundation/Http/Middleware/ConvertEmptyStringsToNull->handle(Object(Illuminate/Http/Request), Object(Closure))
#17 C:/Users/hamza/Desktop/PROYECTOS/APP/mightyfitness/fitness-backend/vendor/laravel/framework/src/Illuminate/Foundation/Http/Middleware/TransformsRequest.php(21): Illuminate/Pipeline/Pipeline->Illuminate/Pipeline/{closure}(Object(Illuminate/Http/Request))
#18 C:/Users/hamza/Desktop/PROYECTOS/APP/mightyfitness/fitness-backend/vendor/laravel/framework/src/Illuminate/Foundation/Http/Middleware/TrimStrings.php(51): Illuminate/Foundation/Http/Middleware/TransformsRequest->handle(Object(Illuminate/Http/Request), Object(Closure))
#19 C:/Users/hamza/Desktop/PROYECTOS/APP/mightyfitness/fitness-backend/vendor/laravel/framework/src/Illuminate/Pipeline/Pipeline.php(209): Illuminate/Foundation/Http/Middleware/TrimStrings->handle(Object(Illuminate/Http/Request), Object(Closure))
#20 C:/Users/hamza/Desktop/PROYECTOS/APP/mightyfitness/fitness-backend/vendor/laravel/framework/src/Illuminate/Http/Middleware/ValidatePostSize.php(27): Illuminate/Pipeline/Pipeline->Illuminate/Pipeline/{closure}(Object(Illuminate/Http/Request))
#21 C:/Users/hamza/Desktop/PROYECTOS/APP/mightyfitness/fitness-backend/vendor/laravel/framework/src/Illuminate/Pipeline/Pipeline.php(209): Illuminate/Http/Middleware/ValidatePostSize->handle(Object(Illuminate/Http/Request), Object(Closure))
#22 C:/Users/hamza/Desktop/PROYECTOS/APP/mightyfitness/fitness-backend/vendor/laravel/framework/src/Illuminate/Foundation/Http/Middleware/PreventRequestsDuringMaintenance.php(110): Illuminate/Pipeline/Pipeline->Illuminate/Pipeline/{closure}(Object(Illuminate/Http/Request))
#23 C:/Users/hamza/Desktop/PROYECTOS/APP/mightyfitness/fitness-backend/vendor/laravel/framework/src/Illuminate/Pipeline/Pipeline.php(209): Illuminate/Foundation/Http/Middleware/PreventRequestsDuringMaintenance->handle(Object(Illuminate/Http/Request), Object(Closure))
#24 C:/Users/hamza/Desktop/PROYECTOS/APP/mightyfitness/fitness-backend/vendor/laravel/framework/src/Illuminate/Http/Middleware/HandleCors.php(62): Illuminate/Pipeline/Pipeline->Illuminate/Pipeline/{closure}(Object(Illuminate/Http/Request))
#25 C:/Users/hamza/Desktop/PROYECTOS/APP/mightyfitness/fitness-backend/vendor/laravel/framework/src/Illuminate/Pipeline/Pipeline.php(209): Illuminate/Http/Middleware/HandleCors->handle(Object(Illuminate/Http/Request), Object(Closure))
#26 C:/Users/hamza/Desktop/PROYECTOS/APP/mightyfitness/fitness-backend/vendor/laravel/framework/src/Illuminate/Pipeline/Pipeline.php(127): Illuminate/Pipeline/Pipeline->Illuminate/Pipeline/{closure}(Object(Illuminate/Http/Request))
#27 C:/Users/hamza/Desktop/PROYECTOS/APP/mightyfitness/fitness-backend/vendor/laravel/framework/src/Illuminate/Foundation/Http/Kernel.php(176): Illuminate/Pipeline/Pipeline->then(Object(Closure))
#28 C:/Users/hamza/Desktop/PROYECTOS/APP/mightyfitness/fitness-backend/vendor/laravel/framework/src/Illuminate/Foundation/Http/Kernel.php(145): Illuminate/Foundation/Http/Kernel->sendRequestThroughRouter(Object(Illuminate/Http/Request))
#29 C:/Users/hamza/Desktop/PROYECTOS/APP/mightyfitness/fitness-backend/public/index.php(51): Illuminate/Foundation/Http/Kernel->handle(Object(Illuminate/Http/Request))
#30 C:/Users/hamza/Desktop/PROYECTOS/APP/mightyfitness/fitness-backend/server.php(21): require_once('C://Users//hamza//...')
#31 {main}
"} 
[2026-07-29 13:45:17] local.ERROR: Class "App\Http\Controllers\API\BaseController" not found {"exception":"[object] (Error(code: 0): Class \"App\\Http\\Controllers\\API\\BaseController\" not found at C:/Users/hamza/Desktop/PROYECTOS/APP/mightyfitness/fitness-backend/app/Http/Controllers/API/Admin/ClientBodyMetricController.php:11)
[stacktrace]
#0 C:/Users/hamza/Desktop/PROYECTOS/APP/mightyfitness/fitness-backend/vendor/composer/ClassLoader.php(576): include()
#1 C:/Users/hamza/Desktop/PROYECTOS/APP/mightyfitness/fitness-backend/vendor/composer/ClassLoader.php(427): Composer/Autoload/{closure}('C://Users//hamza//...')
#2 [internal function]: Composer/Autoload/ClassLoader->loadClass('App//Http//Contro...')
#3 C:/Users/hamza/Desktop/PROYECTOS/APP/mightyfitness/fitness-backend/vendor/laravel/framework/src/Illuminate/Routing/Route.php(1117): is_a('App//Http//Contro...', 'Illuminate//Rout...', true)
#4 C:/Users/hamza/Desktop/PROYECTOS/APP/mightyfitness/fitness-backend/vendor/laravel/framework/src/Illuminate/Routing/Route.php(1054): Illuminate/Routing/Route->controllerMiddleware()
#5 C:/Users/hamza/Desktop/PROYECTOS/APP/mightyfitness/fitness-backend/vendor/laravel/framework/src/Illuminate/Routing/Router.php(820): Illuminate/Routing/Route->gatherMiddleware()
#6 C:/Users/hamza/Desktop/PROYECTOS/APP/mightyfitness/fitness-backend/vendor/laravel/framework/src/Illuminate/Routing/Router.php(802): Illuminate/Routing/Router->gatherRouteMiddleware(Object(Illuminate/Routing/Route))
#7 C:/Users/hamza/Desktop/PROYECTOS/APP/mightyfitness/fitness-backend/vendor/laravel/framework/src/Illuminate/Routing/Router.php(786): Illuminate/Routing/Router->runRouteWithinStack(Object(Illuminate/Routing/Route), Object(Illuminate/Http/Request))
#8 C:/Users/hamza/Desktop/PROYECTOS/APP/mightyfitness/fitness-backend/vendor/laravel/framework/src/Illuminate/Routing/Router.php(750): Illuminate/Routing/Router->runRoute(Object(Illuminate/Http/Request), Object(Illuminate/Routing/Route))
#9 C:/Users/hamza/Desktop/PROYECTOS/APP/mightyfitness/fitness-backend/vendor/laravel/framework/src/Illuminate/Routing/Router.php(739): Illuminate/Routing/Router->dispatchToRoute(Object(Illuminate/Http/Request))
#10 C:/Users/hamza/Desktop/PROYECTOS/APP/mightyfitness/fitness-backend/vendor/laravel/framework/src/Illuminate/Foundation/Http/Kernel.php(201): Illuminate/Routing/Router->dispatch(Object(Illuminate/Http/Request))
#11 C:/Users/hamza/Desktop/PROYECTOS/APP/mightyfitness/fitness-backend/vendor/laravel/framework/src/Illuminate/Pipeline/Pipeline.php(170): Illuminate/Foundation/Http/Kernel->Illuminate/Foundation/Http/{closure}(Object(Illuminate/Http/Request))
#12 C:/Users/hamza/Desktop/PROYECTOS/APP/mightyfitness/fitness-backend/vendor/livewire/livewire/src/Features/SupportDisablingBackButtonCache/DisableBackButtonCacheMiddleware.php(19): Illuminate/Pipeline/Pipeline->Illuminate/Pipeline/{closure}(Object(Illuminate/Http/Request))
#13 C:/Users/hamza/Desktop/PROYECTOS/APP/mightyfitness/fitness-backend/vendor/laravel/framework/src/Illuminate/Pipeline/Pipeline.php(209): Livewire/Features/SupportDisablingBackButtonCache/DisableBackButtonCacheMiddleware->handle(Object(Illuminate/Http/Request), Object(Closure))
#14 C:/Users/hamza/Desktop/PROYECTOS/APP/mightyfitness/fitness-backend/vendor/laravel/framework/src/Illuminate/Foundation/Http/Middleware/TransformsRequest.php(21): Illuminate/Pipeline/Pipeline->Illuminate/Pipeline/{closure}(Object(Illuminate/Http/Request))
#15 C:/Users/hamza/Desktop/PROYECTOS/APP/mightyfitness/fitness-backend/vendor/laravel/framework/src/Illuminate/Foundation/Http/Middleware/ConvertEmptyStringsToNull.php(31): Illuminate/Foundation/Http/Middleware/TransformsRequest->handle(Object(Illuminate/Http/Request), Object(Closure))
#16 C:/Users/hamza/Desktop/PROYECTOS/APP/mightyfitness/fitness-backend/vendor/laravel/framework/src/Illuminate/Pipeline/Pipeline.php(209): Illuminate/Foundation/Http/Middleware/ConvertEmptyStringsToNull->handle(Object(Illuminate/Http/Request), Object(Closure))
#17 C:/Users/hamza/Desktop/PROYECTOS/APP/mightyfitness/fitness-backend/vendor/laravel/framework/src/Illuminate/Foundation/Http/Middleware/TransformsRequest.php(21): Illuminate/Pipeline/Pipeline->Illuminate/Pipeline/{closure}(Object(Illuminate/Http/Request))
#18 C:/Users/hamza/Desktop/PROYECTOS/APP/mightyfitness/fitness-backend/vendor/laravel/framework/src/Illuminate/Foundation/Http/Middleware/TrimStrings.php(51): Illuminate/Foundation/Http/Middleware/TransformsRequest->handle(Object(Illuminate/Http/Request), Object(Closure))
#19 C:/Users/hamza/Desktop/PROYECTOS/APP/mightyfitness/fitness-backend/vendor/laravel/framework/src/Illuminate/Pipeline/Pipeline.php(209): Illuminate/Foundation/Http/Middleware/TrimStrings->handle(Object(Illuminate/Http/Request), Object(Closure))
#20 C:/Users/hamza/Desktop/PROYECTOS/APP/mightyfitness/fitness-backend/vendor/laravel/framework/src/Illuminate/Http/Middleware/ValidatePostSize.php(27): Illuminate/Pipeline/Pipeline->Illuminate/Pipeline/{closure}(Object(Illuminate/Http/Request))
#21 C:/Users/hamza/Desktop/PROYECTOS/APP/mightyfitness/fitness-backend/vendor/laravel/framework/src/Illuminate/Pipeline/Pipeline.php(209): Illuminate/Http/Middleware/ValidatePostSize->handle(Object(Illuminate/Http/Request), Object(Closure))
#22 C:/Users/hamza/Desktop/PROYECTOS/APP/mightyfitness/fitness-backend/vendor/laravel/framework/src/Illuminate/Foundation/Http/Middleware/PreventRequestsDuringMaintenance.php(110): Illuminate/Pipeline/Pipeline->Illuminate/Pipeline/{closure}(Object(Illuminate/Http/Request))
#23 C:/Users/hamza/Desktop/PROYECTOS/APP/mightyfitness/fitness-backend/vendor/laravel/framework/src/Illuminate/Pipeline/Pipeline.php(209): Illuminate/Foundation/Http/Middleware/PreventRequestsDuringMaintenance->handle(Object(Illuminate/Http/Request), Object(Closure))
#24 C:/Users/hamza/Desktop/PROYECTOS/APP/mightyfitness/fitness-backend/vendor/laravel/framework/src/Illuminate/Http/Middleware/HandleCors.php(62): Illuminate/Pipeline/Pipeline->Illuminate/Pipeline/{closure}(Object(Illuminate/Http/Request))
#25 C:/Users/hamza/Desktop/PROYECTOS/APP/mightyfitness/fitness-backend/vendor/laravel/framework/src/Illuminate/Pipeline/Pipeline.php(209): Illuminate/Http/Middleware/HandleCors->handle(Object(Illuminate/Http/Request), Object(Closure))
#26 C:/Users/hamza/Desktop/PROYECTOS/APP/mightyfitness/fitness-backend/vendor/laravel/framework/src/Illuminate/Pipeline/Pipeline.php(127): Illuminate/Pipeline/Pipeline->Illuminate/Pipeline/{closure}(Object(Illuminate/Http/Request))
#27 C:/Users/hamza/Desktop/PROYECTOS/APP/mightyfitness/fitness-backend/vendor/laravel/framework/src/Illuminate/Foundation/Http/Kernel.php(176): Illuminate/Pipeline/Pipeline->then(Object(Closure))
#28 C:/Users/hamza/Desktop/PROYECTOS/APP/mightyfitness/fitness-backend/vendor/laravel/framework/src/Illuminate/Foundation/Http/Kernel.php(145): Illuminate/Foundation/Http/Kernel->sendRequestThroughRouter(Object(Illuminate/Http/Request))
#29 C:/Users/hamza/Desktop/PROYECTOS/APP/mightyfitness/fitness-backend/public/index.php(51): Illuminate/Foundation/Http/Kernel->handle(Object(Illuminate/Http/Request))
#30 C:/Users/hamza/Desktop/PROYECTOS/APP/mightyfitness/fitness-backend/server.php(21): require_once('C://Users//hamza//...')
#31 {main}
"} 
[2026-07-29 13:45:17] local.ERROR: Class "App\Http\Controllers\API\BaseController" not found {"exception":"[object] (Error(code: 0): Class \"App\\Http\\Controllers\\API\\BaseController\" not found at C:/Users/hamza/Desktop/PROYECTOS/APP/mightyfitness/fitness-backend/app/Http/Controllers/API/Admin/ClientBodyMetricController.php:11)
[stacktrace]
#0 C:/Users/hamza/Desktop/PROYECTOS/APP/mightyfitness/fitness-backend/vendor/composer/ClassLoader.php(576): include()
#1 C:/Users/hamza/Desktop/PROYECTOS/APP/mightyfitness/fitness-backend/vendor/composer/ClassLoader.php(427): Composer/Autoload/{closure}('C://Users//hamza//...')
#2 [internal function]: Composer/Autoload/ClassLoader->loadClass('App//Http//Contro...')
#3 C:/Users/hamza/Desktop/PROYECTOS/APP/mightyfitness/fitness-backend/vendor/laravel/framework/src/Illuminate/Routing/Route.php(1117): is_a('App//Http//Contro...', 'Illuminate//Rout...', true)
#4 C:/Users/hamza/Desktop/PROYECTOS/APP/mightyfitness/fitness-backend/vendor/laravel/framework/src/Illuminate/Routing/Route.php(1054): Illuminate/Routing/Route->controllerMiddleware()
#5 C:/Users/hamza/Desktop/PROYECTOS/APP/mightyfitness/fitness-backend/vendor/laravel/framework/src/Illuminate/Routing/Router.php(820): Illuminate/Routing/Route->gatherMiddleware()
#6 C:/Users/hamza/Desktop/PROYECTOS/APP/mightyfitness/fitness-backend/vendor/laravel/framework/src/Illuminate/Routing/Router.php(802): Illuminate/Routing/Router->gatherRouteMiddleware(Object(Illuminate/Routing/Route))
#7 C:/Users/hamza/Desktop/PROYECTOS/APP/mightyfitness/fitness-backend/vendor/laravel/framework/src/Illuminate/Routing/Router.php(786): Illuminate/Routing/Router->runRouteWithinStack(Object(Illuminate/Routing/Route), Object(Illuminate/Http/Request))
#8 C:/Users/hamza/Desktop/PROYECTOS/APP/mightyfitness/fitness-backend/vendor/laravel/framework/src/Illuminate/Routing/Router.php(750): Illuminate/Routing/Router->runRoute(Object(Illuminate/Http/Request), Object(Illuminate/Routing/Route))
#9 C:/Users/hamza/Desktop/PROYECTOS/APP/mightyfitness/fitness-backend/vendor/laravel/framework/src/Illuminate/Routing/Router.php(739): Illuminate/Routing/Router->dispatchToRoute(Object(Illuminate/Http/Request))
#10 C:/Users/hamza/Desktop/PROYECTOS/APP/mightyfitness/fitness-backend/vendor/laravel/framework/src/Illuminate/Foundation/Http/Kernel.php(201): Illuminate/Routing/Router->dispatch(Object(Illuminate/Http/Request))
#11 C:/Users/hamza/Desktop/PROYECTOS/APP/mightyfitness/fitness-backend/vendor/laravel/framework/src/Illuminate/Pipeline/Pipeline.php(170): Illuminate/Foundation/Http/Kernel->Illuminate/Foundation/Http/{closure}(Object(Illuminate/Http/Request))
#12 C:/Users/hamza/Desktop/PROYECTOS/APP/mightyfitness/fitness-backend/vendor/livewire/livewire/src/Features/SupportDisablingBackButtonCache/DisableBackButtonCacheMiddleware.php(19): Illuminate/Pipeline/Pipeline->Illuminate/Pipeline/{closure}(Object(Illuminate/Http/Request))
#13 C:/Users/hamza/Desktop/PROYECTOS/APP/mightyfitness/fitness-backend/vendor/laravel/framework/src/Illuminate/Pipeline/Pipeline.php(209): Livewire/Features/SupportDisablingBackButtonCache/DisableBackButtonCacheMiddleware->handle(Object(Illuminate/Http/Request), Object(Closure))
#14 C:/Users/hamza/Desktop/PROYECTOS/APP/mightyfitness/fitness-backend/vendor/laravel/framework/src/Illuminate/Foundation/Http/Middleware/TransformsRequest.php(21): Illuminate/Pipeline/Pipeline->Illuminate/Pipeline/{closure}(Object(Illuminate/Http/Request))
#15 C:/Users/hamza/Desktop/PROYECTOS/APP/mightyfitness/fitness-backend/vendor/laravel/framework/src/Illuminate/Foundation/Http/Middleware/ConvertEmptyStringsToNull.php(31): Illuminate/Foundation/Http/Middleware/TransformsRequest->handle(Object(Illuminate/Http/Request), Object(Closure))
#16 C:/Users/hamza/Desktop/PROYECTOS/APP/mightyfitness/fitness-backend/vendor/laravel/framework/src/Illuminate/Pipeline/Pipeline.php(209): Illuminate/Foundation/Http/Middleware/ConvertEmptyStringsToNull->handle(Object(Illuminate/Http/Request), Object(Closure))
#17 C:/Users/hamza/Desktop/PROYECTOS/APP/mightyfitness/fitness-backend/vendor/laravel/framework/src/Illuminate/Foundation/Http/Middleware/TransformsRequest.php(21): Illuminate/Pipeline/Pipeline->Illuminate/Pipeline/{closure}(Object(Illuminate/Http/Request))
#18 C:/Users/hamza/Desktop/PROYECTOS/APP/mightyfitness/fitness-backend/vendor/laravel/framework/src/Illuminate/Foundation/Http/Middleware/TrimStrings.php(51): Illuminate/Foundation/Http/Middleware/TransformsRequest->handle(Object(Illuminate/Http/Request), Object(Closure))
#19 C:/Users/hamza/Desktop/PROYECTOS/APP/mightyfitness/fitness-backend/vendor/laravel/framework/src/Illuminate/Pipeline/Pipeline.php(209): Illuminate/Foundation/Http/Middleware/TrimStrings->handle(Object(Illuminate/Http/Request), Object(Closure))
#20 C:/Users/hamza/Desktop/PROYECTOS/APP/mightyfitness/fitness-backend/vendor/laravel/framework/src/Illuminate/Http/Middleware/ValidatePostSize.php(27): Illuminate/Pipeline/Pipeline->Illuminate/Pipeline/{closure}(Object(Illuminate/Http/Request))
#21 C:/Users/hamza/Desktop/PROYECTOS/APP/mightyfitness/fitness-backend/vendor/laravel/framework/src/Illuminate/Pipeline/Pipeline.php(209): Illuminate/Http/Middleware/ValidatePostSize->handle(Object(Illuminate/Http/Request), Object(Closure))
#22 C:/Users/hamza/Desktop/PROYECTOS/APP/mightyfitness/fitness-backend/vendor/laravel/framework/src/Illuminate/Foundation/Http/Middleware/PreventRequestsDuringMaintenance.php(110): Illuminate/Pipeline/Pipeline->Illuminate/Pipeline/{closure}(Object(Illuminate/Http/Request))
#23 C:/Users/hamza/Desktop/PROYECTOS/APP/mightyfitness/fitness-backend/vendor/laravel/framework/src/Illuminate/Pipeline/Pipeline.php(209): Illuminate/Foundation/Http/Middleware/PreventRequestsDuringMaintenance->handle(Object(Illuminate/Http/Request), Object(Closure))
#24 C:/Users/hamza/Desktop/PROYECTOS/APP/mightyfitness/fitness-backend/vendor/laravel/framework/src/Illuminate/Http/Middleware/HandleCors.php(62): Illuminate/Pipeline/Pipeline->Illuminate/Pipeline/{closure}(Object(Illuminate/Http/Request))
#25 C:/Users/hamza/Desktop/PROYECTOS/APP/mightyfitness/fitness-backend/vendor/laravel/framework/src/Illuminate/Pipeline/Pipeline.php(209): Illuminate/Http/Middleware/HandleCors->handle(Object(Illuminate/Http/Request), Object(Closure))
#26 C:/Users/hamza/Desktop/PROYECTOS/APP/mightyfitness/fitness-backend/vendor/laravel/framework/src/Illuminate/Pipeline/Pipeline.php(127): Illuminate/Pipeline/Pipeline->Illuminate/Pipeline/{closure}(Object(Illuminate/Http/Request))
#27 C:/Users/hamza/Desktop/PROYECTOS/APP/mightyfitness/fitness-backend/vendor/laravel/framework/src/Illuminate/Foundation/Http/Kernel.php(176): Illuminate/Pipeline/Pipeline->then(Object(Closure))
#28 C:/Users/hamza/Desktop/PROYECTOS/APP/mightyfitness/fitness-backend/vendor/laravel/framework/src/Illuminate/Foundation/Http/Kernel.php(145): Illuminate/Foundation/Http/Kernel->sendRequestThroughRouter(Object(Illuminate/Http/Request))
#29 C:/Users/hamza/Desktop/PROYECTOS/APP/mightyfitness/fitness-backend/public/index.php(51): Illuminate/Foundation/Http/Kernel->handle(Object(Illuminate/Http/Request))
#30 C:/Users/hamza/Desktop/PROYECTOS/APP/mightyfitness/fitness-backend/server.php(21): require_once('C://Users//hamza//...')
#31 {main}
"} 
