[2026-08-10 11:54:08] production.ERROR: SQLSTATE[42S22]: Column not found: 1054 Unknown column 'workout_day_id' in 'where clause' (Connection: mysql, SQL: select count(*) as aggregate from `user_exercises` where `user_id` = 8 and `workout_id` is null and `workout_day_id` is null) {"userId":8,"exception":"[object] (Illuminate\\Database\\QueryException(code: 42S22): SQLSTATE[42S22]: Column not found: 1054 Unknown column 'workout_day_id' in 'where clause' (Connection: mysql, SQL: select count(*) as aggregate from `user_exercises` where `user_id` = 8 and `workout_id` is null and `workout_day_id` is null) at /var/www/testapp/vendor/laravel/framework/src/Illuminate/Database/Connection.php:825)
[stacktrace]
#0 /var/www/testapp/vendor/laravel/framework/src/Illuminate/Database/Connection.php(779): Illuminate\\Database\\Connection->runQueryCallback()
#1 /var/www/testapp/vendor/laravel/framework/src/Illuminate/Database/Connection.php(398): Illuminate\\Database\\Connection->run()
#2 /var/www/testapp/vendor/laravel/framework/src/Illuminate/Database/Query/Builder.php(3106): Illuminate\\Database\\Connection->select()
#3 /var/www/testapp/vendor/laravel/framework/src/Illuminate/Database/Query/Builder.php(3091): Illuminate\\Database\\Query\\Builder->runSelect()
#4 /var/www/testapp/vendor/laravel/framework/src/Illuminate/Database/Query/Builder.php(3676): Illuminate\\Database\\Query\\Builder->Illuminate\\Database\\Query\\{closure}()
#5 /var/www/testapp/vendor/laravel/framework/src/Illuminate/Database/Query/Builder.php(3090): Illuminate\\Database\\Query\\Builder->onceWithColumns()
#6 /var/www/testapp/vendor/laravel/framework/src/Illuminate/Database/Query/Builder.php(3285): Illuminate\\Database\\Query\\Builder->get()
#7 /var/www/testapp/vendor/laravel/framework/src/Illuminate/Database/Query/Builder.php(3244): Illuminate\\Database\\Query\\Builder->runPaginationCountQuery()
#8 /var/www/testapp/vendor/laravel/framework/src/Illuminate/Database/Eloquent/Builder.php(1029): Illuminate\\Database\\Query\\Builder->getCountForPagination()
#9 /var/www/testapp/app/Http/Controllers/API/ExerciseController.php(126): Illuminate\\Database\\Eloquent\\Builder->paginate()
#10 /var/www/testapp/vendor/laravel/framework/src/Illuminate/Routing/Controller.php(54): App\\Http\\Controllers\\API\\ExerciseController->getUserExercise()
#11 /var/www/testapp/vendor/laravel/framework/src/Illuminate/Routing/ControllerDispatcher.php(44): Illuminate\\Routing\\Controller->callAction()
#12 /var/www/testapp/vendor/laravel/framework/src/Illuminate/Routing/Route.php(266): Illuminate\\Routing\\ControllerDispatcher->dispatch()
#13 /var/www/testapp/vendor/laravel/framework/src/Illuminate/Routing/Route.php(212): Illuminate\\Routing\\Route->runController()
#14 /var/www/testapp/vendor/laravel/framework/src/Illuminate/Routing/Router.php(808): Illuminate\\Routing\\Route->run()
#15 /var/www/testapp/vendor/laravel/framework/src/Illuminate/Pipeline/Pipeline.php(170): Illuminate\\Routing\\Router->Illuminate\\Routing\\{closure}()
#16 /var/www/testapp/app/Http/Middleware/API/CheckUserStatus.php(26): Illuminate\\Pipeline\\Pipeline->Illuminate\\Pipeline\\{closure}()
#17 /var/www/testapp/vendor/laravel/framework/src/Illuminate/Pipeline/Pipeline.php(209): App\\Http\\Middleware\\API\\CheckUserStatus->handle()
#18 /var/www/testapp/vendor/laravel/framework/src/Illuminate/Routing/Middleware/SubstituteBindings.php(51): Illuminate\\Pipeline\\Pipeline->Illuminate\\Pipeline\\{closure}()
#19 /var/www/testapp/vendor/laravel/framework/src/Illuminate/Pipeline/Pipeline.php(209): Illuminate\\Routing\\Middleware\\SubstituteBindings->handle()
#20 /var/www/testapp/vendor/laravel/framework/src/Illuminate/Routing/Middleware/ThrottleRequests.php(161): Illuminate\\Pipeline\\Pipeline->Illuminate\\Pipeline\\{closure}()
#21 /var/www/testapp/vendor/laravel/framework/src/Illuminate/Routing/Middleware/ThrottleRequests.php(127): Illuminate\\Routing\\Middleware\\ThrottleRequests->handleRequest()
#22 /var/www/testapp/vendor/laravel/framework/src/Illuminate/Routing/Middleware/ThrottleRequests.php(89): Illuminate\\Routing\\Middleware\\ThrottleRequests->handleRequestUsingNamedLimiter()
#23 /var/www/testapp/vendor/laravel/framework/src/Illuminate/Pipeline/Pipeline.php(209): Illuminate\\Routing\\Middleware\\ThrottleRequests->handle()
#24 /var/www/testapp/vendor/laravel/framework/src/Illuminate/Auth/Middleware/Authenticate.php(64): Illuminate\\Pipeline\\Pipeline->Illuminate\\Pipeline\\{closure}()
#25 /var/www/testapp/vendor/laravel/framework/src/Illuminate/Pipeline/Pipeline.php(209): Illuminate\\Auth\\Middleware\\Authenticate->handle()
#26 /var/www/testapp/vendor/laravel/framework/src/Illuminate/Pipeline/Pipeline.php(127): Illuminate\\Pipeline\\Pipeline->Illuminate\\Pipeline\\{closure}()
#27 /var/www/testapp/vendor/laravel/framework/src/Illuminate/Routing/Router.php(807): Illuminate\\Pipeline\\Pipeline->then()
#28 /var/www/testapp/vendor/laravel/framework/src/Illuminate/Routing/Router.php(786): Illuminate\\Routing\\Router->runRouteWithinStack()
#29 /var/www/testapp/vendor/laravel/framework/src/Illuminate/Routing/Router.php(750): Illuminate\\Routing\\Router->runRoute()
#30 /var/www/testapp/vendor/laravel/framework/src/Illuminate/Routing/Router.php(739): Illuminate\\Routing\\Router->dispatchToRoute()
#31 /var/www/testapp/vendor/laravel/framework/src/Illuminate/Foundation/Http/Kernel.php(201): Illuminate\\Routing\\Router->dispatch()
#32 /var/www/testapp/vendor/laravel/framework/src/Illuminate/Pipeline/Pipeline.php(170): Illuminate\\Foundation\\Http\\Kernel->Illuminate\\Foundation\\Http\\{closure}()
#33 /var/www/testapp/vendor/livewire/livewire/src/Features/SupportDisablingBackButtonCache/DisableBackButtonCacheMiddleware.php(19): Illuminate\\Pipeline\\Pipeline->Illuminate\\Pipeline\\{closure}()
#34 /var/www/testapp/vendor/laravel/framework/src/Illuminate/Pipeline/Pipeline.php(209): Livewire\\Features\\SupportDisablingBackButtonCache\\DisableBackButtonCacheMiddleware->handle()
#35 /var/www/testapp/vendor/laravel/framework/src/Illuminate/Foundation/Http/Middleware/TransformsRequest.php(21): Illuminate\\Pipeline\\Pipeline->Illuminate\\Pipeline\\{closure}()
#36 /var/www/testapp/vendor/laravel/framework/src/Illuminate/Foundation/Http/Middleware/ConvertEmptyStringsToNull.php(31): Illuminate\\Foundation\\Http\\Middleware\\TransformsRequest->handle()
#37 /var/www/testapp/vendor/laravel/framework/src/Illuminate/Pipeline/Pipeline.php(209): Illuminate\\Foundation\\Http\\Middleware\\ConvertEmptyStringsToNull->handle()
#38 /var/www/testapp/vendor/laravel/framework/src/Illuminate/Foundation/Http/Middleware/TransformsRequest.php(21): Illuminate\\Pipeline\\Pipeline->Illuminate\\Pipeline\\{closure}()
#39 /var/www/testapp/vendor/laravel/framework/src/Illuminate/Foundation/Http/Middleware/TrimStrings.php(51): Illuminate\\Foundation\\Http\\Middleware\\TransformsRequest->handle()
#40 /var/www/testapp/vendor/laravel/framework/src/Illuminate/Pipeline/Pipeline.php(209): Illuminate\\Foundation\\Http\\Middleware\\TrimStrings->handle()
#41 /var/www/testapp/vendor/laravel/framework/src/Illuminate/Http/Middleware/ValidatePostSize.php(27): Illuminate\\Pipeline\\Pipeline->Illuminate\\Pipeline\\{closure}()
#42 /var/www/testapp/vendor/laravel/framework/src/Illuminate/Pipeline/Pipeline.php(209): Illuminate\\Http\\Middleware\\ValidatePostSize->handle()
#43 /var/www/testapp/vendor/laravel/framework/src/Illuminate/Foundation/Http/Middleware/PreventRequestsDuringMaintenance.php(110): Illuminate\\Pipeline\\Pipeline->Illuminate\\Pipeline\\{closure}()
#44 /var/www/testapp/vendor/laravel/framework/src/Illuminate/Pipeline/Pipeline.php(209): Illuminate\\Foundation\\Http\\Middleware\\PreventRequestsDuringMaintenance->handle()
#45 /var/www/testapp/vendor/laravel/framework/src/Illuminate/Http/Middleware/HandleCors.php(62): Illuminate\\Pipeline\\Pipeline->Illuminate\\Pipeline\\{closure}()
#46 /var/www/testapp/vendor/laravel/framework/src/Illuminate/Pipeline/Pipeline.php(209): Illuminate\\Http\\Middleware\\HandleCors->handle()
#47 /var/www/testapp/vendor/laravel/framework/src/Illuminate/Pipeline/Pipeline.php(127): Illuminate\\Pipeline\\Pipeline->Illuminate\\Pipeline\\{closure}()
#48 /var/www/testapp/vendor/laravel/framework/src/Illuminate/Foundation/Http/Kernel.php(176): Illuminate\\Pipeline\\Pipeline->then()
#49 /var/www/testapp/vendor/laravel/framework/src/Illuminate/Foundation/Http/Kernel.php(145): Illuminate\\Foundation\\Http\\Kernel->sendRequestThroughRouter()
#50 /var/www/testapp/public/index.php(51): Illuminate\\Foundation\\Http\\Kernel->handle()
#51 {main}

[previous exception] [object] (PDOException(code: 42S22): SQLSTATE[42S22]: Column not found: 1054 Unknown column 'workout_day_id' in 'where clause' at /var/www/testapp/vendor/laravel/framework/src/Illuminate/Database/Connection.php:407)
[stacktrace]
#0 /var/www/testapp/vendor/laravel/framework/src/Illuminate/Database/Connection.php(407): PDO->prepare()
#1 /var/www/testapp/vendor/laravel/framework/src/Illuminate/Database/Connection.php(812): Illuminate\\Database\\Connection->Illuminate\\Database\\{closure}()
#2 /var/www/testapp/vendor/laravel/framework/src/Illuminate/Database/Connection.php(779): Illuminate\\Database\\Connection->runQueryCallback()
#3 /var/www/testapp/vendor/laravel/framework/src/Illuminate/Database/Connection.php(398): Illuminate\\Database\\Connection->run()
#4 /var/www/testapp/vendor/laravel/framework/src/Illuminate/Database/Query/Builder.php(3106): Illuminate\\Database\\Connection->select()
#5 /var/www/testapp/vendor/laravel/framework/src/Illuminate/Database/Query/Builder.php(3091): Illuminate\\Database\\Query\\Builder->runSelect()
#6 /var/www/testapp/vendor/laravel/framework/src/Illuminate/Database/Query/Builder.php(3676): Illuminate\\Database\\Query\\Builder->Illuminate\\Database\\Query\\{closure}()
#7 /var/www/testapp/vendor/laravel/framework/src/Illuminate/Database/Query/Builder.php(3090): Illuminate\\Database\\Query\\Builder->onceWithColumns()
#8 /var/www/testapp/vendor/laravel/framework/src/Illuminate/Database/Query/Builder.php(3285): Illuminate\\Database\\Query\\Builder->get()
#9 /var/www/testapp/vendor/laravel/framework/src/Illuminate/Database/Query/Builder.php(3244): Illuminate\\Database\\Query\\Builder->runPaginationCountQuery()
#10 /var/www/testapp/vendor/laravel/framework/src/Illuminate/Database/Eloquent/Builder.php(1029): Illuminate\\Database\\Query\\Builder->getCountForPagination()
#11 /var/www/testapp/app/Http/Controllers/API/ExerciseController.php(126): Illuminate\\Database\\Eloquent\\Builder->paginate()
#12 /var/www/testapp/vendor/laravel/framework/src/Illuminate/Routing/Controller.php(54): App\\Http\\Controllers\\API\\ExerciseController->getUserExercise()
#13 /var/www/testapp/vendor/laravel/framework/src/Illuminate/Routing/ControllerDispatcher.php(44): Illuminate\\Routing\\Controller->callAction()
#14 /var/www/testapp/vendor/laravel/framework/src/Illuminate/Routing/Route.php(266): Illuminate\\Routing\\ControllerDispatcher->dispatch()
#15 /var/www/testapp/vendor/laravel/framework/src/Illuminate/Routing/Route.php(212): Illuminate\\Routing\\Route->runController()
#16 /var/www/testapp/vendor/laravel/framework/src/Illuminate/Routing/Router.php(808): Illuminate\\Routing\\Route->run()
#17 /var/www/testapp/vendor/laravel/framework/src/Illuminate/Pipeline/Pipeline.php(170): Illuminate\\Routing\\Router->Illuminate\\Routing\\{closure}()
#18 /var/www/testapp/app/Http/Middleware/API/CheckUserStatus.php(26): Illuminate\\Pipeline\\Pipeline->Illuminate\\Pipeline\\{closure}()
#19 /var/www/testapp/vendor/laravel/framework/src/Illuminate/Pipeline/Pipeline.php(209): App\\Http\\Middleware\\API\\CheckUserStatus->handle()
#20 /var/www/testapp/vendor/laravel/framework/src/Illuminate/Routing/Middleware/SubstituteBindings.php(51): Illuminate\\Pipeline\\Pipeline->Illuminate\\Pipeline\\{closure}()
#21 /var/www/testapp/vendor/laravel/framework/src/Illuminate/Pipeline/Pipeline.php(209): Illuminate\\Routing\\Middleware\\SubstituteBindings->handle()
#22 /var/www/testapp/vendor/laravel/framework/src/Illuminate/Routing/Middleware/ThrottleRequests.php(161): Illuminate\\Pipeline\\Pipeline->Illuminate\\Pipeline\\{closure}()
#23 /var/www/testapp/vendor/laravel/framework/src/Illuminate/Routing/Middleware/ThrottleRequests.php(127): Illuminate\\Routing\\Middleware\\ThrottleRequests->handleRequest()
#24 /var/www/testapp/vendor/laravel/framework/src/Illuminate/Routing/Middleware/ThrottleRequests.php(89): Illuminate\\Routing\\Middleware\\ThrottleRequests->handleRequestUsingNamedLimiter()
#25 /var/www/testapp/vendor/laravel/framework/src/Illuminate/Pipeline/Pipeline.php(209): Illuminate\\Routing\\Middleware\\ThrottleRequests->handle()
#26 /var/www/testapp/vendor/laravel/framework/src/Illuminate/Auth/Middleware/Authenticate.php(64): Illuminate\\Pipeline\\Pipeline->Illuminate\\Pipeline\\{closure}()
#27 /var/www/testapp/vendor/laravel/framework/src/Illuminate/Pipeline/Pipeline.php(209): Illuminate\\Auth\\Middleware\\Authenticate->handle()
#28 /var/www/testapp/vendor/laravel/framework/src/Illuminate/Pipeline/Pipeline.php(127): Illuminate\\Pipeline\\Pipeline->Illuminate\\Pipeline\\{closure}()
#29 /var/www/testapp/vendor/laravel/framework/src/Illuminate/Routing/Router.php(807): Illuminate\\Pipeline\\Pipeline->then()
#30 /var/www/testapp/vendor/laravel/framework/src/Illuminate/Routing/Router.php(786): Illuminate\\Routing\\Router->runRouteWithinStack()
#31 /var/www/testapp/vendor/laravel/framework/src/Illuminate/Routing/Router.php(750): Illuminate\\Routing\\Router->runRoute()
#32 /var/www/testapp/vendor/laravel/framework/src/Illuminate/Routing/Router.php(739): Illuminate\\Routing\\Router->dispatchToRoute()
#33 /var/www/testapp/vendor/laravel/framework/src/Illuminate/Foundation/Http/Kernel.php(201): Illuminate\\Routing\\Router->dispatch()
#34 /var/www/testapp/vendor/laravel/framework/src/Illuminate/Pipeline/Pipeline.php(170): Illuminate\\Foundation\\Http\\Kernel->Illuminate\\Foundation\\Http\\{closure}()
#35 /var/www/testapp/vendor/livewire/livewire/src/Features/SupportDisablingBackButtonCache/DisableBackButtonCacheMiddleware.php(19): Illuminate\\Pipeline\\Pipeline->Illuminate\\Pipeline\\{closure}()
#36 /var/www/testapp/vendor/laravel/framework/src/Illuminate/Pipeline/Pipeline.php(209): Livewire\\Features\\SupportDisablingBackButtonCache\\DisableBackButtonCacheMiddleware->handle()
#37 /var/www/testapp/vendor/laravel/framework/src/Illuminate/Foundation/Http/Middleware/TransformsRequest.php(21): Illuminate\\Pipeline\\Pipeline->Illuminate\\Pipeline\\{closure}()
#38 /var/www/testapp/vendor/laravel/framework/src/Illuminate/Foundation/Http/Middleware/ConvertEmptyStringsToNull.php(31): Illuminate\\Foundation\\Http\\Middleware\\TransformsRequest->handle()
#39 /var/www/testapp/vendor/laravel/framework/src/Illuminate/Pipeline/Pipeline.php(209): Illuminate\\Foundation\\Http\\Middleware\\ConvertEmptyStringsToNull->handle()
#40 /var/www/testapp/vendor/laravel/framework/src/Illuminate/Foundation/Http/Middleware/TransformsRequest.php(21): Illuminate\\Pipeline\\Pipeline->Illuminate\\Pipeline\\{closure}()
#41 /var/www/testapp/vendor/laravel/framework/src/Illuminate/Foundation/Http/Middleware/TrimStrings.php(51): Illuminate\\Foundation\\Http\\Middleware\\TransformsRequest->handle()
#42 /var/www/testapp/vendor/laravel/framework/src/Illuminate/Pipeline/Pipeline.php(209): Illuminate\\Foundation\\Http\\Middleware\\TrimStrings->handle()
#43 /var/www/testapp/vendor/laravel/framework/src/Illuminate/Http/Middleware/ValidatePostSize.php(27): Illuminate\\Pipeline\\Pipeline->Illuminate\\Pipeline\\{closure}()
#44 /var/www/testapp/vendor/laravel/framework/src/Illuminate/Pipeline/Pipeline.php(209): Illuminate\\Http\\Middleware\\ValidatePostSize->handle()
#45 /var/www/testapp/vendor/laravel/framework/src/Illuminate/Foundation/Http/Middleware/PreventRequestsDuringMaintenance.php(110): Illuminate\\Pipeline\\Pipeline->Illuminate\\Pipeline\\{closure}()
#46 /var/www/testapp/vendor/laravel/framework/src/Illuminate/Pipeline/Pipeline.php(209): Illuminate\\Foundation\\Http\\Middleware\\PreventRequestsDuringMaintenance->handle()
#47 /var/www/testapp/vendor/laravel/framework/src/Illuminate/Http/Middleware/HandleCors.php(62): Illuminate\\Pipeline\\Pipeline->Illuminate\\Pipeline\\{closure}()
#48 /var/www/testapp/vendor/laravel/framework/src/Illuminate/Pipeline/Pipeline.php(209): Illuminate\\Http\\Middleware\\HandleCors->handle()
#49 /var/www/testapp/vendor/laravel/framework/src/Illuminate/Pipeline/Pipeline.php(127): Illuminate\\Pipeline\\Pipeline->Illuminate\\Pipeline\\{closure}()
#50 /var/www/testapp/vendor/laravel/framework/src/Illuminate/Foundation/Http/Kernel.php(176): Illuminate\\Pipeline\\Pipeline->then()
#51 /var/www/testapp/vendor/laravel/framework/src/Illuminate/Foundation/Http/Kernel.php(145): Illuminate\\Foundation\\Http\\Kernel->sendRequestThroughRouter()
#52 /var/www/testapp/public/index.php(51): Illuminate\\Foundation\\Http\\Kernel->handle()
#53 {main}
"} 
[2026-08-10 13:42:31] production.ERROR: PHP Parse error: Syntax error, unexpected T_NS_SEPARATOR, expecting T_VARIABLE on line 1 {"exception":"[object] (Psy\\Exception\\ParseErrorException(code: 0): PHP Parse error: Syntax error, unexpected T_NS_SEPARATOR, expecting T_VARIABLE on line 1 at /var/www/testapp/vendor/psy/psysh/src/Exception/ParseErrorException.php:44)
[stacktrace]
#0 /var/www/testapp/vendor/psy/psysh/src/CodeCleaner.php(657): Psy\\Exception\\ParseErrorException::fromParseError()
#1 /var/www/testapp/vendor/psy/psysh/src/CodeCleaner.php(273): Psy\\CodeCleaner->parse()
#2 /var/www/testapp/vendor/psy/psysh/src/Shell.php(1358): Psy\\CodeCleaner->clean()
#3 /var/www/testapp/vendor/psy/psysh/src/Shell.php(1465): Psy\\Shell->appendCode()
#4 /var/www/testapp/vendor/psy/psysh/src/Shell.php(2173): Psy\\Shell->setCode()
#5 /var/www/testapp/vendor/laravel/tinker/src/Console/TinkerCommand.php(77): Psy\\Shell->execute()
#6 /var/www/testapp/vendor/laravel/framework/src/Illuminate/Container/BoundMethod.php(36): Laravel\\Tinker\\Console\\TinkerCommand->handle()
#7 /var/www/testapp/vendor/laravel/framework/src/Illuminate/Container/Util.php(43): Illuminate\\Container\\BoundMethod::Illuminate\\Container\\{closure}()
#8 /var/www/testapp/vendor/laravel/framework/src/Illuminate/Container/BoundMethod.php(95): Illuminate\\Container\\Util::unwrapIfClosure()
#9 /var/www/testapp/vendor/laravel/framework/src/Illuminate/Container/BoundMethod.php(35): Illuminate\\Container\\BoundMethod::callBoundMethod()
#10 /var/www/testapp/vendor/laravel/framework/src/Illuminate/Container/Container.php(696): Illuminate\\Container\\BoundMethod::call()
#11 /var/www/testapp/vendor/laravel/framework/src/Illuminate/Console/Command.php(213): Illuminate\\Container\\Container->call()
#12 /var/www/testapp/vendor/symfony/console/Command/Command.php(341): Illuminate\\Console\\Command->execute()
#13 /var/www/testapp/vendor/laravel/framework/src/Illuminate/Console/Command.php(182): Symfony\\Component\\Console\\Command\\Command->run()
#14 /var/www/testapp/vendor/symfony/console/Application.php(1117): Illuminate\\Console\\Command->run()
#15 /var/www/testapp/vendor/symfony/console/Application.php(356): Symfony\\Component\\Console\\Application->doRunCommand()
#16 /var/www/testapp/vendor/symfony/console/Application.php(195): Symfony\\Component\\Console\\Application->doRun()
#17 /var/www/testapp/vendor/laravel/framework/src/Illuminate/Foundation/Console/Kernel.php(198): Symfony\\Component\\Console\\Application->run()
#18 /var/www/testapp/artisan(35): Illuminate\\Foundation\\Console\\Kernel->handle()
#19 {main}
"} 
[2026-08-10 14:08:21] production.ERROR: PHP Parse error: Syntax error, unexpected T_NS_SEPARATOR on line 1 {"exception":"[object] (Psy\\Exception\\ParseErrorException(code: 0): PHP Parse error: Syntax error, unexpected T_NS_SEPARATOR on line 1 at /var/www/testapp/vendor/psy/psysh/src/Exception/ParseErrorException.php:44)
[stacktrace]
#0 /var/www/testapp/vendor/psy/psysh/src/CodeCleaner.php(657): Psy\\Exception\\ParseErrorException::fromParseError()
#1 /var/www/testapp/vendor/psy/psysh/src/CodeCleaner.php(273): Psy\\CodeCleaner->parse()
#2 /var/www/testapp/vendor/psy/psysh/src/Shell.php(1358): Psy\\CodeCleaner->clean()
#3 /var/www/testapp/vendor/psy/psysh/src/Shell.php(1465): Psy\\Shell->appendCode()
#4 /var/www/testapp/vendor/psy/psysh/src/Shell.php(2173): Psy\\Shell->setCode()
#5 /var/www/testapp/vendor/laravel/tinker/src/Console/TinkerCommand.php(77): Psy\\Shell->execute()
#6 /var/www/testapp/vendor/laravel/framework/src/Illuminate/Container/BoundMethod.php(36): Laravel\\Tinker\\Console\\TinkerCommand->handle()
#7 /var/www/testapp/vendor/laravel/framework/src/Illuminate/Container/Util.php(43): Illuminate\\Container\\BoundMethod::Illuminate\\Container\\{closure}()
#8 /var/www/testapp/vendor/laravel/framework/src/Illuminate/Container/BoundMethod.php(95): Illuminate\\Container\\Util::unwrapIfClosure()
#9 /var/www/testapp/vendor/laravel/framework/src/Illuminate/Container/BoundMethod.php(35): Illuminate\\Container\\BoundMethod::callBoundMethod()
#10 /var/www/testapp/vendor/laravel/framework/src/Illuminate/Container/Container.php(696): Illuminate\\Container\\BoundMethod::call()
#11 /var/www/testapp/vendor/laravel/framework/src/Illuminate/Console/Command.php(213): Illuminate\\Container\\Container->call()
#12 /var/www/testapp/vendor/symfony/console/Command/Command.php(341): Illuminate\\Console\\Command->execute()
#13 /var/www/testapp/vendor/laravel/framework/src/Illuminate/Console/Command.php(182): Symfony\\Component\\Console\\Command\\Command->run()
#14 /var/www/testapp/vendor/symfony/console/Application.php(1117): Illuminate\\Console\\Command->run()
#15 /var/www/testapp/vendor/symfony/console/Application.php(356): Symfony\\Component\\Console\\Application->doRunCommand()
#16 /var/www/testapp/vendor/symfony/console/Application.php(195): Symfony\\Component\\Console\\Application->doRun()
#17 /var/www/testapp/vendor/laravel/framework/src/Illuminate/Foundation/Console/Kernel.php(198): Symfony\\Component\\Console\\Application->run()
#18 /var/www/testapp/artisan(35): Illuminate\\Foundation\\Console\\Kernel->handle()
#19 {main}
"} 
[2026-08-10 15:07:24] production.ERROR: Undefined array key "date" {"userId":8,"exception":"[object] (ErrorException(code: 0): Undefined array key \"date\" at /var/www/testapp/app/Http/Controllers/API/UserDailyGoalController.php:169)
[stacktrace]
#0 /var/www/testapp/vendor/laravel/framework/src/Illuminate/Foundation/Bootstrap/HandleExceptions.php(258): Illuminate\\Foundation\\Bootstrap\\HandleExceptions->handleError()
#1 /var/www/testapp/app/Http/Controllers/API/UserDailyGoalController.php(169): Illuminate\\Foundation\\Bootstrap\\HandleExceptions->Illuminate\\Foundation\\Bootstrap\\{closure}()
#2 /var/www/testapp/vendor/laravel/framework/src/Illuminate/Routing/Controller.php(54): App\\Http\\Controllers\\API\\UserDailyGoalController->saveDailyStepsGoal()
#3 /var/www/testapp/vendor/laravel/framework/src/Illuminate/Routing/ControllerDispatcher.php(44): Illuminate\\Routing\\Controller->callAction()
#4 /var/www/testapp/vendor/laravel/framework/src/Illuminate/Routing/Route.php(266): Illuminate\\Routing\\ControllerDispatcher->dispatch()
#5 /var/www/testapp/vendor/laravel/framework/src/Illuminate/Routing/Route.php(212): Illuminate\\Routing\\Route->runController()
#6 /var/www/testapp/vendor/laravel/framework/src/Illuminate/Routing/Router.php(808): Illuminate\\Routing\\Route->run()
#7 /var/www/testapp/vendor/laravel/framework/src/Illuminate/Pipeline/Pipeline.php(170): Illuminate\\Routing\\Router->Illuminate\\Routing\\{closure}()
#8 /var/www/testapp/app/Http/Middleware/API/CheckUserStatus.php(26): Illuminate\\Pipeline\\Pipeline->Illuminate\\Pipeline\\{closure}()
#9 /var/www/testapp/vendor/laravel/framework/src/Illuminate/Pipeline/Pipeline.php(209): App\\Http\\Middleware\\API\\CheckUserStatus->handle()
#10 /var/www/testapp/vendor/laravel/framework/src/Illuminate/Routing/Middleware/SubstituteBindings.php(51): Illuminate\\Pipeline\\Pipeline->Illuminate\\Pipeline\\{closure}()
#11 /var/www/testapp/vendor/laravel/framework/src/Illuminate/Pipeline/Pipeline.php(209): Illuminate\\Routing\\Middleware\\SubstituteBindings->handle()
#12 /var/www/testapp/vendor/laravel/framework/src/Illuminate/Routing/Middleware/ThrottleRequests.php(161): Illuminate\\Pipeline\\Pipeline->Illuminate\\Pipeline\\{closure}()
#13 /var/www/testapp/vendor/laravel/framework/src/Illuminate/Routing/Middleware/ThrottleRequests.php(127): Illuminate\\Routing\\Middleware\\ThrottleRequests->handleRequest()
#14 /var/www/testapp/vendor/laravel/framework/src/Illuminate/Routing/Middleware/ThrottleRequests.php(89): Illuminate\\Routing\\Middleware\\ThrottleRequests->handleRequestUsingNamedLimiter()
#15 /var/www/testapp/vendor/laravel/framework/src/Illuminate/Pipeline/Pipeline.php(209): Illuminate\\Routing\\Middleware\\ThrottleRequests->handle()
#16 /var/www/testapp/vendor/laravel/framework/src/Illuminate/Auth/Middleware/Authenticate.php(64): Illuminate\\Pipeline\\Pipeline->Illuminate\\Pipeline\\{closure}()
#17 /var/www/testapp/vendor/laravel/framework/src/Illuminate/Pipeline/Pipeline.php(209): Illuminate\\Auth\\Middleware\\Authenticate->handle()
#18 /var/www/testapp/vendor/laravel/framework/src/Illuminate/Pipeline/Pipeline.php(127): Illuminate\\Pipeline\\Pipeline->Illuminate\\Pipeline\\{closure}()
#19 /var/www/testapp/vendor/laravel/framework/src/Illuminate/Routing/Router.php(807): Illuminate\\Pipeline\\Pipeline->then()
#20 /var/www/testapp/vendor/laravel/framework/src/Illuminate/Routing/Router.php(786): Illuminate\\Routing\\Router->runRouteWithinStack()
#21 /var/www/testapp/vendor/laravel/framework/src/Illuminate/Routing/Router.php(750): Illuminate\\Routing\\Router->runRoute()
#22 /var/www/testapp/vendor/laravel/framework/src/Illuminate/Routing/Router.php(739): Illuminate\\Routing\\Router->dispatchToRoute()
#23 /var/www/testapp/vendor/laravel/framework/src/Illuminate/Foundation/Http/Kernel.php(201): Illuminate\\Routing\\Router->dispatch()
#24 /var/www/testapp/vendor/laravel/framework/src/Illuminate/Pipeline/Pipeline.php(170): Illuminate\\Foundation\\Http\\Kernel->Illuminate\\Foundation\\Http\\{closure}()
#25 /var/www/testapp/vendor/livewire/livewire/src/Features/SupportDisablingBackButtonCache/DisableBackButtonCacheMiddleware.php(19): Illuminate\\Pipeline\\Pipeline->Illuminate\\Pipeline\\{closure}()
#26 /var/www/testapp/vendor/laravel/framework/src/Illuminate/Pipeline/Pipeline.php(209): Livewire\\Features\\SupportDisablingBackButtonCache\\DisableBackButtonCacheMiddleware->handle()
#27 /var/www/testapp/vendor/laravel/framework/src/Illuminate/Foundation/Http/Middleware/TransformsRequest.php(21): Illuminate\\Pipeline\\Pipeline->Illuminate\\Pipeline\\{closure}()
#28 /var/www/testapp/vendor/laravel/framework/src/Illuminate/Foundation/Http/Middleware/ConvertEmptyStringsToNull.php(31): Illuminate\\Foundation\\Http\\Middleware\\TransformsRequest->handle()
#29 /var/www/testapp/vendor/laravel/framework/src/Illuminate/Pipeline/Pipeline.php(209): Illuminate\\Foundation\\Http\\Middleware\\ConvertEmptyStringsToNull->handle()
#30 /var/www/testapp/vendor/laravel/framework/src/Illuminate/Foundation/Http/Middleware/TransformsRequest.php(21): Illuminate\\Pipeline\\Pipeline->Illuminate\\Pipeline\\{closure}()
#31 /var/www/testapp/vendor/laravel/framework/src/Illuminate/Foundation/Http/Middleware/TrimStrings.php(51): Illuminate\\Foundation\\Http\\Middleware\\TransformsRequest->handle()
#32 /var/www/testapp/vendor/laravel/framework/src/Illuminate/Pipeline/Pipeline.php(209): Illuminate\\Foundation\\Http\\Middleware\\TrimStrings->handle()
#33 /var/www/testapp/vendor/laravel/framework/src/Illuminate/Http/Middleware/ValidatePostSize.php(27): Illuminate\\Pipeline\\Pipeline->Illuminate\\Pipeline\\{closure}()
#34 /var/www/testapp/vendor/laravel/framework/src/Illuminate/Pipeline/Pipeline.php(209): Illuminate\\Http\\Middleware\\ValidatePostSize->handle()
#35 /var/www/testapp/vendor/laravel/framework/src/Illuminate/Foundation/Http/Middleware/PreventRequestsDuringMaintenance.php(110): Illuminate\\Pipeline\\Pipeline->Illuminate\\Pipeline\\{closure}()
#36 /var/www/testapp/vendor/laravel/framework/src/Illuminate/Pipeline/Pipeline.php(209): Illuminate\\Foundation\\Http\\Middleware\\PreventRequestsDuringMaintenance->handle()
#37 /var/www/testapp/vendor/laravel/framework/src/Illuminate/Http/Middleware/HandleCors.php(62): Illuminate\\Pipeline\\Pipeline->Illuminate\\Pipeline\\{closure}()
#38 /var/www/testapp/vendor/laravel/framework/src/Illuminate/Pipeline/Pipeline.php(209): Illuminate\\Http\\Middleware\\HandleCors->handle()
#39 /var/www/testapp/vendor/laravel/framework/src/Illuminate/Pipeline/Pipeline.php(127): Illuminate\\Pipeline\\Pipeline->Illuminate\\Pipeline\\{closure}()
#40 /var/www/testapp/vendor/laravel/framework/src/Illuminate/Foundation/Http/Kernel.php(176): Illuminate\\Pipeline\\Pipeline->then()
#41 /var/www/testapp/vendor/laravel/framework/src/Illuminate/Foundation/Http/Kernel.php(145): Illuminate\\Foundation\\Http\\Kernel->sendRequestThroughRouter()
#42 /var/www/testapp/public/index.php(51): Illuminate\\Foundation\\Http\\Kernel->handle()
#43 {main}
"} 
[2026-08-10 15:07:57] production.ERROR: PHP Parse error: Syntax error, unexpected T_NS_SEPARATOR on line 2 {"exception":"[object] (Psy\\Exception\\ParseErrorException(code: 0): PHP Parse error: Syntax error, unexpected T_NS_SEPARATOR on line 2 at /var/www/testapp/vendor/psy/psysh/src/Exception/ParseErrorException.php:44)
[stacktrace]
#0 /var/www/testapp/vendor/psy/psysh/src/CodeCleaner.php(657): Psy\\Exception\\ParseErrorException::fromParseError()
#1 /var/www/testapp/vendor/psy/psysh/src/CodeCleaner.php(273): Psy\\CodeCleaner->parse()
#2 /var/www/testapp/vendor/psy/psysh/src/Shell.php(1358): Psy\\CodeCleaner->clean()
#3 /var/www/testapp/vendor/psy/psysh/src/Shell.php(1465): Psy\\Shell->appendCode()
#4 /var/www/testapp/vendor/psy/psysh/src/Shell.php(2173): Psy\\Shell->setCode()
#5 /var/www/testapp/vendor/laravel/tinker/src/Console/TinkerCommand.php(77): Psy\\Shell->execute()
#6 /var/www/testapp/vendor/laravel/framework/src/Illuminate/Container/BoundMethod.php(36): Laravel\\Tinker\\Console\\TinkerCommand->handle()
#7 /var/www/testapp/vendor/laravel/framework/src/Illuminate/Container/Util.php(43): Illuminate\\Container\\BoundMethod::Illuminate\\Container\\{closure}()
#8 /var/www/testapp/vendor/laravel/framework/src/Illuminate/Container/BoundMethod.php(95): Illuminate\\Container\\Util::unwrapIfClosure()
#9 /var/www/testapp/vendor/laravel/framework/src/Illuminate/Container/BoundMethod.php(35): Illuminate\\Container\\BoundMethod::callBoundMethod()
#10 /var/www/testapp/vendor/laravel/framework/src/Illuminate/Container/Container.php(696): Illuminate\\Container\\BoundMethod::call()
#11 /var/www/testapp/vendor/laravel/framework/src/Illuminate/Console/Command.php(213): Illuminate\\Container\\Container->call()
#12 /var/www/testapp/vendor/symfony/console/Command/Command.php(341): Illuminate\\Console\\Command->execute()
#13 /var/www/testapp/vendor/laravel/framework/src/Illuminate/Console/Command.php(182): Symfony\\Component\\Console\\Command\\Command->run()
#14 /var/www/testapp/vendor/symfony/console/Application.php(1117): Illuminate\\Console\\Command->run()
#15 /var/www/testapp/vendor/symfony/console/Application.php(356): Symfony\\Component\\Console\\Application->doRunCommand()
#16 /var/www/testapp/vendor/symfony/console/Application.php(195): Symfony\\Component\\Console\\Application->doRun()
#17 /var/www/testapp/vendor/laravel/framework/src/Illuminate/Foundation/Console/Kernel.php(198): Symfony\\Component\\Console\\Application->run()
#18 /var/www/testapp/artisan(35): Illuminate\\Foundation\\Console\\Kernel->handle()
#19 {main}
"} 
[2026-08-10 17:03:08] production.ERROR: There is no role named `coach` for guard `web`. {"userId":1,"exception":"[object] (Spatie\\Permission\\Exceptions\\RoleDoesNotExist(code: 0): There is no role named `coach` for guard `web`. at /var/www/testapp/vendor/spatie/laravel-permission/src/Exceptions/RoleDoesNotExist.php:11)
[stacktrace]
#0 /var/www/testapp/vendor/spatie/laravel-permission/src/Models/Role.php(113): Spatie\\Permission\\Exceptions\\RoleDoesNotExist::named()
#1 /var/www/testapp/vendor/spatie/laravel-permission/src/Traits/HasRoles.php(96): Spatie\\Permission\\Models\\Role::findByName()
#2 [internal function]: App\\Models\\User->Spatie\\Permission\\Traits\\{closure}()
#3 /var/www/testapp/vendor/spatie/laravel-permission/src/Traits/HasRoles.php(85): array_map()
#4 /var/www/testapp/vendor/laravel/framework/src/Illuminate/Database/Eloquent/Model.php(1654): App\\Models\\User->scopeRole()
#5 /var/www/testapp/vendor/laravel/framework/src/Illuminate/Database/Eloquent/Builder.php(1529): Illuminate\\Database\\Eloquent\\Model->callNamedScope()
#6 /var/www/testapp/vendor/laravel/framework/src/Illuminate/Database/Eloquent/Builder.php(1510): Illuminate\\Database\\Eloquent\\Builder->Illuminate\\Database\\Eloquent\\{closure}()
#7 /var/www/testapp/vendor/laravel/framework/src/Illuminate/Database/Eloquent/Builder.php(1528): Illuminate\\Database\\Eloquent\\Builder->callScope()
#8 /var/www/testapp/vendor/laravel/framework/src/Illuminate/Database/Eloquent/Builder.php(2116): Illuminate\\Database\\Eloquent\\Builder->callNamedScope()
#9 /var/www/testapp/vendor/laravel/framework/src/Illuminate/Support/Traits/ForwardsCalls.php(23): Illuminate\\Database\\Eloquent\\Builder->__call()
#10 /var/www/testapp/vendor/laravel/framework/src/Illuminate/Database/Eloquent/Model.php(2372): Illuminate\\Database\\Eloquent\\Model->forwardCallTo()
#11 /var/www/testapp/vendor/laravel/framework/src/Illuminate/Database/Eloquent/Model.php(2384): Illuminate\\Database\\Eloquent\\Model->__call()
#12 /var/www/testapp/app/Http/Controllers/API/Admin/ReportController.php(385): Illuminate\\Database\\Eloquent\\Model::__callStatic()
#13 /var/www/testapp/vendor/laravel/framework/src/Illuminate/Routing/Controller.php(54): App\\Http\\Controllers\\API\\Admin\\ReportController->coachingMetrics()
#14 /var/www/testapp/vendor/laravel/framework/src/Illuminate/Routing/ControllerDispatcher.php(44): Illuminate\\Routing\\Controller->callAction()
#15 /var/www/testapp/vendor/laravel/framework/src/Illuminate/Routing/Route.php(266): Illuminate\\Routing\\ControllerDispatcher->dispatch()
#16 /var/www/testapp/vendor/laravel/framework/src/Illuminate/Routing/Route.php(212): Illuminate\\Routing\\Route->runController()
#17 /var/www/testapp/vendor/laravel/framework/src/Illuminate/Routing/Router.php(808): Illuminate\\Routing\\Route->run()
#18 /var/www/testapp/vendor/laravel/framework/src/Illuminate/Pipeline/Pipeline.php(170): Illuminate\\Routing\\Router->Illuminate\\Routing\\{closure}()
#19 /var/www/testapp/app/Http/Middleware/AdminApi.php(26): Illuminate\\Pipeline\\Pipeline->Illuminate\\Pipeline\\{closure}()
#20 /var/www/testapp/vendor/laravel/framework/src/Illuminate/Pipeline/Pipeline.php(209): App\\Http\\Middleware\\AdminApi->handle()
#21 /var/www/testapp/app/Http/Middleware/API/CheckUserStatus.php(26): Illuminate\\Pipeline\\Pipeline->Illuminate\\Pipeline\\{closure}()
#22 /var/www/testapp/vendor/laravel/framework/src/Illuminate/Pipeline/Pipeline.php(209): App\\Http\\Middleware\\API\\CheckUserStatus->handle()
#23 /var/www/testapp/vendor/laravel/framework/src/Illuminate/Routing/Middleware/SubstituteBindings.php(51): Illuminate\\Pipeline\\Pipeline->Illuminate\\Pipeline\\{closure}()
#24 /var/www/testapp/vendor/laravel/framework/src/Illuminate/Pipeline/Pipeline.php(209): Illuminate\\Routing\\Middleware\\SubstituteBindings->handle()
#25 /var/www/testapp/vendor/laravel/framework/src/Illuminate/Routing/Middleware/ThrottleRequests.php(161): Illuminate\\Pipeline\\Pipeline->Illuminate\\Pipeline\\{closure}()
#26 /var/www/testapp/vendor/laravel/framework/src/Illuminate/Routing/Middleware/ThrottleRequests.php(127): Illuminate\\Routing\\Middleware\\ThrottleRequests->handleRequest()
#27 /var/www/testapp/vendor/laravel/framework/src/Illuminate/Routing/Middleware/ThrottleRequests.php(89): Illuminate\\Routing\\Middleware\\ThrottleRequests->handleRequestUsingNamedLimiter()
#28 /var/www/testapp/vendor/laravel/framework/src/Illuminate/Pipeline/Pipeline.php(209): Illuminate\\Routing\\Middleware\\ThrottleRequests->handle()
#29 /var/www/testapp/vendor/laravel/framework/src/Illuminate/Auth/Middleware/Authenticate.php(64): Illuminate\\Pipeline\\Pipeline->Illuminate\\Pipeline\\{closure}()
#30 /var/www/testapp/vendor/laravel/framework/src/Illuminate/Pipeline/Pipeline.php(209): Illuminate\\Auth\\Middleware\\Authenticate->handle()
#31 /var/www/testapp/vendor/laravel/framework/src/Illuminate/Pipeline/Pipeline.php(127): Illuminate\\Pipeline\\Pipeline->Illuminate\\Pipeline\\{closure}()
#32 /var/www/testapp/vendor/laravel/framework/src/Illuminate/Routing/Router.php(807): Illuminate\\Pipeline\\Pipeline->then()
#33 /var/www/testapp/vendor/laravel/framework/src/Illuminate/Routing/Router.php(786): Illuminate\\Routing\\Router->runRouteWithinStack()
#34 /var/www/testapp/vendor/laravel/framework/src/Illuminate/Routing/Router.php(750): Illuminate\\Routing\\Router->runRoute()
#35 /var/www/testapp/vendor/laravel/framework/src/Illuminate/Routing/Router.php(739): Illuminate\\Routing\\Router->dispatchToRoute()
#36 /var/www/testapp/vendor/laravel/framework/src/Illuminate/Foundation/Http/Kernel.php(201): Illuminate\\Routing\\Router->dispatch()
#37 /var/www/testapp/vendor/laravel/framework/src/Illuminate/Pipeline/Pipeline.php(170): Illuminate\\Foundation\\Http\\Kernel->Illuminate\\Foundation\\Http\\{closure}()
#38 /var/www/testapp/vendor/livewire/livewire/src/Features/SupportDisablingBackButtonCache/DisableBackButtonCacheMiddleware.php(19): Illuminate\\Pipeline\\Pipeline->Illuminate\\Pipeline\\{closure}()
#39 /var/www/testapp/vendor/laravel/framework/src/Illuminate/Pipeline/Pipeline.php(209): Livewire\\Features\\SupportDisablingBackButtonCache\\DisableBackButtonCacheMiddleware->handle()
#40 /var/www/testapp/vendor/laravel/framework/src/Illuminate/Foundation/Http/Middleware/TransformsRequest.php(21): Illuminate\\Pipeline\\Pipeline->Illuminate\\Pipeline\\{closure}()
#41 /var/www/testapp/vendor/laravel/framework/src/Illuminate/Foundation/Http/Middleware/ConvertEmptyStringsToNull.php(31): Illuminate\\Foundation\\Http\\Middleware\\TransformsRequest->handle()
#42 /var/www/testapp/vendor/laravel/framework/src/Illuminate/Pipeline/Pipeline.php(209): Illuminate\\Foundation\\Http\\Middleware\\ConvertEmptyStringsToNull->handle()
#43 /var/www/testapp/vendor/laravel/framework/src/Illuminate/Foundation/Http/Middleware/TransformsRequest.php(21): Illuminate\\Pipeline\\Pipeline->Illuminate\\Pipeline\\{closure}()
#44 /var/www/testapp/vendor/laravel/framework/src/Illuminate/Foundation/Http/Middleware/TrimStrings.php(51): Illuminate\\Foundation\\Http\\Middleware\\TransformsRequest->handle()
#45 /var/www/testapp/vendor/laravel/framework/src/Illuminate/Pipeline/Pipeline.php(209): Illuminate\\Foundation\\Http\\Middleware\\TrimStrings->handle()
#46 /var/www/testapp/vendor/laravel/framework/src/Illuminate/Http/Middleware/ValidatePostSize.php(27): Illuminate\\Pipeline\\Pipeline->Illuminate\\Pipeline\\{closure}()
#47 /var/www/testapp/vendor/laravel/framework/src/Illuminate/Pipeline/Pipeline.php(209): Illuminate\\Http\\Middleware\\ValidatePostSize->handle()
#48 /var/www/testapp/vendor/laravel/framework/src/Illuminate/Foundation/Http/Middleware/PreventRequestsDuringMaintenance.php(110): Illuminate\\Pipeline\\Pipeline->Illuminate\\Pipeline\\{closure}()
#49 /var/www/testapp/vendor/laravel/framework/src/Illuminate/Pipeline/Pipeline.php(209): Illuminate\\Foundation\\Http\\Middleware\\PreventRequestsDuringMaintenance->handle()
#50 /var/www/testapp/vendor/laravel/framework/src/Illuminate/Http/Middleware/HandleCors.php(62): Illuminate\\Pipeline\\Pipeline->Illuminate\\Pipeline\\{closure}()
#51 /var/www/testapp/vendor/laravel/framework/src/Illuminate/Pipeline/Pipeline.php(209): Illuminate\\Http\\Middleware\\HandleCors->handle()
#52 /var/www/testapp/vendor/laravel/framework/src/Illuminate/Pipeline/Pipeline.php(127): Illuminate\\Pipeline\\Pipeline->Illuminate\\Pipeline\\{closure}()
#53 /var/www/testapp/vendor/laravel/framework/src/Illuminate/Foundation/Http/Kernel.php(176): Illuminate\\Pipeline\\Pipeline->then()
#54 /var/www/testapp/vendor/laravel/framework/src/Illuminate/Foundation/Http/Kernel.php(145): Illuminate\\Foundation\\Http\\Kernel->sendRequestThroughRouter()
#55 /var/www/testapp/public/index.php(51): Illuminate\\Foundation\\Http\\Kernel->handle()
#56 {main}
"} 
[2026-08-10 17:05:04] production.ERROR: There is no role named `coach` for guard `web`. {"userId":1,"exception":"[object] (Spatie\\Permission\\Exceptions\\RoleDoesNotExist(code: 0): There is no role named `coach` for guard `web`. at /var/www/testapp/vendor/spatie/laravel-permission/src/Exceptions/RoleDoesNotExist.php:11)
[stacktrace]
#0 /var/www/testapp/vendor/spatie/laravel-permission/src/Models/Role.php(113): Spatie\\Permission\\Exceptions\\RoleDoesNotExist::named()
#1 /var/www/testapp/vendor/spatie/laravel-permission/src/Traits/HasRoles.php(96): Spatie\\Permission\\Models\\Role::findByName()
#2 [internal function]: App\\Models\\User->Spatie\\Permission\\Traits\\{closure}()
#3 /var/www/testapp/vendor/spatie/laravel-permission/src/Traits/HasRoles.php(85): array_map()
#4 /var/www/testapp/vendor/laravel/framework/src/Illuminate/Database/Eloquent/Model.php(1654): App\\Models\\User->scopeRole()
#5 /var/www/testapp/vendor/laravel/framework/src/Illuminate/Database/Eloquent/Builder.php(1529): Illuminate\\Database\\Eloquent\\Model->callNamedScope()
#6 /var/www/testapp/vendor/laravel/framework/src/Illuminate/Database/Eloquent/Builder.php(1510): Illuminate\\Database\\Eloquent\\Builder->Illuminate\\Database\\Eloquent\\{closure}()
#7 /var/www/testapp/vendor/laravel/framework/src/Illuminate/Database/Eloquent/Builder.php(1528): Illuminate\\Database\\Eloquent\\Builder->callScope()
#8 /var/www/testapp/vendor/laravel/framework/src/Illuminate/Database/Eloquent/Builder.php(2116): Illuminate\\Database\\Eloquent\\Builder->callNamedScope()
#9 /var/www/testapp/vendor/laravel/framework/src/Illuminate/Support/Traits/ForwardsCalls.php(23): Illuminate\\Database\\Eloquent\\Builder->__call()
#10 /var/www/testapp/vendor/laravel/framework/src/Illuminate/Database/Eloquent/Model.php(2372): Illuminate\\Database\\Eloquent\\Model->forwardCallTo()
#11 /var/www/testapp/vendor/laravel/framework/src/Illuminate/Database/Eloquent/Model.php(2384): Illuminate\\Database\\Eloquent\\Model->__call()
#12 /var/www/testapp/app/Http/Controllers/API/Admin/ReportController.php(385): Illuminate\\Database\\Eloquent\\Model::__callStatic()
#13 /var/www/testapp/vendor/laravel/framework/src/Illuminate/Routing/Controller.php(54): App\\Http\\Controllers\\API\\Admin\\ReportController->coachingMetrics()
#14 /var/www/testapp/vendor/laravel/framework/src/Illuminate/Routing/ControllerDispatcher.php(44): Illuminate\\Routing\\Controller->callAction()
#15 /var/www/testapp/vendor/laravel/framework/src/Illuminate/Routing/Route.php(266): Illuminate\\Routing\\ControllerDispatcher->dispatch()
#16 /var/www/testapp/vendor/laravel/framework/src/Illuminate/Routing/Route.php(212): Illuminate\\Routing\\Route->runController()
#17 /var/www/testapp/vendor/laravel/framework/src/Illuminate/Routing/Router.php(808): Illuminate\\Routing\\Route->run()
#18 /var/www/testapp/vendor/laravel/framework/src/Illuminate/Pipeline/Pipeline.php(170): Illuminate\\Routing\\Router->Illuminate\\Routing\\{closure}()
#19 /var/www/testapp/app/Http/Middleware/AdminApi.php(26): Illuminate\\Pipeline\\Pipeline->Illuminate\\Pipeline\\{closure}()
#20 /var/www/testapp/vendor/laravel/framework/src/Illuminate/Pipeline/Pipeline.php(209): App\\Http\\Middleware\\AdminApi->handle()
#21 /var/www/testapp/app/Http/Middleware/API/CheckUserStatus.php(26): Illuminate\\Pipeline\\Pipeline->Illuminate\\Pipeline\\{closure}()
#22 /var/www/testapp/vendor/laravel/framework/src/Illuminate/Pipeline/Pipeline.php(209): App\\Http\\Middleware\\API\\CheckUserStatus->handle()
#23 /var/www/testapp/vendor/laravel/framework/src/Illuminate/Routing/Middleware/SubstituteBindings.php(51): Illuminate\\Pipeline\\Pipeline->Illuminate\\Pipeline\\{closure}()
#24 /var/www/testapp/vendor/laravel/framework/src/Illuminate/Pipeline/Pipeline.php(209): Illuminate\\Routing\\Middleware\\SubstituteBindings->handle()
#25 /var/www/testapp/vendor/laravel/framework/src/Illuminate/Routing/Middleware/ThrottleRequests.php(161): Illuminate\\Pipeline\\Pipeline->Illuminate\\Pipeline\\{closure}()
#26 /var/www/testapp/vendor/laravel/framework/src/Illuminate/Routing/Middleware/ThrottleRequests.php(127): Illuminate\\Routing\\Middleware\\ThrottleRequests->handleRequest()
#27 /var/www/testapp/vendor/laravel/framework/src/Illuminate/Routing/Middleware/ThrottleRequests.php(89): Illuminate\\Routing\\Middleware\\ThrottleRequests->handleRequestUsingNamedLimiter()
#28 /var/www/testapp/vendor/laravel/framework/src/Illuminate/Pipeline/Pipeline.php(209): Illuminate\\Routing\\Middleware\\ThrottleRequests->handle()
#29 /var/www/testapp/vendor/laravel/framework/src/Illuminate/Auth/Middleware/Authenticate.php(64): Illuminate\\Pipeline\\Pipeline->Illuminate\\Pipeline\\{closure}()
#30 /var/www/testapp/vendor/laravel/framework/src/Illuminate/Pipeline/Pipeline.php(209): Illuminate\\Auth\\Middleware\\Authenticate->handle()
#31 /var/www/testapp/vendor/laravel/framework/src/Illuminate/Pipeline/Pipeline.php(127): Illuminate\\Pipeline\\Pipeline->Illuminate\\Pipeline\\{closure}()
#32 /var/www/testapp/vendor/laravel/framework/src/Illuminate/Routing/Router.php(807): Illuminate\\Pipeline\\Pipeline->then()
#33 /var/www/testapp/vendor/laravel/framework/src/Illuminate/Routing/Router.php(786): Illuminate\\Routing\\Router->runRouteWithinStack()
#34 /var/www/testapp/vendor/laravel/framework/src/Illuminate/Routing/Router.php(750): Illuminate\\Routing\\Router->runRoute()
#35 /var/www/testapp/vendor/laravel/framework/src/Illuminate/Routing/Router.php(739): Illuminate\\Routing\\Router->dispatchToRoute()
#36 /var/www/testapp/vendor/laravel/framework/src/Illuminate/Foundation/Http/Kernel.php(201): Illuminate\\Routing\\Router->dispatch()
#37 /var/www/testapp/vendor/laravel/framework/src/Illuminate/Pipeline/Pipeline.php(170): Illuminate\\Foundation\\Http\\Kernel->Illuminate\\Foundation\\Http\\{closure}()
#38 /var/www/testapp/vendor/livewire/livewire/src/Features/SupportDisablingBackButtonCache/DisableBackButtonCacheMiddleware.php(19): Illuminate\\Pipeline\\Pipeline->Illuminate\\Pipeline\\{closure}()
#39 /var/www/testapp/vendor/laravel/framework/src/Illuminate/Pipeline/Pipeline.php(209): Livewire\\Features\\SupportDisablingBackButtonCache\\DisableBackButtonCacheMiddleware->handle()
#40 /var/www/testapp/vendor/laravel/framework/src/Illuminate/Foundation/Http/Middleware/TransformsRequest.php(21): Illuminate\\Pipeline\\Pipeline->Illuminate\\Pipeline\\{closure}()
#41 /var/www/testapp/vendor/laravel/framework/src/Illuminate/Foundation/Http/Middleware/ConvertEmptyStringsToNull.php(31): Illuminate\\Foundation\\Http\\Middleware\\TransformsRequest->handle()
#42 /var/www/testapp/vendor/laravel/framework/src/Illuminate/Pipeline/Pipeline.php(209): Illuminate\\Foundation\\Http\\Middleware\\ConvertEmptyStringsToNull->handle()
#43 /var/www/testapp/vendor/laravel/framework/src/Illuminate/Foundation/Http/Middleware/TransformsRequest.php(21): Illuminate\\Pipeline\\Pipeline->Illuminate\\Pipeline\\{closure}()
#44 /var/www/testapp/vendor/laravel/framework/src/Illuminate/Foundation/Http/Middleware/TrimStrings.php(51): Illuminate\\Foundation\\Http\\Middleware\\TransformsRequest->handle()
#45 /var/www/testapp/vendor/laravel/framework/src/Illuminate/Pipeline/Pipeline.php(209): Illuminate\\Foundation\\Http\\Middleware\\TrimStrings->handle()
#46 /var/www/testapp/vendor/laravel/framework/src/Illuminate/Http/Middleware/ValidatePostSize.php(27): Illuminate\\Pipeline\\Pipeline->Illuminate\\Pipeline\\{closure}()
#47 /var/www/testapp/vendor/laravel/framework/src/Illuminate/Pipeline/Pipeline.php(209): Illuminate\\Http\\Middleware\\ValidatePostSize->handle()
#48 /var/www/testapp/vendor/laravel/framework/src/Illuminate/Foundation/Http/Middleware/PreventRequestsDuringMaintenance.php(110): Illuminate\\Pipeline\\Pipeline->Illuminate\\Pipeline\\{closure}()
#49 /var/www/testapp/vendor/laravel/framework/src/Illuminate/Pipeline/Pipeline.php(209): Illuminate\\Foundation\\Http\\Middleware\\PreventRequestsDuringMaintenance->handle()
#50 /var/www/testapp/vendor/laravel/framework/src/Illuminate/Http/Middleware/HandleCors.php(62): Illuminate\\Pipeline\\Pipeline->Illuminate\\Pipeline\\{closure}()
#51 /var/www/testapp/vendor/laravel/framework/src/Illuminate/Pipeline/Pipeline.php(209): Illuminate\\Http\\Middleware\\HandleCors->handle()
#52 /var/www/testapp/vendor/laravel/framework/src/Illuminate/Pipeline/Pipeline.php(127): Illuminate\\Pipeline\\Pipeline->Illuminate\\Pipeline\\{closure}()
#53 /var/www/testapp/vendor/laravel/framework/src/Illuminate/Foundation/Http/Kernel.php(176): Illuminate\\Pipeline\\Pipeline->then()
#54 /var/www/testapp/vendor/laravel/framework/src/Illuminate/Foundation/Http/Kernel.php(145): Illuminate\\Foundation\\Http\\Kernel->sendRequestThroughRouter()
#55 /var/www/testapp/public/index.php(51): Illuminate\\Foundation\\Http\\Kernel->handle()
#56 {main}
"} 
[2026-08-10 17:05:08] production.ERROR: SQLSTATE[42S22]: Column not found: 1054 Unknown column 'client_tag_assignments.tag_id' in 'field list' (Connection: mysql, SQL: select `client_tags`.*, `client_tag_assignments`.`client_id` as `pivot_client_id`, `client_tag_assignments`.`tag_id` as `pivot_tag_id` from `client_tags` inner join `client_tag_assignments` on `client_tags`.`id` = `client_tag_assignments`.`tag_id` where `client_tag_assignments`.`client_id` in (8)) {"userId":1,"exception":"[object] (Illuminate\\Database\\QueryException(code: 42S22): SQLSTATE[42S22]: Column not found: 1054 Unknown column 'client_tag_assignments.tag_id' in 'field list' (Connection: mysql, SQL: select `client_tags`.*, `client_tag_assignments`.`client_id` as `pivot_client_id`, `client_tag_assignments`.`tag_id` as `pivot_tag_id` from `client_tags` inner join `client_tag_assignments` on `client_tags`.`id` = `client_tag_assignments`.`tag_id` where `client_tag_assignments`.`client_id` in (8)) at /var/www/testapp/vendor/laravel/framework/src/Illuminate/Database/Connection.php:825)
[stacktrace]
#0 /var/www/testapp/vendor/laravel/framework/src/Illuminate/Database/Connection.php(779): Illuminate\\Database\\Connection->runQueryCallback()
#1 /var/www/testapp/vendor/laravel/framework/src/Illuminate/Database/Connection.php(398): Illuminate\\Database\\Connection->run()
#2 /var/www/testapp/vendor/laravel/framework/src/Illuminate/Database/Query/Builder.php(3106): Illuminate\\Database\\Connection->select()
#3 /var/www/testapp/vendor/laravel/framework/src/Illuminate/Database/Query/Builder.php(3091): Illuminate\\Database\\Query\\Builder->runSelect()
#4 /var/www/testapp/vendor/laravel/framework/src/Illuminate/Database/Query/Builder.php(3676): Illuminate\\Database\\Query\\Builder->Illuminate\\Database\\Query\\{closure}()
#5 /var/www/testapp/vendor/laravel/framework/src/Illuminate/Database/Query/Builder.php(3090): Illuminate\\Database\\Query\\Builder->onceWithColumns()
#6 /var/www/testapp/vendor/laravel/framework/src/Illuminate/Database/Eloquent/Builder.php(811): Illuminate\\Database\\Query\\Builder->get()
#7 /var/www/testapp/vendor/laravel/framework/src/Illuminate/Database/Eloquent/Relations/BelongsToMany.php(887): Illuminate\\Database\\Eloquent\\Builder->getModels()
#8 /var/www/testapp/vendor/laravel/framework/src/Illuminate/Database/Eloquent/Relations/Relation.php(176): Illuminate\\Database\\Eloquent\\Relations\\BelongsToMany->get()
#9 /var/www/testapp/vendor/laravel/framework/src/Illuminate/Database/Eloquent/Builder.php(859): Illuminate\\Database\\Eloquent\\Relations\\Relation->getEager()
#10 /var/www/testapp/vendor/laravel/framework/src/Illuminate/Database/Eloquent/Builder.php(828): Illuminate\\Database\\Eloquent\\Builder->eagerLoadRelation()
#11 /var/www/testapp/vendor/laravel/framework/src/Illuminate/Database/Eloquent/Builder.php(794): Illuminate\\Database\\Eloquent\\Builder->eagerLoadRelations()
#12 /var/www/testapp/vendor/laravel/framework/src/Illuminate/Database/Concerns/BuildsQueries.php(343): Illuminate\\Database\\Eloquent\\Builder->get()
#13 /var/www/testapp/vendor/laravel/framework/src/Illuminate/Database/Eloquent/Builder.php(477): Illuminate\\Database\\Eloquent\\Builder->first()
#14 /var/www/testapp/app/Http/Controllers/API/ClientTagController.php(55): Illuminate\\Database\\Eloquent\\Builder->find()
#15 /var/www/testapp/vendor/laravel/framework/src/Illuminate/Routing/Controller.php(54): App\\Http\\Controllers\\API\\ClientTagController->getClientTags()
#16 /var/www/testapp/vendor/laravel/framework/src/Illuminate/Routing/ControllerDispatcher.php(44): Illuminate\\Routing\\Controller->callAction()
#17 /var/www/testapp/vendor/laravel/framework/src/Illuminate/Routing/Route.php(266): Illuminate\\Routing\\ControllerDispatcher->dispatch()
#18 /var/www/testapp/vendor/laravel/framework/src/Illuminate/Routing/Route.php(212): Illuminate\\Routing\\Route->runController()
#19 /var/www/testapp/vendor/laravel/framework/src/Illuminate/Routing/Router.php(808): Illuminate\\Routing\\Route->run()
#20 /var/www/testapp/vendor/laravel/framework/src/Illuminate/Pipeline/Pipeline.php(170): Illuminate\\Routing\\Router->Illuminate\\Routing\\{closure}()
#21 /var/www/testapp/app/Http/Middleware/AdminApi.php(26): Illuminate\\Pipeline\\Pipeline->Illuminate\\Pipeline\\{closure}()
#22 /var/www/testapp/vendor/laravel/framework/src/Illuminate/Pipeline/Pipeline.php(209): App\\Http\\Middleware\\AdminApi->handle()
#23 /var/www/testapp/app/Http/Middleware/API/CheckUserStatus.php(26): Illuminate\\Pipeline\\Pipeline->Illuminate\\Pipeline\\{closure}()
#24 /var/www/testapp/vendor/laravel/framework/src/Illuminate/Pipeline/Pipeline.php(209): App\\Http\\Middleware\\API\\CheckUserStatus->handle()
#25 /var/www/testapp/vendor/laravel/framework/src/Illuminate/Routing/Middleware/SubstituteBindings.php(51): Illuminate\\Pipeline\\Pipeline->Illuminate\\Pipeline\\{closure}()
#26 /var/www/testapp/vendor/laravel/framework/src/Illuminate/Pipeline/Pipeline.php(209): Illuminate\\Routing\\Middleware\\SubstituteBindings->handle()
#27 /var/www/testapp/vendor/laravel/framework/src/Illuminate/Routing/Middleware/ThrottleRequests.php(161): Illuminate\\Pipeline\\Pipeline->Illuminate\\Pipeline\\{closure}()
#28 /var/www/testapp/vendor/laravel/framework/src/Illuminate/Routing/Middleware/ThrottleRequests.php(127): Illuminate\\Routing\\Middleware\\ThrottleRequests->handleRequest()
#29 /var/www/testapp/vendor/laravel/framework/src/Illuminate/Routing/Middleware/ThrottleRequests.php(89): Illuminate\\Routing\\Middleware\\ThrottleRequests->handleRequestUsingNamedLimiter()
#30 /var/www/testapp/vendor/laravel/framework/src/Illuminate/Pipeline/Pipeline.php(209): Illuminate\\Routing\\Middleware\\ThrottleRequests->handle()
#31 /var/www/testapp/vendor/laravel/framework/src/Illuminate/Auth/Middleware/Authenticate.php(64): Illuminate\\Pipeline\\Pipeline->Illuminate\\Pipeline\\{closure}()
#32 /var/www/testapp/vendor/laravel/framework/src/Illuminate/Pipeline/Pipeline.php(209): Illuminate\\Auth\\Middleware\\Authenticate->handle()
#33 /var/www/testapp/vendor/laravel/framework/src/Illuminate/Pipeline/Pipeline.php(127): Illuminate\\Pipeline\\Pipeline->Illuminate\\Pipeline\\{closure}()
#34 /var/www/testapp/vendor/laravel/framework/src/Illuminate/Routing/Router.php(807): Illuminate\\Pipeline\\Pipeline->then()
#35 /var/www/testapp/vendor/laravel/framework/src/Illuminate/Routing/Router.php(786): Illuminate\\Routing\\Router->runRouteWithinStack()
#36 /var/www/testapp/vendor/laravel/framework/src/Illuminate/Routing/Router.php(750): Illuminate\\Routing\\Router->runRoute()
#37 /var/www/testapp/vendor/laravel/framework/src/Illuminate/Routing/Router.php(739): Illuminate\\Routing\\Router->dispatchToRoute()
#38 /var/www/testapp/vendor/laravel/framework/src/Illuminate/Foundation/Http/Kernel.php(201): Illuminate\\Routing\\Router->dispatch()
#39 /var/www/testapp/vendor/laravel/framework/src/Illuminate/Pipeline/Pipeline.php(170): Illuminate\\Foundation\\Http\\Kernel->Illuminate\\Foundation\\Http\\{closure}()
#40 /var/www/testapp/vendor/livewire/livewire/src/Features/SupportDisablingBackButtonCache/DisableBackButtonCacheMiddleware.php(19): Illuminate\\Pipeline\\Pipeline->Illuminate\\Pipeline\\{closure}()
#41 /var/www/testapp/vendor/laravel/framework/src/Illuminate/Pipeline/Pipeline.php(209): Livewire\\Features\\SupportDisablingBackButtonCache\\DisableBackButtonCacheMiddleware->handle()
#42 /var/www/testapp/vendor/laravel/framework/src/Illuminate/Foundation/Http/Middleware/TransformsRequest.php(21): Illuminate\\Pipeline\\Pipeline->Illuminate\\Pipeline\\{closure}()
#43 /var/www/testapp/vendor/laravel/framework/src/Illuminate/Foundation/Http/Middleware/ConvertEmptyStringsToNull.php(31): Illuminate\\Foundation\\Http\\Middleware\\TransformsRequest->handle()
#44 /var/www/testapp/vendor/laravel/framework/src/Illuminate/Pipeline/Pipeline.php(209): Illuminate\\Foundation\\Http\\Middleware\\ConvertEmptyStringsToNull->handle()
#45 /var/www/testapp/vendor/laravel/framework/src/Illuminate/Foundation/Http/Middleware/TransformsRequest.php(21): Illuminate\\Pipeline\\Pipeline->Illuminate\\Pipeline\\{closure}()
#46 /var/www/testapp/vendor/laravel/framework/src/Illuminate/Foundation/Http/Middleware/TrimStrings.php(51): Illuminate\\Foundation\\Http\\Middleware\\TransformsRequest->handle()
#47 /var/www/testapp/vendor/laravel/framework/src/Illuminate/Pipeline/Pipeline.php(209): Illuminate\\Foundation\\Http\\Middleware\\TrimStrings->handle()
#48 /var/www/testapp/vendor/laravel/framework/src/Illuminate/Http/Middleware/ValidatePostSize.php(27): Illuminate\\Pipeline\\Pipeline->Illuminate\\Pipeline\\{closure}()
#49 /var/www/testapp/vendor/laravel/framework/src/Illuminate/Pipeline/Pipeline.php(209): Illuminate\\Http\\Middleware\\ValidatePostSize->handle()
#50 /var/www/testapp/vendor/laravel/framework/src/Illuminate/Foundation/Http/Middleware/PreventRequestsDuringMaintenance.php(110): Illuminate\\Pipeline\\Pipeline->Illuminate\\Pipeline\\{closure}()
#51 /var/www/testapp/vendor/laravel/framework/src/Illuminate/Pipeline/Pipeline.php(209): Illuminate\\Foundation\\Http\\Middleware\\PreventRequestsDuringMaintenance->handle()
#52 /var/www/testapp/vendor/laravel/framework/src/Illuminate/Http/Middleware/HandleCors.php(62): Illuminate\\Pipeline\\Pipeline->Illuminate\\Pipeline\\{closure}()
#53 /var/www/testapp/vendor/laravel/framework/src/Illuminate/Pipeline/Pipeline.php(209): Illuminate\\Http\\Middleware\\HandleCors->handle()
#54 /var/www/testapp/vendor/laravel/framework/src/Illuminate/Pipeline/Pipeline.php(127): Illuminate\\Pipeline\\Pipeline->Illuminate\\Pipeline\\{closure}()
#55 /var/www/testapp/vendor/laravel/framework/src/Illuminate/Foundation/Http/Kernel.php(176): Illuminate\\Pipeline\\Pipeline->then()
#56 /var/www/testapp/vendor/laravel/framework/src/Illuminate/Foundation/Http/Kernel.php(145): Illuminate\\Foundation\\Http\\Kernel->sendRequestThroughRouter()
#57 /var/www/testapp/public/index.php(51): Illuminate\\Foundation\\Http\\Kernel->handle()
#58 {main}

[previous exception] [object] (PDOException(code: 42S22): SQLSTATE[42S22]: Column not found: 1054 Unknown column 'client_tag_assignments.tag_id' in 'field list' at /var/www/testapp/vendor/laravel/framework/src/Illuminate/Database/Connection.php:407)
[stacktrace]
#0 /var/www/testapp/vendor/laravel/framework/src/Illuminate/Database/Connection.php(407): PDO->prepare()
#1 /var/www/testapp/vendor/laravel/framework/src/Illuminate/Database/Connection.php(812): Illuminate\\Database\\Connection->Illuminate\\Database\\{closure}()
#2 /var/www/testapp/vendor/laravel/framework/src/Illuminate/Database/Connection.php(779): Illuminate\\Database\\Connection->runQueryCallback()
#3 /var/www/testapp/vendor/laravel/framework/src/Illuminate/Database/Connection.php(398): Illuminate\\Database\\Connection->run()
#4 /var/www/testapp/vendor/laravel/framework/src/Illuminate/Database/Query/Builder.php(3106): Illuminate\\Database\\Connection->select()
#5 /var/www/testapp/vendor/laravel/framework/src/Illuminate/Database/Query/Builder.php(3091): Illuminate\\Database\\Query\\Builder->runSelect()
#6 /var/www/testapp/vendor/laravel/framework/src/Illuminate/Database/Query/Builder.php(3676): Illuminate\\Database\\Query\\Builder->Illuminate\\Database\\Query\\{closure}()
#7 /var/www/testapp/vendor/laravel/framework/src/Illuminate/Database/Query/Builder.php(3090): Illuminate\\Database\\Query\\Builder->onceWithColumns()
#8 /var/www/testapp/vendor/laravel/framework/src/Illuminate/Database/Eloquent/Builder.php(811): Illuminate\\Database\\Query\\Builder->get()
#9 /var/www/testapp/vendor/laravel/framework/src/Illuminate/Database/Eloquent/Relations/BelongsToMany.php(887): Illuminate\\Database\\Eloquent\\Builder->getModels()
#10 /var/www/testapp/vendor/laravel/framework/src/Illuminate/Database/Eloquent/Relations/Relation.php(176): Illuminate\\Database\\Eloquent\\Relations\\BelongsToMany->get()
#11 /var/www/testapp/vendor/laravel/framework/src/Illuminate/Database/Eloquent/Builder.php(859): Illuminate\\Database\\Eloquent\\Relations\\Relation->getEager()
#12 /var/www/testapp/vendor/laravel/framework/src/Illuminate/Database/Eloquent/Builder.php(828): Illuminate\\Database\\Eloquent\\Builder->eagerLoadRelation()
#13 /var/www/testapp/vendor/laravel/framework/src/Illuminate/Database/Eloquent/Builder.php(794): Illuminate\\Database\\Eloquent\\Builder->eagerLoadRelations()
#14 /var/www/testapp/vendor/laravel/framework/src/Illuminate/Database/Concerns/BuildsQueries.php(343): Illuminate\\Database\\Eloquent\\Builder->get()
#15 /var/www/testapp/vendor/laravel/framework/src/Illuminate/Database/Eloquent/Builder.php(477): Illuminate\\Database\\Eloquent\\Builder->first()
#16 /var/www/testapp/app/Http/Controllers/API/ClientTagController.php(55): Illuminate\\Database\\Eloquent\\Builder->find()
#17 /var/www/testapp/vendor/laravel/framework/src/Illuminate/Routing/Controller.php(54): App\\Http\\Controllers\\API\\ClientTagController->getClientTags()
#18 /var/www/testapp/vendor/laravel/framework/src/Illuminate/Routing/ControllerDispatcher.php(44): Illuminate\\Routing\\Controller->callAction()
#19 /var/www/testapp/vendor/laravel/framework/src/Illuminate/Routing/Route.php(266): Illuminate\\Routing\\ControllerDispatcher->dispatch()
#20 /var/www/testapp/vendor/laravel/framework/src/Illuminate/Routing/Route.php(212): Illuminate\\Routing\\Route->runController()
#21 /var/www/testapp/vendor/laravel/framework/src/Illuminate/Routing/Router.php(808): Illuminate\\Routing\\Route->run()
#22 /var/www/testapp/vendor/laravel/framework/src/Illuminate/Pipeline/Pipeline.php(170): Illuminate\\Routing\\Router->Illuminate\\Routing\\{closure}()
#23 /var/www/testapp/app/Http/Middleware/AdminApi.php(26): Illuminate\\Pipeline\\Pipeline->Illuminate\\Pipeline\\{closure}()
#24 /var/www/testapp/vendor/laravel/framework/src/Illuminate/Pipeline/Pipeline.php(209): App\\Http\\Middleware\\AdminApi->handle()
#25 /var/www/testapp/app/Http/Middleware/API/CheckUserStatus.php(26): Illuminate\\Pipeline\\Pipeline->Illuminate\\Pipeline\\{closure}()
#26 /var/www/testapp/vendor/laravel/framework/src/Illuminate/Pipeline/Pipeline.php(209): App\\Http\\Middleware\\API\\CheckUserStatus->handle()
#27 /var/www/testapp/vendor/laravel/framework/src/Illuminate/Routing/Middleware/SubstituteBindings.php(51): Illuminate\\Pipeline\\Pipeline->Illuminate\\Pipeline\\{closure}()
#28 /var/www/testapp/vendor/laravel/framework/src/Illuminate/Pipeline/Pipeline.php(209): Illuminate\\Routing\\Middleware\\SubstituteBindings->handle()
#29 /var/www/testapp/vendor/laravel/framework/src/Illuminate/Routing/Middleware/ThrottleRequests.php(161): Illuminate\\Pipeline\\Pipeline->Illuminate\\Pipeline\\{closure}()
#30 /var/www/testapp/vendor/laravel/framework/src/Illuminate/Routing/Middleware/ThrottleRequests.php(127): Illuminate\\Routing\\Middleware\\ThrottleRequests->handleRequest()
#31 /var/www/testapp/vendor/laravel/framework/src/Illuminate/Routing/Middleware/ThrottleRequests.php(89): Illuminate\\Routing\\Middleware\\ThrottleRequests->handleRequestUsingNamedLimiter()
#32 /var/www/testapp/vendor/laravel/framework/src/Illuminate/Pipeline/Pipeline.php(209): Illuminate\\Routing\\Middleware\\ThrottleRequests->handle()
#33 /var/www/testapp/vendor/laravel/framework/src/Illuminate/Auth/Middleware/Authenticate.php(64): Illuminate\\Pipeline\\Pipeline->Illuminate\\Pipeline\\{closure}()
#34 /var/www/testapp/vendor/laravel/framework/src/Illuminate/Pipeline/Pipeline.php(209): Illuminate\\Auth\\Middleware\\Authenticate->handle()
#35 /var/www/testapp/vendor/laravel/framework/src/Illuminate/Pipeline/Pipeline.php(127): Illuminate\\Pipeline\\Pipeline->Illuminate\\Pipeline\\{closure}()
#36 /var/www/testapp/vendor/laravel/framework/src/Illuminate/Routing/Router.php(807): Illuminate\\Pipeline\\Pipeline->then()
#37 /var/www/testapp/vendor/laravel/framework/src/Illuminate/Routing/Router.php(786): Illuminate\\Routing\\Router->runRouteWithinStack()
#38 /var/www/testapp/vendor/laravel/framework/src/Illuminate/Routing/Router.php(750): Illuminate\\Routing\\Router->runRoute()
#39 /var/www/testapp/vendor/laravel/framework/src/Illuminate/Routing/Router.php(739): Illuminate\\Routing\\Router->dispatchToRoute()
#40 /var/www/testapp/vendor/laravel/framework/src/Illuminate/Foundation/Http/Kernel.php(201): Illuminate\\Routing\\Router->dispatch()
#41 /var/www/testapp/vendor/laravel/framework/src/Illuminate/Pipeline/Pipeline.php(170): Illuminate\\Foundation\\Http\\Kernel->Illuminate\\Foundation\\Http\\{closure}()
#42 /var/www/testapp/vendor/livewire/livewire/src/Features/SupportDisablingBackButtonCache/DisableBackButtonCacheMiddleware.php(19): Illuminate\\Pipeline\\Pipeline->Illuminate\\Pipeline\\{closure}()
#43 /var/www/testapp/vendor/laravel/framework/src/Illuminate/Pipeline/Pipeline.php(209): Livewire\\Features\\SupportDisablingBackButtonCache\\DisableBackButtonCacheMiddleware->handle()
#44 /var/www/testapp/vendor/laravel/framework/src/Illuminate/Foundation/Http/Middleware/TransformsRequest.php(21): Illuminate\\Pipeline\\Pipeline->Illuminate\\Pipeline\\{closure}()
#45 /var/www/testapp/vendor/laravel/framework/src/Illuminate/Foundation/Http/Middleware/ConvertEmptyStringsToNull.php(31): Illuminate\\Foundation\\Http\\Middleware\\TransformsRequest->handle()
#46 /var/www/testapp/vendor/laravel/framework/src/Illuminate/Pipeline/Pipeline.php(209): Illuminate\\Foundation\\Http\\Middleware\\ConvertEmptyStringsToNull->handle()
#47 /var/www/testapp/vendor/laravel/framework/src/Illuminate/Foundation/Http/Middleware/TransformsRequest.php(21): Illuminate\\Pipeline\\Pipeline->Illuminate\\Pipeline\\{closure}()
#48 /var/www/testapp/vendor/laravel/framework/src/Illuminate/Foundation/Http/Middleware/TrimStrings.php(51): Illuminate\\Foundation\\Http\\Middleware\\TransformsRequest->handle()
#49 /var/www/testapp/vendor/laravel/framework/src/Illuminate/Pipeline/Pipeline.php(209): Illuminate\\Foundation\\Http\\Middleware\\TrimStrings->handle()
#50 /var/www/testapp/vendor/laravel/framework/src/Illuminate/Http/Middleware/ValidatePostSize.php(27): Illuminate\\Pipeline\\Pipeline->Illuminate\\Pipeline\\{closure}()
#51 /var/www/testapp/vendor/laravel/framework/src/Illuminate/Pipeline/Pipeline.php(209): Illuminate\\Http\\Middleware\\ValidatePostSize->handle()
#52 /var/www/testapp/vendor/laravel/framework/src/Illuminate/Foundation/Http/Middleware/PreventRequestsDuringMaintenance.php(110): Illuminate\\Pipeline\\Pipeline->Illuminate\\Pipeline\\{closure}()
#53 /var/www/testapp/vendor/laravel/framework/src/Illuminate/Pipeline/Pipeline.php(209): Illuminate\\Foundation\\Http\\Middleware\\PreventRequestsDuringMaintenance->handle()
#54 /var/www/testapp/vendor/laravel/framework/src/Illuminate/Http/Middleware/HandleCors.php(62): Illuminate\\Pipeline\\Pipeline->Illuminate\\Pipeline\\{closure}()
#55 /var/www/testapp/vendor/laravel/framework/src/Illuminate/Pipeline/Pipeline.php(209): Illuminate\\Http\\Middleware\\HandleCors->handle()
#56 /var/www/testapp/vendor/laravel/framework/src/Illuminate/Pipeline/Pipeline.php(127): Illuminate\\Pipeline\\Pipeline->Illuminate\\Pipeline\\{closure}()
#57 /var/www/testapp/vendor/laravel/framework/src/Illuminate/Foundation/Http/Kernel.php(176): Illuminate\\Pipeline\\Pipeline->then()
#58 /var/www/testapp/vendor/laravel/framework/src/Illuminate/Foundation/Http/Kernel.php(145): Illuminate\\Foundation\\Http\\Kernel->sendRequestThroughRouter()
#59 /var/www/testapp/public/index.php(51): Illuminate\\Foundation\\Http\\Kernel->handle()
#60 {main}
"} 
[2026-08-10 17:52:36] production.ERROR: There is no role named `coach` for guard `web`. {"userId":1,"exception":"[object] (Spatie\\Permission\\Exceptions\\RoleDoesNotExist(code: 0): There is no role named `coach` for guard `web`. at /var/www/testapp/vendor/spatie/laravel-permission/src/Exceptions/RoleDoesNotExist.php:11)
[stacktrace]
#0 /var/www/testapp/vendor/spatie/laravel-permission/src/Models/Role.php(113): Spatie\\Permission\\Exceptions\\RoleDoesNotExist::named()
#1 /var/www/testapp/vendor/spatie/laravel-permission/src/Traits/HasRoles.php(96): Spatie\\Permission\\Models\\Role::findByName()
#2 [internal function]: App\\Models\\User->Spatie\\Permission\\Traits\\{closure}()
#3 /var/www/testapp/vendor/spatie/laravel-permission/src/Traits/HasRoles.php(85): array_map()
#4 /var/www/testapp/vendor/laravel/framework/src/Illuminate/Database/Eloquent/Model.php(1654): App\\Models\\User->scopeRole()
#5 /var/www/testapp/vendor/laravel/framework/src/Illuminate/Database/Eloquent/Builder.php(1529): Illuminate\\Database\\Eloquent\\Model->callNamedScope()
#6 /var/www/testapp/vendor/laravel/framework/src/Illuminate/Database/Eloquent/Builder.php(1510): Illuminate\\Database\\Eloquent\\Builder->Illuminate\\Database\\Eloquent\\{closure}()
#7 /var/www/testapp/vendor/laravel/framework/src/Illuminate/Database/Eloquent/Builder.php(1528): Illuminate\\Database\\Eloquent\\Builder->callScope()
#8 /var/www/testapp/vendor/laravel/framework/src/Illuminate/Database/Eloquent/Builder.php(2116): Illuminate\\Database\\Eloquent\\Builder->callNamedScope()
#9 /var/www/testapp/vendor/laravel/framework/src/Illuminate/Support/Traits/ForwardsCalls.php(23): Illuminate\\Database\\Eloquent\\Builder->__call()
#10 /var/www/testapp/vendor/laravel/framework/src/Illuminate/Database/Eloquent/Model.php(2372): Illuminate\\Database\\Eloquent\\Model->forwardCallTo()
#11 /var/www/testapp/vendor/laravel/framework/src/Illuminate/Database/Eloquent/Model.php(2384): Illuminate\\Database\\Eloquent\\Model->__call()
#12 /var/www/testapp/app/Http/Controllers/API/Admin/ReportController.php(385): Illuminate\\Database\\Eloquent\\Model::__callStatic()
#13 /var/www/testapp/vendor/laravel/framework/src/Illuminate/Routing/Controller.php(54): App\\Http\\Controllers\\API\\Admin\\ReportController->coachingMetrics()
#14 /var/www/testapp/vendor/laravel/framework/src/Illuminate/Routing/ControllerDispatcher.php(44): Illuminate\\Routing\\Controller->callAction()
#15 /var/www/testapp/vendor/laravel/framework/src/Illuminate/Routing/Route.php(266): Illuminate\\Routing\\ControllerDispatcher->dispatch()
#16 /var/www/testapp/vendor/laravel/framework/src/Illuminate/Routing/Route.php(212): Illuminate\\Routing\\Route->runController()
#17 /var/www/testapp/vendor/laravel/framework/src/Illuminate/Routing/Router.php(808): Illuminate\\Routing\\Route->run()
#18 /var/www/testapp/vendor/laravel/framework/src/Illuminate/Pipeline/Pipeline.php(170): Illuminate\\Routing\\Router->Illuminate\\Routing\\{closure}()
#19 /var/www/testapp/app/Http/Middleware/AdminApi.php(26): Illuminate\\Pipeline\\Pipeline->Illuminate\\Pipeline\\{closure}()
#20 /var/www/testapp/vendor/laravel/framework/src/Illuminate/Pipeline/Pipeline.php(209): App\\Http\\Middleware\\AdminApi->handle()
#21 /var/www/testapp/app/Http/Middleware/API/CheckUserStatus.php(26): Illuminate\\Pipeline\\Pipeline->Illuminate\\Pipeline\\{closure}()
#22 /var/www/testapp/vendor/laravel/framework/src/Illuminate/Pipeline/Pipeline.php(209): App\\Http\\Middleware\\API\\CheckUserStatus->handle()
#23 /var/www/testapp/vendor/laravel/framework/src/Illuminate/Routing/Middleware/SubstituteBindings.php(51): Illuminate\\Pipeline\\Pipeline->Illuminate\\Pipeline\\{closure}()
#24 /var/www/testapp/vendor/laravel/framework/src/Illuminate/Pipeline/Pipeline.php(209): Illuminate\\Routing\\Middleware\\SubstituteBindings->handle()
#25 /var/www/testapp/vendor/laravel/framework/src/Illuminate/Routing/Middleware/ThrottleRequests.php(161): Illuminate\\Pipeline\\Pipeline->Illuminate\\Pipeline\\{closure}()
#26 /var/www/testapp/vendor/laravel/framework/src/Illuminate/Routing/Middleware/ThrottleRequests.php(127): Illuminate\\Routing\\Middleware\\ThrottleRequests->handleRequest()
#27 /var/www/testapp/vendor/laravel/framework/src/Illuminate/Routing/Middleware/ThrottleRequests.php(89): Illuminate\\Routing\\Middleware\\ThrottleRequests->handleRequestUsingNamedLimiter()
#28 /var/www/testapp/vendor/laravel/framework/src/Illuminate/Pipeline/Pipeline.php(209): Illuminate\\Routing\\Middleware\\ThrottleRequests->handle()
#29 /var/www/testapp/vendor/laravel/framework/src/Illuminate/Auth/Middleware/Authenticate.php(64): Illuminate\\Pipeline\\Pipeline->Illuminate\\Pipeline\\{closure}()
#30 /var/www/testapp/vendor/laravel/framework/src/Illuminate/Pipeline/Pipeline.php(209): Illuminate\\Auth\\Middleware\\Authenticate->handle()
#31 /var/www/testapp/vendor/laravel/framework/src/Illuminate/Pipeline/Pipeline.php(127): Illuminate\\Pipeline\\Pipeline->Illuminate\\Pipeline\\{closure}()
#32 /var/www/testapp/vendor/laravel/framework/src/Illuminate/Routing/Router.php(807): Illuminate\\Pipeline\\Pipeline->then()
#33 /var/www/testapp/vendor/laravel/framework/src/Illuminate/Routing/Router.php(786): Illuminate\\Routing\\Router->runRouteWithinStack()
#34 /var/www/testapp/vendor/laravel/framework/src/Illuminate/Routing/Router.php(750): Illuminate\\Routing\\Router->runRoute()
#35 /var/www/testapp/vendor/laravel/framework/src/Illuminate/Routing/Router.php(739): Illuminate\\Routing\\Router->dispatchToRoute()
#36 /var/www/testapp/vendor/laravel/framework/src/Illuminate/Foundation/Http/Kernel.php(201): Illuminate\\Routing\\Router->dispatch()
#37 /var/www/testapp/vendor/laravel/framework/src/Illuminate/Pipeline/Pipeline.php(170): Illuminate\\Foundation\\Http\\Kernel->Illuminate\\Foundation\\Http\\{closure}()
#38 /var/www/testapp/vendor/livewire/livewire/src/Features/SupportDisablingBackButtonCache/DisableBackButtonCacheMiddleware.php(19): Illuminate\\Pipeline\\Pipeline->Illuminate\\Pipeline\\{closure}()
#39 /var/www/testapp/vendor/laravel/framework/src/Illuminate/Pipeline/Pipeline.php(209): Livewire\\Features\\SupportDisablingBackButtonCache\\DisableBackButtonCacheMiddleware->handle()
#40 /var/www/testapp/vendor/laravel/framework/src/Illuminate/Foundation/Http/Middleware/TransformsRequest.php(21): Illuminate\\Pipeline\\Pipeline->Illuminate\\Pipeline\\{closure}()
#41 /var/www/testapp/vendor/laravel/framework/src/Illuminate/Foundation/Http/Middleware/ConvertEmptyStringsToNull.php(31): Illuminate\\Foundation\\Http\\Middleware\\TransformsRequest->handle()
#42 /var/www/testapp/vendor/laravel/framework/src/Illuminate/Pipeline/Pipeline.php(209): Illuminate\\Foundation\\Http\\Middleware\\ConvertEmptyStringsToNull->handle()
#43 /var/www/testapp/vendor/laravel/framework/src/Illuminate/Foundation/Http/Middleware/TransformsRequest.php(21): Illuminate\\Pipeline\\Pipeline->Illuminate\\Pipeline\\{closure}()
#44 /var/www/testapp/vendor/laravel/framework/src/Illuminate/Foundation/Http/Middleware/TrimStrings.php(51): Illuminate\\Foundation\\Http\\Middleware\\TransformsRequest->handle()
#45 /var/www/testapp/vendor/laravel/framework/src/Illuminate/Pipeline/Pipeline.php(209): Illuminate\\Foundation\\Http\\Middleware\\TrimStrings->handle()
#46 /var/www/testapp/vendor/laravel/framework/src/Illuminate/Http/Middleware/ValidatePostSize.php(27): Illuminate\\Pipeline\\Pipeline->Illuminate\\Pipeline\\{closure}()
#47 /var/www/testapp/vendor/laravel/framework/src/Illuminate/Pipeline/Pipeline.php(209): Illuminate\\Http\\Middleware\\ValidatePostSize->handle()
#48 /var/www/testapp/vendor/laravel/framework/src/Illuminate/Foundation/Http/Middleware/PreventRequestsDuringMaintenance.php(110): Illuminate\\Pipeline\\Pipeline->Illuminate\\Pipeline\\{closure}()
#49 /var/www/testapp/vendor/laravel/framework/src/Illuminate/Pipeline/Pipeline.php(209): Illuminate\\Foundation\\Http\\Middleware\\PreventRequestsDuringMaintenance->handle()
#50 /var/www/testapp/vendor/laravel/framework/src/Illuminate/Http/Middleware/HandleCors.php(62): Illuminate\\Pipeline\\Pipeline->Illuminate\\Pipeline\\{closure}()
#51 /var/www/testapp/vendor/laravel/framework/src/Illuminate/Pipeline/Pipeline.php(209): Illuminate\\Http\\Middleware\\HandleCors->handle()
#52 /var/www/testapp/vendor/laravel/framework/src/Illuminate/Pipeline/Pipeline.php(127): Illuminate\\Pipeline\\Pipeline->Illuminate\\Pipeline\\{closure}()
#53 /var/www/testapp/vendor/laravel/framework/src/Illuminate/Foundation/Http/Kernel.php(176): Illuminate\\Pipeline\\Pipeline->then()
#54 /var/www/testapp/vendor/laravel/framework/src/Illuminate/Foundation/Http/Kernel.php(145): Illuminate\\Foundation\\Http\\Kernel->sendRequestThroughRouter()
#55 /var/www/testapp/public/index.php(51): Illuminate\\Foundation\\Http\\Kernel->handle()
#56 {main}
"} 
[2026-08-10 18:01:54] production.ERROR: There is no role named `coach` for guard `web`. {"userId":2,"exception":"[object] (Spatie\\Permission\\Exceptions\\RoleDoesNotExist(code: 0): There is no role named `coach` for guard `web`. at /var/www/testapp/vendor/spatie/laravel-permission/src/Exceptions/RoleDoesNotExist.php:11)
[stacktrace]
#0 /var/www/testapp/vendor/spatie/laravel-permission/src/Models/Role.php(113): Spatie\\Permission\\Exceptions\\RoleDoesNotExist::named()
#1 /var/www/testapp/vendor/spatie/laravel-permission/src/Traits/HasRoles.php(96): Spatie\\Permission\\Models\\Role::findByName()
#2 [internal function]: App\\Models\\User->Spatie\\Permission\\Traits\\{closure}()
#3 /var/www/testapp/vendor/spatie/laravel-permission/src/Traits/HasRoles.php(85): array_map()
#4 /var/www/testapp/vendor/laravel/framework/src/Illuminate/Database/Eloquent/Model.php(1654): App\\Models\\User->scopeRole()
#5 /var/www/testapp/vendor/laravel/framework/src/Illuminate/Database/Eloquent/Builder.php(1529): Illuminate\\Database\\Eloquent\\Model->callNamedScope()
#6 /var/www/testapp/vendor/laravel/framework/src/Illuminate/Database/Eloquent/Builder.php(1510): Illuminate\\Database\\Eloquent\\Builder->Illuminate\\Database\\Eloquent\\{closure}()
#7 /var/www/testapp/vendor/laravel/framework/src/Illuminate/Database/Eloquent/Builder.php(1528): Illuminate\\Database\\Eloquent\\Builder->callScope()
#8 /var/www/testapp/vendor/laravel/framework/src/Illuminate/Database/Eloquent/Builder.php(2116): Illuminate\\Database\\Eloquent\\Builder->callNamedScope()
#9 /var/www/testapp/vendor/laravel/framework/src/Illuminate/Support/Traits/ForwardsCalls.php(23): Illuminate\\Database\\Eloquent\\Builder->__call()
#10 /var/www/testapp/vendor/laravel/framework/src/Illuminate/Database/Eloquent/Model.php(2372): Illuminate\\Database\\Eloquent\\Model->forwardCallTo()
#11 /var/www/testapp/vendor/laravel/framework/src/Illuminate/Database/Eloquent/Model.php(2384): Illuminate\\Database\\Eloquent\\Model->__call()
#12 /var/www/testapp/app/Http/Controllers/API/Admin/ReportController.php(385): Illuminate\\Database\\Eloquent\\Model::__callStatic()
#13 /var/www/testapp/vendor/laravel/framework/src/Illuminate/Routing/Controller.php(54): App\\Http\\Controllers\\API\\Admin\\ReportController->coachingMetrics()
#14 /var/www/testapp/vendor/laravel/framework/src/Illuminate/Routing/ControllerDispatcher.php(44): Illuminate\\Routing\\Controller->callAction()
#15 /var/www/testapp/vendor/laravel/framework/src/Illuminate/Routing/Route.php(266): Illuminate\\Routing\\ControllerDispatcher->dispatch()
#16 /var/www/testapp/vendor/laravel/framework/src/Illuminate/Routing/Route.php(212): Illuminate\\Routing\\Route->runController()
#17 /var/www/testapp/vendor/laravel/framework/src/Illuminate/Routing/Router.php(808): Illuminate\\Routing\\Route->run()
#18 /var/www/testapp/vendor/laravel/framework/src/Illuminate/Pipeline/Pipeline.php(170): Illuminate\\Routing\\Router->Illuminate\\Routing\\{closure}()
#19 /var/www/testapp/app/Http/Middleware/AdminApi.php(26): Illuminate\\Pipeline\\Pipeline->Illuminate\\Pipeline\\{closure}()
#20 /var/www/testapp/vendor/laravel/framework/src/Illuminate/Pipeline/Pipeline.php(209): App\\Http\\Middleware\\AdminApi->handle()
#21 /var/www/testapp/app/Http/Middleware/API/CheckUserStatus.php(26): Illuminate\\Pipeline\\Pipeline->Illuminate\\Pipeline\\{closure}()
#22 /var/www/testapp/vendor/laravel/framework/src/Illuminate/Pipeline/Pipeline.php(209): App\\Http\\Middleware\\API\\CheckUserStatus->handle()
#23 /var/www/testapp/vendor/laravel/framework/src/Illuminate/Routing/Middleware/SubstituteBindings.php(51): Illuminate\\Pipeline\\Pipeline->Illuminate\\Pipeline\\{closure}()
#24 /var/www/testapp/vendor/laravel/framework/src/Illuminate/Pipeline/Pipeline.php(209): Illuminate\\Routing\\Middleware\\SubstituteBindings->handle()
#25 /var/www/testapp/vendor/laravel/framework/src/Illuminate/Routing/Middleware/ThrottleRequests.php(161): Illuminate\\Pipeline\\Pipeline->Illuminate\\Pipeline\\{closure}()
#26 /var/www/testapp/vendor/laravel/framework/src/Illuminate/Routing/Middleware/ThrottleRequests.php(127): Illuminate\\Routing\\Middleware\\ThrottleRequests->handleRequest()
#27 /var/www/testapp/vendor/laravel/framework/src/Illuminate/Routing/Middleware/ThrottleRequests.php(89): Illuminate\\Routing\\Middleware\\ThrottleRequests->handleRequestUsingNamedLimiter()
#28 /var/www/testapp/vendor/laravel/framework/src/Illuminate/Pipeline/Pipeline.php(209): Illuminate\\Routing\\Middleware\\ThrottleRequests->handle()
#29 /var/www/testapp/vendor/laravel/framework/src/Illuminate/Auth/Middleware/Authenticate.php(64): Illuminate\\Pipeline\\Pipeline->Illuminate\\Pipeline\\{closure}()
#30 /var/www/testapp/vendor/laravel/framework/src/Illuminate/Pipeline/Pipeline.php(209): Illuminate\\Auth\\Middleware\\Authenticate->handle()
#31 /var/www/testapp/vendor/laravel/framework/src/Illuminate/Pipeline/Pipeline.php(127): Illuminate\\Pipeline\\Pipeline->Illuminate\\Pipeline\\{closure}()
#32 /var/www/testapp/vendor/laravel/framework/src/Illuminate/Routing/Router.php(807): Illuminate\\Pipeline\\Pipeline->then()
#33 /var/www/testapp/vendor/laravel/framework/src/Illuminate/Routing/Router.php(786): Illuminate\\Routing\\Router->runRouteWithinStack()
#34 /var/www/testapp/vendor/laravel/framework/src/Illuminate/Routing/Router.php(750): Illuminate\\Routing\\Router->runRoute()
#35 /var/www/testapp/vendor/laravel/framework/src/Illuminate/Routing/Router.php(739): Illuminate\\Routing\\Router->dispatchToRoute()
#36 /var/www/testapp/vendor/laravel/framework/src/Illuminate/Foundation/Http/Kernel.php(201): Illuminate\\Routing\\Router->dispatch()
#37 /var/www/testapp/vendor/laravel/framework/src/Illuminate/Pipeline/Pipeline.php(170): Illuminate\\Foundation\\Http\\Kernel->Illuminate\\Foundation\\Http\\{closure}()
#38 /var/www/testapp/vendor/livewire/livewire/src/Features/SupportDisablingBackButtonCache/DisableBackButtonCacheMiddleware.php(19): Illuminate\\Pipeline\\Pipeline->Illuminate\\Pipeline\\{closure}()
#39 /var/www/testapp/vendor/laravel/framework/src/Illuminate/Pipeline/Pipeline.php(209): Livewire\\Features\\SupportDisablingBackButtonCache\\DisableBackButtonCacheMiddleware->handle()
#40 /var/www/testapp/vendor/laravel/framework/src/Illuminate/Foundation/Http/Middleware/TransformsRequest.php(21): Illuminate\\Pipeline\\Pipeline->Illuminate\\Pipeline\\{closure}()
#41 /var/www/testapp/vendor/laravel/framework/src/Illuminate/Foundation/Http/Middleware/ConvertEmptyStringsToNull.php(31): Illuminate\\Foundation\\Http\\Middleware\\TransformsRequest->handle()
#42 /var/www/testapp/vendor/laravel/framework/src/Illuminate/Pipeline/Pipeline.php(209): Illuminate\\Foundation\\Http\\Middleware\\ConvertEmptyStringsToNull->handle()
#43 /var/www/testapp/vendor/laravel/framework/src/Illuminate/Foundation/Http/Middleware/TransformsRequest.php(21): Illuminate\\Pipeline\\Pipeline->Illuminate\\Pipeline\\{closure}()
#44 /var/www/testapp/vendor/laravel/framework/src/Illuminate/Foundation/Http/Middleware/TrimStrings.php(51): Illuminate\\Foundation\\Http\\Middleware\\TransformsRequest->handle()
#45 /var/www/testapp/vendor/laravel/framework/src/Illuminate/Pipeline/Pipeline.php(209): Illuminate\\Foundation\\Http\\Middleware\\TrimStrings->handle()
#46 /var/www/testapp/vendor/laravel/framework/src/Illuminate/Http/Middleware/ValidatePostSize.php(27): Illuminate\\Pipeline\\Pipeline->Illuminate\\Pipeline\\{closure}()
#47 /var/www/testapp/vendor/laravel/framework/src/Illuminate/Pipeline/Pipeline.php(209): Illuminate\\Http\\Middleware\\ValidatePostSize->handle()
#48 /var/www/testapp/vendor/laravel/framework/src/Illuminate/Foundation/Http/Middleware/PreventRequestsDuringMaintenance.php(110): Illuminate\\Pipeline\\Pipeline->Illuminate\\Pipeline\\{closure}()
#49 /var/www/testapp/vendor/laravel/framework/src/Illuminate/Pipeline/Pipeline.php(209): Illuminate\\Foundation\\Http\\Middleware\\PreventRequestsDuringMaintenance->handle()
#50 /var/www/testapp/vendor/laravel/framework/src/Illuminate/Http/Middleware/HandleCors.php(62): Illuminate\\Pipeline\\Pipeline->Illuminate\\Pipeline\\{closure}()
#51 /var/www/testapp/vendor/laravel/framework/src/Illuminate/Pipeline/Pipeline.php(209): Illuminate\\Http\\Middleware\\HandleCors->handle()
#52 /var/www/testapp/vendor/laravel/framework/src/Illuminate/Pipeline/Pipeline.php(127): Illuminate\\Pipeline\\Pipeline->Illuminate\\Pipeline\\{closure}()
#53 /var/www/testapp/vendor/laravel/framework/src/Illuminate/Foundation/Http/Kernel.php(176): Illuminate\\Pipeline\\Pipeline->then()
#54 /var/www/testapp/vendor/laravel/framework/src/Illuminate/Foundation/Http/Kernel.php(145): Illuminate\\Foundation\\Http\\Kernel->sendRequestThroughRouter()
#55 /var/www/testapp/public/index.php(51): Illuminate\\Foundation\\Http\\Kernel->handle()
#56 {main}
"} 
[2026-08-10 18:35:05] production.ERROR: SQLSTATE[42S22]: Column not found: 1054 Unknown column 'client_tag_assignments.tag_id' in 'field list' (Connection: mysql, SQL: select `client_tags`.*, `client_tag_assignments`.`client_id` as `pivot_client_id`, `client_tag_assignments`.`tag_id` as `pivot_tag_id` from `client_tags` inner join `client_tag_assignments` on `client_tags`.`id` = `client_tag_assignments`.`tag_id` where `client_tag_assignments`.`client_id` in (8)) {"userId":2,"exception":"[object] (Illuminate\\Database\\QueryException(code: 42S22): SQLSTATE[42S22]: Column not found: 1054 Unknown column 'client_tag_assignments.tag_id' in 'field list' (Connection: mysql, SQL: select `client_tags`.*, `client_tag_assignments`.`client_id` as `pivot_client_id`, `client_tag_assignments`.`tag_id` as `pivot_tag_id` from `client_tags` inner join `client_tag_assignments` on `client_tags`.`id` = `client_tag_assignments`.`tag_id` where `client_tag_assignments`.`client_id` in (8)) at /var/www/testapp/vendor/laravel/framework/src/Illuminate/Database/Connection.php:825)
[stacktrace]
#0 /var/www/testapp/vendor/laravel/framework/src/Illuminate/Database/Connection.php(779): Illuminate\\Database\\Connection->runQueryCallback()
#1 /var/www/testapp/vendor/laravel/framework/src/Illuminate/Database/Connection.php(398): Illuminate\\Database\\Connection->run()
#2 /var/www/testapp/vendor/laravel/framework/src/Illuminate/Database/Query/Builder.php(3106): Illuminate\\Database\\Connection->select()
#3 /var/www/testapp/vendor/laravel/framework/src/Illuminate/Database/Query/Builder.php(3091): Illuminate\\Database\\Query\\Builder->runSelect()
#4 /var/www/testapp/vendor/laravel/framework/src/Illuminate/Database/Query/Builder.php(3676): Illuminate\\Database\\Query\\Builder->Illuminate\\Database\\Query\\{closure}()
#5 /var/www/testapp/vendor/laravel/framework/src/Illuminate/Database/Query/Builder.php(3090): Illuminate\\Database\\Query\\Builder->onceWithColumns()
#6 /var/www/testapp/vendor/laravel/framework/src/Illuminate/Database/Eloquent/Builder.php(811): Illuminate\\Database\\Query\\Builder->get()
#7 /var/www/testapp/vendor/laravel/framework/src/Illuminate/Database/Eloquent/Relations/BelongsToMany.php(887): Illuminate\\Database\\Eloquent\\Builder->getModels()
#8 /var/www/testapp/vendor/laravel/framework/src/Illuminate/Database/Eloquent/Relations/Relation.php(176): Illuminate\\Database\\Eloquent\\Relations\\BelongsToMany->get()
#9 /var/www/testapp/vendor/laravel/framework/src/Illuminate/Database/Eloquent/Builder.php(859): Illuminate\\Database\\Eloquent\\Relations\\Relation->getEager()
#10 /var/www/testapp/vendor/laravel/framework/src/Illuminate/Database/Eloquent/Builder.php(828): Illuminate\\Database\\Eloquent\\Builder->eagerLoadRelation()
#11 /var/www/testapp/vendor/laravel/framework/src/Illuminate/Database/Eloquent/Builder.php(794): Illuminate\\Database\\Eloquent\\Builder->eagerLoadRelations()
#12 /var/www/testapp/vendor/laravel/framework/src/Illuminate/Database/Concerns/BuildsQueries.php(343): Illuminate\\Database\\Eloquent\\Builder->get()
#13 /var/www/testapp/vendor/laravel/framework/src/Illuminate/Database/Eloquent/Builder.php(477): Illuminate\\Database\\Eloquent\\Builder->first()
#14 /var/www/testapp/app/Http/Controllers/API/ClientTagController.php(55): Illuminate\\Database\\Eloquent\\Builder->find()
#15 /var/www/testapp/vendor/laravel/framework/src/Illuminate/Routing/Controller.php(54): App\\Http\\Controllers\\API\\ClientTagController->getClientTags()
#16 /var/www/testapp/vendor/laravel/framework/src/Illuminate/Routing/ControllerDispatcher.php(44): Illuminate\\Routing\\Controller->callAction()
#17 /var/www/testapp/vendor/laravel/framework/src/Illuminate/Routing/Route.php(266): Illuminate\\Routing\\ControllerDispatcher->dispatch()
#18 /var/www/testapp/vendor/laravel/framework/src/Illuminate/Routing/Route.php(212): Illuminate\\Routing\\Route->runController()
#19 /var/www/testapp/vendor/laravel/framework/src/Illuminate/Routing/Router.php(808): Illuminate\\Routing\\Route->run()
#20 /var/www/testapp/vendor/laravel/framework/src/Illuminate/Pipeline/Pipeline.php(170): Illuminate\\Routing\\Router->Illuminate\\Routing\\{closure}()
#21 /var/www/testapp/app/Http/Middleware/AdminApi.php(26): Illuminate\\Pipeline\\Pipeline->Illuminate\\Pipeline\\{closure}()
#22 /var/www/testapp/vendor/laravel/framework/src/Illuminate/Pipeline/Pipeline.php(209): App\\Http\\Middleware\\AdminApi->handle()
#23 /var/www/testapp/app/Http/Middleware/API/CheckUserStatus.php(26): Illuminate\\Pipeline\\Pipeline->Illuminate\\Pipeline\\{closure}()
#24 /var/www/testapp/vendor/laravel/framework/src/Illuminate/Pipeline/Pipeline.php(209): App\\Http\\Middleware\\API\\CheckUserStatus->handle()
#25 /var/www/testapp/vendor/laravel/framework/src/Illuminate/Routing/Middleware/SubstituteBindings.php(51): Illuminate\\Pipeline\\Pipeline->Illuminate\\Pipeline\\{closure}()
#26 /var/www/testapp/vendor/laravel/framework/src/Illuminate/Pipeline/Pipeline.php(209): Illuminate\\Routing\\Middleware\\SubstituteBindings->handle()
#27 /var/www/testapp/vendor/laravel/framework/src/Illuminate/Routing/Middleware/ThrottleRequests.php(161): Illuminate\\Pipeline\\Pipeline->Illuminate\\Pipeline\\{closure}()
#28 /var/www/testapp/vendor/laravel/framework/src/Illuminate/Routing/Middleware/ThrottleRequests.php(127): Illuminate\\Routing\\Middleware\\ThrottleRequests->handleRequest()
#29 /var/www/testapp/vendor/laravel/framework/src/Illuminate/Routing/Middleware/ThrottleRequests.php(89): Illuminate\\Routing\\Middleware\\ThrottleRequests->handleRequestUsingNamedLimiter()
#30 /var/www/testapp/vendor/laravel/framework/src/Illuminate/Pipeline/Pipeline.php(209): Illuminate\\Routing\\Middleware\\ThrottleRequests->handle()
#31 /var/www/testapp/vendor/laravel/framework/src/Illuminate/Auth/Middleware/Authenticate.php(64): Illuminate\\Pipeline\\Pipeline->Illuminate\\Pipeline\\{closure}()
#32 /var/www/testapp/vendor/laravel/framework/src/Illuminate/Pipeline/Pipeline.php(209): Illuminate\\Auth\\Middleware\\Authenticate->handle()
#33 /var/www/testapp/vendor/laravel/framework/src/Illuminate/Pipeline/Pipeline.php(127): Illuminate\\Pipeline\\Pipeline->Illuminate\\Pipeline\\{closure}()
#34 /var/www/testapp/vendor/laravel/framework/src/Illuminate/Routing/Router.php(807): Illuminate\\Pipeline\\Pipeline->then()
#35 /var/www/testapp/vendor/laravel/framework/src/Illuminate/Routing/Router.php(786): Illuminate\\Routing\\Router->runRouteWithinStack()
#36 /var/www/testapp/vendor/laravel/framework/src/Illuminate/Routing/Router.php(750): Illuminate\\Routing\\Router->runRoute()
#37 /var/www/testapp/vendor/laravel/framework/src/Illuminate/Routing/Router.php(739): Illuminate\\Routing\\Router->dispatchToRoute()
#38 /var/www/testapp/vendor/laravel/framework/src/Illuminate/Foundation/Http/Kernel.php(201): Illuminate\\Routing\\Router->dispatch()
#39 /var/www/testapp/vendor/laravel/framework/src/Illuminate/Pipeline/Pipeline.php(170): Illuminate\\Foundation\\Http\\Kernel->Illuminate\\Foundation\\Http\\{closure}()
#40 /var/www/testapp/vendor/livewire/livewire/src/Features/SupportDisablingBackButtonCache/DisableBackButtonCacheMiddleware.php(19): Illuminate\\Pipeline\\Pipeline->Illuminate\\Pipeline\\{closure}()
#41 /var/www/testapp/vendor/laravel/framework/src/Illuminate/Pipeline/Pipeline.php(209): Livewire\\Features\\SupportDisablingBackButtonCache\\DisableBackButtonCacheMiddleware->handle()
#42 /var/www/testapp/vendor/laravel/framework/src/Illuminate/Foundation/Http/Middleware/TransformsRequest.php(21): Illuminate\\Pipeline\\Pipeline->Illuminate\\Pipeline\\{closure}()
#43 /var/www/testapp/vendor/laravel/framework/src/Illuminate/Foundation/Http/Middleware/ConvertEmptyStringsToNull.php(31): Illuminate\\Foundation\\Http\\Middleware\\TransformsRequest->handle()
#44 /var/www/testapp/vendor/laravel/framework/src/Illuminate/Pipeline/Pipeline.php(209): Illuminate\\Foundation\\Http\\Middleware\\ConvertEmptyStringsToNull->handle()
#45 /var/www/testapp/vendor/laravel/framework/src/Illuminate/Foundation/Http/Middleware/TransformsRequest.php(21): Illuminate\\Pipeline\\Pipeline->Illuminate\\Pipeline\\{closure}()
#46 /var/www/testapp/vendor/laravel/framework/src/Illuminate/Foundation/Http/Middleware/TrimStrings.php(51): Illuminate\\Foundation\\Http\\Middleware\\TransformsRequest->handle()
#47 /var/www/testapp/vendor/laravel/framework/src/Illuminate/Pipeline/Pipeline.php(209): Illuminate\\Foundation\\Http\\Middleware\\TrimStrings->handle()
#48 /var/www/testapp/vendor/laravel/framework/src/Illuminate/Http/Middleware/ValidatePostSize.php(27): Illuminate\\Pipeline\\Pipeline->Illuminate\\Pipeline\\{closure}()
#49 /var/www/testapp/vendor/laravel/framework/src/Illuminate/Pipeline/Pipeline.php(209): Illuminate\\Http\\Middleware\\ValidatePostSize->handle()
#50 /var/www/testapp/vendor/laravel/framework/src/Illuminate/Foundation/Http/Middleware/PreventRequestsDuringMaintenance.php(110): Illuminate\\Pipeline\\Pipeline->Illuminate\\Pipeline\\{closure}()
#51 /var/www/testapp/vendor/laravel/framework/src/Illuminate/Pipeline/Pipeline.php(209): Illuminate\\Foundation\\Http\\Middleware\\PreventRequestsDuringMaintenance->handle()
#52 /var/www/testapp/vendor/laravel/framework/src/Illuminate/Http/Middleware/HandleCors.php(62): Illuminate\\Pipeline\\Pipeline->Illuminate\\Pipeline\\{closure}()
#53 /var/www/testapp/vendor/laravel/framework/src/Illuminate/Pipeline/Pipeline.php(209): Illuminate\\Http\\Middleware\\HandleCors->handle()
#54 /var/www/testapp/vendor/laravel/framework/src/Illuminate/Pipeline/Pipeline.php(127): Illuminate\\Pipeline\\Pipeline->Illuminate\\Pipeline\\{closure}()
#55 /var/www/testapp/vendor/laravel/framework/src/Illuminate/Foundation/Http/Kernel.php(176): Illuminate\\Pipeline\\Pipeline->then()
#56 /var/www/testapp/vendor/laravel/framework/src/Illuminate/Foundation/Http/Kernel.php(145): Illuminate\\Foundation\\Http\\Kernel->sendRequestThroughRouter()
#57 /var/www/testapp/public/index.php(51): Illuminate\\Foundation\\Http\\Kernel->handle()
#58 {main}

[previous exception] [object] (PDOException(code: 42S22): SQLSTATE[42S22]: Column not found: 1054 Unknown column 'client_tag_assignments.tag_id' in 'field list' at /var/www/testapp/vendor/laravel/framework/src/Illuminate/Database/Connection.php:407)
[stacktrace]
#0 /var/www/testapp/vendor/laravel/framework/src/Illuminate/Database/Connection.php(407): PDO->prepare()
#1 /var/www/testapp/vendor/laravel/framework/src/Illuminate/Database/Connection.php(812): Illuminate\\Database\\Connection->Illuminate\\Database\\{closure}()
#2 /var/www/testapp/vendor/laravel/framework/src/Illuminate/Database/Connection.php(779): Illuminate\\Database\\Connection->runQueryCallback()
#3 /var/www/testapp/vendor/laravel/framework/src/Illuminate/Database/Connection.php(398): Illuminate\\Database\\Connection->run()
#4 /var/www/testapp/vendor/laravel/framework/src/Illuminate/Database/Query/Builder.php(3106): Illuminate\\Database\\Connection->select()
#5 /var/www/testapp/vendor/laravel/framework/src/Illuminate/Database/Query/Builder.php(3091): Illuminate\\Database\\Query\\Builder->runSelect()
#6 /var/www/testapp/vendor/laravel/framework/src/Illuminate/Database/Query/Builder.php(3676): Illuminate\\Database\\Query\\Builder->Illuminate\\Database\\Query\\{closure}()
#7 /var/www/testapp/vendor/laravel/framework/src/Illuminate/Database/Query/Builder.php(3090): Illuminate\\Database\\Query\\Builder->onceWithColumns()
#8 /var/www/testapp/vendor/laravel/framework/src/Illuminate/Database/Eloquent/Builder.php(811): Illuminate\\Database\\Query\\Builder->get()
#9 /var/www/testapp/vendor/laravel/framework/src/Illuminate/Database/Eloquent/Relations/BelongsToMany.php(887): Illuminate\\Database\\Eloquent\\Builder->getModels()
#10 /var/www/testapp/vendor/laravel/framework/src/Illuminate/Database/Eloquent/Relations/Relation.php(176): Illuminate\\Database\\Eloquent\\Relations\\BelongsToMany->get()
#11 /var/www/testapp/vendor/laravel/framework/src/Illuminate/Database/Eloquent/Builder.php(859): Illuminate\\Database\\Eloquent\\Relations\\Relation->getEager()
#12 /var/www/testapp/vendor/laravel/framework/src/Illuminate/Database/Eloquent/Builder.php(828): Illuminate\\Database\\Eloquent\\Builder->eagerLoadRelation()
#13 /var/www/testapp/vendor/laravel/framework/src/Illuminate/Database/Eloquent/Builder.php(794): Illuminate\\Database\\Eloquent\\Builder->eagerLoadRelations()
#14 /var/www/testapp/vendor/laravel/framework/src/Illuminate/Database/Concerns/BuildsQueries.php(343): Illuminate\\Database\\Eloquent\\Builder->get()
#15 /var/www/testapp/vendor/laravel/framework/src/Illuminate/Database/Eloquent/Builder.php(477): Illuminate\\Database\\Eloquent\\Builder->first()
#16 /var/www/testapp/app/Http/Controllers/API/ClientTagController.php(55): Illuminate\\Database\\Eloquent\\Builder->find()
#17 /var/www/testapp/vendor/laravel/framework/src/Illuminate/Routing/Controller.php(54): App\\Http\\Controllers\\API\\ClientTagController->getClientTags()
#18 /var/www/testapp/vendor/laravel/framework/src/Illuminate/Routing/ControllerDispatcher.php(44): Illuminate\\Routing\\Controller->callAction()
#19 /var/www/testapp/vendor/laravel/framework/src/Illuminate/Routing/Route.php(266): Illuminate\\Routing\\ControllerDispatcher->dispatch()
#20 /var/www/testapp/vendor/laravel/framework/src/Illuminate/Routing/Route.php(212): Illuminate\\Routing\\Route->runController()
#21 /var/www/testapp/vendor/laravel/framework/src/Illuminate/Routing/Router.php(808): Illuminate\\Routing\\Route->run()
#22 /var/www/testapp/vendor/laravel/framework/src/Illuminate/Pipeline/Pipeline.php(170): Illuminate\\Routing\\Router->Illuminate\\Routing\\{closure}()
#23 /var/www/testapp/app/Http/Middleware/AdminApi.php(26): Illuminate\\Pipeline\\Pipeline->Illuminate\\Pipeline\\{closure}()
#24 /var/www/testapp/vendor/laravel/framework/src/Illuminate/Pipeline/Pipeline.php(209): App\\Http\\Middleware\\AdminApi->handle()
#25 /var/www/testapp/app/Http/Middleware/API/CheckUserStatus.php(26): Illuminate\\Pipeline\\Pipeline->Illuminate\\Pipeline\\{closure}()
#26 /var/www/testapp/vendor/laravel/framework/src/Illuminate/Pipeline/Pipeline.php(209): App\\Http\\Middleware\\API\\CheckUserStatus->handle()
#27 /var/www/testapp/vendor/laravel/framework/src/Illuminate/Routing/Middleware/SubstituteBindings.php(51): Illuminate\\Pipeline\\Pipeline->Illuminate\\Pipeline\\{closure}()
#28 /var/www/testapp/vendor/laravel/framework/src/Illuminate/Pipeline/Pipeline.php(209): Illuminate\\Routing\\Middleware\\SubstituteBindings->handle()
#29 /var/www/testapp/vendor/laravel/framework/src/Illuminate/Routing/Middleware/ThrottleRequests.php(161): Illuminate\\Pipeline\\Pipeline->Illuminate\\Pipeline\\{closure}()
#30 /var/www/testapp/vendor/laravel/framework/src/Illuminate/Routing/Middleware/ThrottleRequests.php(127): Illuminate\\Routing\\Middleware\\ThrottleRequests->handleRequest()
#31 /var/www/testapp/vendor/laravel/framework/src/Illuminate/Routing/Middleware/ThrottleRequests.php(89): Illuminate\\Routing\\Middleware\\ThrottleRequests->handleRequestUsingNamedLimiter()
#32 /var/www/testapp/vendor/laravel/framework/src/Illuminate/Pipeline/Pipeline.php(209): Illuminate\\Routing\\Middleware\\ThrottleRequests->handle()
#33 /var/www/testapp/vendor/laravel/framework/src/Illuminate/Auth/Middleware/Authenticate.php(64): Illuminate\\Pipeline\\Pipeline->Illuminate\\Pipeline\\{closure}()
#34 /var/www/testapp/vendor/laravel/framework/src/Illuminate/Pipeline/Pipeline.php(209): Illuminate\\Auth\\Middleware\\Authenticate->handle()
#35 /var/www/testapp/vendor/laravel/framework/src/Illuminate/Pipeline/Pipeline.php(127): Illuminate\\Pipeline\\Pipeline->Illuminate\\Pipeline\\{closure}()
#36 /var/www/testapp/vendor/laravel/framework/src/Illuminate/Routing/Router.php(807): Illuminate\\Pipeline\\Pipeline->then()
#37 /var/www/testapp/vendor/laravel/framework/src/Illuminate/Routing/Router.php(786): Illuminate\\Routing\\Router->runRouteWithinStack()
#38 /var/www/testapp/vendor/laravel/framework/src/Illuminate/Routing/Router.php(750): Illuminate\\Routing\\Router->runRoute()
#39 /var/www/testapp/vendor/laravel/framework/src/Illuminate/Routing/Router.php(739): Illuminate\\Routing\\Router->dispatchToRoute()
#40 /var/www/testapp/vendor/laravel/framework/src/Illuminate/Foundation/Http/Kernel.php(201): Illuminate\\Routing\\Router->dispatch()
#41 /var/www/testapp/vendor/laravel/framework/src/Illuminate/Pipeline/Pipeline.php(170): Illuminate\\Foundation\\Http\\Kernel->Illuminate\\Foundation\\Http\\{closure}()
#42 /var/www/testapp/vendor/livewire/livewire/src/Features/SupportDisablingBackButtonCache/DisableBackButtonCacheMiddleware.php(19): Illuminate\\Pipeline\\Pipeline->Illuminate\\Pipeline\\{closure}()
#43 /var/www/testapp/vendor/laravel/framework/src/Illuminate/Pipeline/Pipeline.php(209): Livewire\\Features\\SupportDisablingBackButtonCache\\DisableBackButtonCacheMiddleware->handle()
#44 /var/www/testapp/vendor/laravel/framework/src/Illuminate/Foundation/Http/Middleware/TransformsRequest.php(21): Illuminate\\Pipeline\\Pipeline->Illuminate\\Pipeline\\{closure}()
#45 /var/www/testapp/vendor/laravel/framework/src/Illuminate/Foundation/Http/Middleware/ConvertEmptyStringsToNull.php(31): Illuminate\\Foundation\\Http\\Middleware\\TransformsRequest->handle()
#46 /var/www/testapp/vendor/laravel/framework/src/Illuminate/Pipeline/Pipeline.php(209): Illuminate\\Foundation\\Http\\Middleware\\ConvertEmptyStringsToNull->handle()
#47 /var/www/testapp/vendor/laravel/framework/src/Illuminate/Foundation/Http/Middleware/TransformsRequest.php(21): Illuminate\\Pipeline\\Pipeline->Illuminate\\Pipeline\\{closure}()
#48 /var/www/testapp/vendor/laravel/framework/src/Illuminate/Foundation/Http/Middleware/TrimStrings.php(51): Illuminate\\Foundation\\Http\\Middleware\\TransformsRequest->handle()
#49 /var/www/testapp/vendor/laravel/framework/src/Illuminate/Pipeline/Pipeline.php(209): Illuminate\\Foundation\\Http\\Middleware\\TrimStrings->handle()
#50 /var/www/testapp/vendor/laravel/framework/src/Illuminate/Http/Middleware/ValidatePostSize.php(27): Illuminate\\Pipeline\\Pipeline->Illuminate\\Pipeline\\{closure}()
#51 /var/www/testapp/vendor/laravel/framework/src/Illuminate/Pipeline/Pipeline.php(209): Illuminate\\Http\\Middleware\\ValidatePostSize->handle()
#52 /var/www/testapp/vendor/laravel/framework/src/Illuminate/Foundation/Http/Middleware/PreventRequestsDuringMaintenance.php(110): Illuminate\\Pipeline\\Pipeline->Illuminate\\Pipeline\\{closure}()
#53 /var/www/testapp/vendor/laravel/framework/src/Illuminate/Pipeline/Pipeline.php(209): Illuminate\\Foundation\\Http\\Middleware\\PreventRequestsDuringMaintenance->handle()
#54 /var/www/testapp/vendor/laravel/framework/src/Illuminate/Http/Middleware/HandleCors.php(62): Illuminate\\Pipeline\\Pipeline->Illuminate\\Pipeline\\{closure}()
#55 /var/www/testapp/vendor/laravel/framework/src/Illuminate/Pipeline/Pipeline.php(209): Illuminate\\Http\\Middleware\\HandleCors->handle()
#56 /var/www/testapp/vendor/laravel/framework/src/Illuminate/Pipeline/Pipeline.php(127): Illuminate\\Pipeline\\Pipeline->Illuminate\\Pipeline\\{closure}()
#57 /var/www/testapp/vendor/laravel/framework/src/Illuminate/Foundation/Http/Kernel.php(176): Illuminate\\Pipeline\\Pipeline->then()
#58 /var/www/testapp/vendor/laravel/framework/src/Illuminate/Foundation/Http/Kernel.php(145): Illuminate\\Foundation\\Http\\Kernel->sendRequestThroughRouter()
#59 /var/www/testapp/public/index.php(51): Illuminate\\Foundation\\Http\\Kernel->handle()
#60 {main}
"} 
[2026-08-10 18:48:17] production.ERROR: SQLSTATE[42S22]: Column not found: 1054 Unknown column 'client_tag_assignments.tag_id' in 'field list' (Connection: mysql, SQL: select `client_tags`.*, `client_tag_assignments`.`client_id` as `pivot_client_id`, `client_tag_assignments`.`tag_id` as `pivot_tag_id` from `client_tags` inner join `client_tag_assignments` on `client_tags`.`id` = `client_tag_assignments`.`tag_id` where `client_tag_assignments`.`client_id` in (8)) {"userId":2,"exception":"[object] (Illuminate\\Database\\QueryException(code: 42S22): SQLSTATE[42S22]: Column not found: 1054 Unknown column 'client_tag_assignments.tag_id' in 'field list' (Connection: mysql, SQL: select `client_tags`.*, `client_tag_assignments`.`client_id` as `pivot_client_id`, `client_tag_assignments`.`tag_id` as `pivot_tag_id` from `client_tags` inner join `client_tag_assignments` on `client_tags`.`id` = `client_tag_assignments`.`tag_id` where `client_tag_assignments`.`client_id` in (8)) at /var/www/testapp/vendor/laravel/framework/src/Illuminate/Database/Connection.php:825)
[stacktrace]
#0 /var/www/testapp/vendor/laravel/framework/src/Illuminate/Database/Connection.php(779): Illuminate\\Database\\Connection->runQueryCallback()
#1 /var/www/testapp/vendor/laravel/framework/src/Illuminate/Database/Connection.php(398): Illuminate\\Database\\Connection->run()
#2 /var/www/testapp/vendor/laravel/framework/src/Illuminate/Database/Query/Builder.php(3106): Illuminate\\Database\\Connection->select()
#3 /var/www/testapp/vendor/laravel/framework/src/Illuminate/Database/Query/Builder.php(3091): Illuminate\\Database\\Query\\Builder->runSelect()
#4 /var/www/testapp/vendor/laravel/framework/src/Illuminate/Database/Query/Builder.php(3676): Illuminate\\Database\\Query\\Builder->Illuminate\\Database\\Query\\{closure}()
#5 /var/www/testapp/vendor/laravel/framework/src/Illuminate/Database/Query/Builder.php(3090): Illuminate\\Database\\Query\\Builder->onceWithColumns()
#6 /var/www/testapp/vendor/laravel/framework/src/Illuminate/Database/Eloquent/Builder.php(811): Illuminate\\Database\\Query\\Builder->get()
#7 /var/www/testapp/vendor/laravel/framework/src/Illuminate/Database/Eloquent/Relations/BelongsToMany.php(887): Illuminate\\Database\\Eloquent\\Builder->getModels()
#8 /var/www/testapp/vendor/laravel/framework/src/Illuminate/Database/Eloquent/Relations/Relation.php(176): Illuminate\\Database\\Eloquent\\Relations\\BelongsToMany->get()
#9 /var/www/testapp/vendor/laravel/framework/src/Illuminate/Database/Eloquent/Builder.php(859): Illuminate\\Database\\Eloquent\\Relations\\Relation->getEager()
#10 /var/www/testapp/vendor/laravel/framework/src/Illuminate/Database/Eloquent/Builder.php(828): Illuminate\\Database\\Eloquent\\Builder->eagerLoadRelation()
#11 /var/www/testapp/vendor/laravel/framework/src/Illuminate/Database/Eloquent/Builder.php(794): Illuminate\\Database\\Eloquent\\Builder->eagerLoadRelations()
#12 /var/www/testapp/vendor/laravel/framework/src/Illuminate/Database/Concerns/BuildsQueries.php(343): Illuminate\\Database\\Eloquent\\Builder->get()
#13 /var/www/testapp/vendor/laravel/framework/src/Illuminate/Database/Eloquent/Builder.php(477): Illuminate\\Database\\Eloquent\\Builder->first()
#14 /var/www/testapp/app/Http/Controllers/API/ClientTagController.php(55): Illuminate\\Database\\Eloquent\\Builder->find()
#15 /var/www/testapp/vendor/laravel/framework/src/Illuminate/Routing/Controller.php(54): App\\Http\\Controllers\\API\\ClientTagController->getClientTags()
#16 /var/www/testapp/vendor/laravel/framework/src/Illuminate/Routing/ControllerDispatcher.php(44): Illuminate\\Routing\\Controller->callAction()
#17 /var/www/testapp/vendor/laravel/framework/src/Illuminate/Routing/Route.php(266): Illuminate\\Routing\\ControllerDispatcher->dispatch()
#18 /var/www/testapp/vendor/laravel/framework/src/Illuminate/Routing/Route.php(212): Illuminate\\Routing\\Route->runController()
#19 /var/www/testapp/vendor/laravel/framework/src/Illuminate/Routing/Router.php(808): Illuminate\\Routing\\Route->run()
#20 /var/www/testapp/vendor/laravel/framework/src/Illuminate/Pipeline/Pipeline.php(170): Illuminate\\Routing\\Router->Illuminate\\Routing\\{closure}()
#21 /var/www/testapp/app/Http/Middleware/AdminApi.php(26): Illuminate\\Pipeline\\Pipeline->Illuminate\\Pipeline\\{closure}()
#22 /var/www/testapp/vendor/laravel/framework/src/Illuminate/Pipeline/Pipeline.php(209): App\\Http\\Middleware\\AdminApi->handle()
#23 /var/www/testapp/app/Http/Middleware/API/CheckUserStatus.php(26): Illuminate\\Pipeline\\Pipeline->Illuminate\\Pipeline\\{closure}()
#24 /var/www/testapp/vendor/laravel/framework/src/Illuminate/Pipeline/Pipeline.php(209): App\\Http\\Middleware\\API\\CheckUserStatus->handle()
#25 /var/www/testapp/vendor/laravel/framework/src/Illuminate/Routing/Middleware/SubstituteBindings.php(51): Illuminate\\Pipeline\\Pipeline->Illuminate\\Pipeline\\{closure}()
#26 /var/www/testapp/vendor/laravel/framework/src/Illuminate/Pipeline/Pipeline.php(209): Illuminate\\Routing\\Middleware\\SubstituteBindings->handle()
#27 /var/www/testapp/vendor/laravel/framework/src/Illuminate/Routing/Middleware/ThrottleRequests.php(161): Illuminate\\Pipeline\\Pipeline->Illuminate\\Pipeline\\{closure}()
#28 /var/www/testapp/vendor/laravel/framework/src/Illuminate/Routing/Middleware/ThrottleRequests.php(127): Illuminate\\Routing\\Middleware\\ThrottleRequests->handleRequest()
#29 /var/www/testapp/vendor/laravel/framework/src/Illuminate/Routing/Middleware/ThrottleRequests.php(89): Illuminate\\Routing\\Middleware\\ThrottleRequests->handleRequestUsingNamedLimiter()
#30 /var/www/testapp/vendor/laravel/framework/src/Illuminate/Pipeline/Pipeline.php(209): Illuminate\\Routing\\Middleware\\ThrottleRequests->handle()
#31 /var/www/testapp/vendor/laravel/framework/src/Illuminate/Auth/Middleware/Authenticate.php(64): Illuminate\\Pipeline\\Pipeline->Illuminate\\Pipeline\\{closure}()
#32 /var/www/testapp/vendor/laravel/framework/src/Illuminate/Pipeline/Pipeline.php(209): Illuminate\\Auth\\Middleware\\Authenticate->handle()
#33 /var/www/testapp/vendor/laravel/framework/src/Illuminate/Pipeline/Pipeline.php(127): Illuminate\\Pipeline\\Pipeline->Illuminate\\Pipeline\\{closure}()
#34 /var/www/testapp/vendor/laravel/framework/src/Illuminate/Routing/Router.php(807): Illuminate\\Pipeline\\Pipeline->then()
#35 /var/www/testapp/vendor/laravel/framework/src/Illuminate/Routing/Router.php(786): Illuminate\\Routing\\Router->runRouteWithinStack()
#36 /var/www/testapp/vendor/laravel/framework/src/Illuminate/Routing/Router.php(750): Illuminate\\Routing\\Router->runRoute()
#37 /var/www/testapp/vendor/laravel/framework/src/Illuminate/Routing/Router.php(739): Illuminate\\Routing\\Router->dispatchToRoute()
#38 /var/www/testapp/vendor/laravel/framework/src/Illuminate/Foundation/Http/Kernel.php(201): Illuminate\\Routing\\Router->dispatch()
#39 /var/www/testapp/vendor/laravel/framework/src/Illuminate/Pipeline/Pipeline.php(170): Illuminate\\Foundation\\Http\\Kernel->Illuminate\\Foundation\\Http\\{closure}()
#40 /var/www/testapp/vendor/livewire/livewire/src/Features/SupportDisablingBackButtonCache/DisableBackButtonCacheMiddleware.php(19): Illuminate\\Pipeline\\Pipeline->Illuminate\\Pipeline\\{closure}()
#41 /var/www/testapp/vendor/laravel/framework/src/Illuminate/Pipeline/Pipeline.php(209): Livewire\\Features\\SupportDisablingBackButtonCache\\DisableBackButtonCacheMiddleware->handle()
#42 /var/www/testapp/vendor/laravel/framework/src/Illuminate/Foundation/Http/Middleware/TransformsRequest.php(21): Illuminate\\Pipeline\\Pipeline->Illuminate\\Pipeline\\{closure}()
#43 /var/www/testapp/vendor/laravel/framework/src/Illuminate/Foundation/Http/Middleware/ConvertEmptyStringsToNull.php(31): Illuminate\\Foundation\\Http\\Middleware\\TransformsRequest->handle()
#44 /var/www/testapp/vendor/laravel/framework/src/Illuminate/Pipeline/Pipeline.php(209): Illuminate\\Foundation\\Http\\Middleware\\ConvertEmptyStringsToNull->handle()
#45 /var/www/testapp/vendor/laravel/framework/src/Illuminate/Foundation/Http/Middleware/TransformsRequest.php(21): Illuminate\\Pipeline\\Pipeline->Illuminate\\Pipeline\\{closure}()
#46 /var/www/testapp/vendor/laravel/framework/src/Illuminate/Foundation/Http/Middleware/TrimStrings.php(51): Illuminate\\Foundation\\Http\\Middleware\\TransformsRequest->handle()
#47 /var/www/testapp/vendor/laravel/framework/src/Illuminate/Pipeline/Pipeline.php(209): Illuminate\\Foundation\\Http\\Middleware\\TrimStrings->handle()
#48 /var/www/testapp/vendor/laravel/framework/src/Illuminate/Http/Middleware/ValidatePostSize.php(27): Illuminate\\Pipeline\\Pipeline->Illuminate\\Pipeline\\{closure}()
#49 /var/www/testapp/vendor/laravel/framework/src/Illuminate/Pipeline/Pipeline.php(209): Illuminate\\Http\\Middleware\\ValidatePostSize->handle()
#50 /var/www/testapp/vendor/laravel/framework/src/Illuminate/Foundation/Http/Middleware/PreventRequestsDuringMaintenance.php(110): Illuminate\\Pipeline\\Pipeline->Illuminate\\Pipeline\\{closure}()
#51 /var/www/testapp/vendor/laravel/framework/src/Illuminate/Pipeline/Pipeline.php(209): Illuminate\\Foundation\\Http\\Middleware\\PreventRequestsDuringMaintenance->handle()
#52 /var/www/testapp/vendor/laravel/framework/src/Illuminate/Http/Middleware/HandleCors.php(62): Illuminate\\Pipeline\\Pipeline->Illuminate\\Pipeline\\{closure}()
#53 /var/www/testapp/vendor/laravel/framework/src/Illuminate/Pipeline/Pipeline.php(209): Illuminate\\Http\\Middleware\\HandleCors->handle()
#54 /var/www/testapp/vendor/laravel/framework/src/Illuminate/Pipeline/Pipeline.php(127): Illuminate\\Pipeline\\Pipeline->Illuminate\\Pipeline\\{closure}()
#55 /var/www/testapp/vendor/laravel/framework/src/Illuminate/Foundation/Http/Kernel.php(176): Illuminate\\Pipeline\\Pipeline->then()
#56 /var/www/testapp/vendor/laravel/framework/src/Illuminate/Foundation/Http/Kernel.php(145): Illuminate\\Foundation\\Http\\Kernel->sendRequestThroughRouter()
#57 /var/www/testapp/public/index.php(51): Illuminate\\Foundation\\Http\\Kernel->handle()
#58 {main}

[previous exception] [object] (PDOException(code: 42S22): SQLSTATE[42S22]: Column not found: 1054 Unknown column 'client_tag_assignments.tag_id' in 'field list' at /var/www/testapp/vendor/laravel/framework/src/Illuminate/Database/Connection.php:407)
[stacktrace]
#0 /var/www/testapp/vendor/laravel/framework/src/Illuminate/Database/Connection.php(407): PDO->prepare()
#1 /var/www/testapp/vendor/laravel/framework/src/Illuminate/Database/Connection.php(812): Illuminate\\Database\\Connection->Illuminate\\Database\\{closure}()
#2 /var/www/testapp/vendor/laravel/framework/src/Illuminate/Database/Connection.php(779): Illuminate\\Database\\Connection->runQueryCallback()
#3 /var/www/testapp/vendor/laravel/framework/src/Illuminate/Database/Connection.php(398): Illuminate\\Database\\Connection->run()
#4 /var/www/testapp/vendor/laravel/framework/src/Illuminate/Database/Query/Builder.php(3106): Illuminate\\Database\\Connection->select()
#5 /var/www/testapp/vendor/laravel/framework/src/Illuminate/Database/Query/Builder.php(3091): Illuminate\\Database\\Query\\Builder->runSelect()
#6 /var/www/testapp/vendor/laravel/framework/src/Illuminate/Database/Query/Builder.php(3676): Illuminate\\Database\\Query\\Builder->Illuminate\\Database\\Query\\{closure}()
#7 /var/www/testapp/vendor/laravel/framework/src/Illuminate/Database/Query/Builder.php(3090): Illuminate\\Database\\Query\\Builder->onceWithColumns()
#8 /var/www/testapp/vendor/laravel/framework/src/Illuminate/Database/Eloquent/Builder.php(811): Illuminate\\Database\\Query\\Builder->get()
#9 /var/www/testapp/vendor/laravel/framework/src/Illuminate/Database/Eloquent/Relations/BelongsToMany.php(887): Illuminate\\Database\\Eloquent\\Builder->getModels()
#10 /var/www/testapp/vendor/laravel/framework/src/Illuminate/Database/Eloquent/Relations/Relation.php(176): Illuminate\\Database\\Eloquent\\Relations\\BelongsToMany->get()
#11 /var/www/testapp/vendor/laravel/framework/src/Illuminate/Database/Eloquent/Builder.php(859): Illuminate\\Database\\Eloquent\\Relations\\Relation->getEager()
#12 /var/www/testapp/vendor/laravel/framework/src/Illuminate/Database/Eloquent/Builder.php(828): Illuminate\\Database\\Eloquent\\Builder->eagerLoadRelation()
#13 /var/www/testapp/vendor/laravel/framework/src/Illuminate/Database/Eloquent/Builder.php(794): Illuminate\\Database\\Eloquent\\Builder->eagerLoadRelations()
#14 /var/www/testapp/vendor/laravel/framework/src/Illuminate/Database/Concerns/BuildsQueries.php(343): Illuminate\\Database\\Eloquent\\Builder->get()
#15 /var/www/testapp/vendor/laravel/framework/src/Illuminate/Database/Eloquent/Builder.php(477): Illuminate\\Database\\Eloquent\\Builder->first()
#16 /var/www/testapp/app/Http/Controllers/API/ClientTagController.php(55): Illuminate\\Database\\Eloquent\\Builder->find()
#17 /var/www/testapp/vendor/laravel/framework/src/Illuminate/Routing/Controller.php(54): App\\Http\\Controllers\\API\\ClientTagController->getClientTags()
#18 /var/www/testapp/vendor/laravel/framework/src/Illuminate/Routing/ControllerDispatcher.php(44): Illuminate\\Routing\\Controller->callAction()
#19 /var/www/testapp/vendor/laravel/framework/src/Illuminate/Routing/Route.php(266): Illuminate\\Routing\\ControllerDispatcher->dispatch()
#20 /var/www/testapp/vendor/laravel/framework/src/Illuminate/Routing/Route.php(212): Illuminate\\Routing\\Route->runController()
#21 /var/www/testapp/vendor/laravel/framework/src/Illuminate/Routing/Router.php(808): Illuminate\\Routing\\Route->run()
#22 /var/www/testapp/vendor/laravel/framework/src/Illuminate/Pipeline/Pipeline.php(170): Illuminate\\Routing\\Router->Illuminate\\Routing\\{closure}()
#23 /var/www/testapp/app/Http/Middleware/AdminApi.php(26): Illuminate\\Pipeline\\Pipeline->Illuminate\\Pipeline\\{closure}()
#24 /var/www/testapp/vendor/laravel/framework/src/Illuminate/Pipeline/Pipeline.php(209): App\\Http\\Middleware\\AdminApi->handle()
#25 /var/www/testapp/app/Http/Middleware/API/CheckUserStatus.php(26): Illuminate\\Pipeline\\Pipeline->Illuminate\\Pipeline\\{closure}()
#26 /var/www/testapp/vendor/laravel/framework/src/Illuminate/Pipeline/Pipeline.php(209): App\\Http\\Middleware\\API\\CheckUserStatus->handle()
#27 /var/www/testapp/vendor/laravel/framework/src/Illuminate/Routing/Middleware/SubstituteBindings.php(51): Illuminate\\Pipeline\\Pipeline->Illuminate\\Pipeline\\{closure}()
#28 /var/www/testapp/vendor/laravel/framework/src/Illuminate/Pipeline/Pipeline.php(209): Illuminate\\Routing\\Middleware\\SubstituteBindings->handle()
#29 /var/www/testapp/vendor/laravel/framework/src/Illuminate/Routing/Middleware/ThrottleRequests.php(161): Illuminate\\Pipeline\\Pipeline->Illuminate\\Pipeline\\{closure}()
#30 /var/www/testapp/vendor/laravel/framework/src/Illuminate/Routing/Middleware/ThrottleRequests.php(127): Illuminate\\Routing\\Middleware\\ThrottleRequests->handleRequest()
#31 /var/www/testapp/vendor/laravel/framework/src/Illuminate/Routing/Middleware/ThrottleRequests.php(89): Illuminate\\Routing\\Middleware\\ThrottleRequests->handleRequestUsingNamedLimiter()
#32 /var/www/testapp/vendor/laravel/framework/src/Illuminate/Pipeline/Pipeline.php(209): Illuminate\\Routing\\Middleware\\ThrottleRequests->handle()
#33 /var/www/testapp/vendor/laravel/framework/src/Illuminate/Auth/Middleware/Authenticate.php(64): Illuminate\\Pipeline\\Pipeline->Illuminate\\Pipeline\\{closure}()
#34 /var/www/testapp/vendor/laravel/framework/src/Illuminate/Pipeline/Pipeline.php(209): Illuminate\\Auth\\Middleware\\Authenticate->handle()
#35 /var/www/testapp/vendor/laravel/framework/src/Illuminate/Pipeline/Pipeline.php(127): Illuminate\\Pipeline\\Pipeline->Illuminate\\Pipeline\\{closure}()
#36 /var/www/testapp/vendor/laravel/framework/src/Illuminate/Routing/Router.php(807): Illuminate\\Pipeline\\Pipeline->then()
#37 /var/www/testapp/vendor/laravel/framework/src/Illuminate/Routing/Router.php(786): Illuminate\\Routing\\Router->runRouteWithinStack()
#38 /var/www/testapp/vendor/laravel/framework/src/Illuminate/Routing/Router.php(750): Illuminate\\Routing\\Router->runRoute()
#39 /var/www/testapp/vendor/laravel/framework/src/Illuminate/Routing/Router.php(739): Illuminate\\Routing\\Router->dispatchToRoute()
#40 /var/www/testapp/vendor/laravel/framework/src/Illuminate/Foundation/Http/Kernel.php(201): Illuminate\\Routing\\Router->dispatch()
#41 /var/www/testapp/vendor/laravel/framework/src/Illuminate/Pipeline/Pipeline.php(170): Illuminate\\Foundation\\Http\\Kernel->Illuminate\\Foundation\\Http\\{closure}()
#42 /var/www/testapp/vendor/livewire/livewire/src/Features/SupportDisablingBackButtonCache/DisableBackButtonCacheMiddleware.php(19): Illuminate\\Pipeline\\Pipeline->Illuminate\\Pipeline\\{closure}()
#43 /var/www/testapp/vendor/laravel/framework/src/Illuminate/Pipeline/Pipeline.php(209): Livewire\\Features\\SupportDisablingBackButtonCache\\DisableBackButtonCacheMiddleware->handle()
#44 /var/www/testapp/vendor/laravel/framework/src/Illuminate/Foundation/Http/Middleware/TransformsRequest.php(21): Illuminate\\Pipeline\\Pipeline->Illuminate\\Pipeline\\{closure}()
#45 /var/www/testapp/vendor/laravel/framework/src/Illuminate/Foundation/Http/Middleware/ConvertEmptyStringsToNull.php(31): Illuminate\\Foundation\\Http\\Middleware\\TransformsRequest->handle()
#46 /var/www/testapp/vendor/laravel/framework/src/Illuminate/Pipeline/Pipeline.php(209): Illuminate\\Foundation\\Http\\Middleware\\ConvertEmptyStringsToNull->handle()
#47 /var/www/testapp/vendor/laravel/framework/src/Illuminate/Foundation/Http/Middleware/TransformsRequest.php(21): Illuminate\\Pipeline\\Pipeline->Illuminate\\Pipeline\\{closure}()
#48 /var/www/testapp/vendor/laravel/framework/src/Illuminate/Foundation/Http/Middleware/TrimStrings.php(51): Illuminate\\Foundation\\Http\\Middleware\\TransformsRequest->handle()
#49 /var/www/testapp/vendor/laravel/framework/src/Illuminate/Pipeline/Pipeline.php(209): Illuminate\\Foundation\\Http\\Middleware\\TrimStrings->handle()
#50 /var/www/testapp/vendor/laravel/framework/src/Illuminate/Http/Middleware/ValidatePostSize.php(27): Illuminate\\Pipeline\\Pipeline->Illuminate\\Pipeline\\{closure}()
#51 /var/www/testapp/vendor/laravel/framework/src/Illuminate/Pipeline/Pipeline.php(209): Illuminate\\Http\\Middleware\\ValidatePostSize->handle()
#52 /var/www/testapp/vendor/laravel/framework/src/Illuminate/Foundation/Http/Middleware/PreventRequestsDuringMaintenance.php(110): Illuminate\\Pipeline\\Pipeline->Illuminate\\Pipeline\\{closure}()
#53 /var/www/testapp/vendor/laravel/framework/src/Illuminate/Pipeline/Pipeline.php(209): Illuminate\\Foundation\\Http\\Middleware\\PreventRequestsDuringMaintenance->handle()
#54 /var/www/testapp/vendor/laravel/framework/src/Illuminate/Http/Middleware/HandleCors.php(62): Illuminate\\Pipeline\\Pipeline->Illuminate\\Pipeline\\{closure}()
#55 /var/www/testapp/vendor/laravel/framework/src/Illuminate/Pipeline/Pipeline.php(209): Illuminate\\Http\\Middleware\\HandleCors->handle()
#56 /var/www/testapp/vendor/laravel/framework/src/Illuminate/Pipeline/Pipeline.php(127): Illuminate\\Pipeline\\Pipeline->Illuminate\\Pipeline\\{closure}()
#57 /var/www/testapp/vendor/laravel/framework/src/Illuminate/Foundation/Http/Kernel.php(176): Illuminate\\Pipeline\\Pipeline->then()
#58 /var/www/testapp/vendor/laravel/framework/src/Illuminate/Foundation/Http/Kernel.php(145): Illuminate\\Foundation\\Http\\Kernel->sendRequestThroughRouter()
#59 /var/www/testapp/public/index.php(51): Illuminate\\Foundation\\Http\\Kernel->handle()
#60 {main}
"} 
[2026-08-10 18:52:38] production.ERROR: SQLSTATE[42S22]: Column not found: 1054 Unknown column 'client_tag_assignments.tag_id' in 'field list' (Connection: mysql, SQL: select `client_tags`.*, `client_tag_assignments`.`client_id` as `pivot_client_id`, `client_tag_assignments`.`tag_id` as `pivot_tag_id` from `client_tags` inner join `client_tag_assignments` on `client_tags`.`id` = `client_tag_assignments`.`tag_id` where `client_tag_assignments`.`client_id` in (8)) {"userId":2,"exception":"[object] (Illuminate\\Database\\QueryException(code: 42S22): SQLSTATE[42S22]: Column not found: 1054 Unknown column 'client_tag_assignments.tag_id' in 'field list' (Connection: mysql, SQL: select `client_tags`.*, `client_tag_assignments`.`client_id` as `pivot_client_id`, `client_tag_assignments`.`tag_id` as `pivot_tag_id` from `client_tags` inner join `client_tag_assignments` on `client_tags`.`id` = `client_tag_assignments`.`tag_id` where `client_tag_assignments`.`client_id` in (8)) at /var/www/testapp/vendor/laravel/framework/src/Illuminate/Database/Connection.php:825)
[stacktrace]
#0 /var/www/testapp/vendor/laravel/framework/src/Illuminate/Database/Connection.php(779): Illuminate\\Database\\Connection->runQueryCallback()
#1 /var/www/testapp/vendor/laravel/framework/src/Illuminate/Database/Connection.php(398): Illuminate\\Database\\Connection->run()
#2 /var/www/testapp/vendor/laravel/framework/src/Illuminate/Database/Query/Builder.php(3106): Illuminate\\Database\\Connection->select()
#3 /var/www/testapp/vendor/laravel/framework/src/Illuminate/Database/Query/Builder.php(3091): Illuminate\\Database\\Query\\Builder->runSelect()
#4 /var/www/testapp/vendor/laravel/framework/src/Illuminate/Database/Query/Builder.php(3676): Illuminate\\Database\\Query\\Builder->Illuminate\\Database\\Query\\{closure}()
#5 /var/www/testapp/vendor/laravel/framework/src/Illuminate/Database/Query/Builder.php(3090): Illuminate\\Database\\Query\\Builder->onceWithColumns()
#6 /var/www/testapp/vendor/laravel/framework/src/Illuminate/Database/Eloquent/Builder.php(811): Illuminate\\Database\\Query\\Builder->get()
#7 /var/www/testapp/vendor/laravel/framework/src/Illuminate/Database/Eloquent/Relations/BelongsToMany.php(887): Illuminate\\Database\\Eloquent\\Builder->getModels()
#8 /var/www/testapp/vendor/laravel/framework/src/Illuminate/Database/Eloquent/Relations/Relation.php(176): Illuminate\\Database\\Eloquent\\Relations\\BelongsToMany->get()
#9 /var/www/testapp/vendor/laravel/framework/src/Illuminate/Database/Eloquent/Builder.php(859): Illuminate\\Database\\Eloquent\\Relations\\Relation->getEager()
#10 /var/www/testapp/vendor/laravel/framework/src/Illuminate/Database/Eloquent/Builder.php(828): Illuminate\\Database\\Eloquent\\Builder->eagerLoadRelation()
#11 /var/www/testapp/vendor/laravel/framework/src/Illuminate/Database/Eloquent/Builder.php(794): Illuminate\\Database\\Eloquent\\Builder->eagerLoadRelations()
#12 /var/www/testapp/vendor/laravel/framework/src/Illuminate/Database/Concerns/BuildsQueries.php(343): Illuminate\\Database\\Eloquent\\Builder->get()
#13 /var/www/testapp/vendor/laravel/framework/src/Illuminate/Database/Eloquent/Builder.php(477): Illuminate\\Database\\Eloquent\\Builder->first()
#14 /var/www/testapp/app/Http/Controllers/API/ClientTagController.php(55): Illuminate\\Database\\Eloquent\\Builder->find()
#15 /var/www/testapp/vendor/laravel/framework/src/Illuminate/Routing/Controller.php(54): App\\Http\\Controllers\\API\\ClientTagController->getClientTags()
#16 /var/www/testapp/vendor/laravel/framework/src/Illuminate/Routing/ControllerDispatcher.php(44): Illuminate\\Routing\\Controller->callAction()
#17 /var/www/testapp/vendor/laravel/framework/src/Illuminate/Routing/Route.php(266): Illuminate\\Routing\\ControllerDispatcher->dispatch()
#18 /var/www/testapp/vendor/laravel/framework/src/Illuminate/Routing/Route.php(212): Illuminate\\Routing\\Route->runController()
#19 /var/www/testapp/vendor/laravel/framework/src/Illuminate/Routing/Router.php(808): Illuminate\\Routing\\Route->run()
#20 /var/www/testapp/vendor/laravel/framework/src/Illuminate/Pipeline/Pipeline.php(170): Illuminate\\Routing\\Router->Illuminate\\Routing\\{closure}()
#21 /var/www/testapp/app/Http/Middleware/AdminApi.php(26): Illuminate\\Pipeline\\Pipeline->Illuminate\\Pipeline\\{closure}()
#22 /var/www/testapp/vendor/laravel/framework/src/Illuminate/Pipeline/Pipeline.php(209): App\\Http\\Middleware\\AdminApi->handle()
#23 /var/www/testapp/app/Http/Middleware/API/CheckUserStatus.php(26): Illuminate\\Pipeline\\Pipeline->Illuminate\\Pipeline\\{closure}()
#24 /var/www/testapp/vendor/laravel/framework/src/Illuminate/Pipeline/Pipeline.php(209): App\\Http\\Middleware\\API\\CheckUserStatus->handle()
#25 /var/www/testapp/vendor/laravel/framework/src/Illuminate/Routing/Middleware/SubstituteBindings.php(51): Illuminate\\Pipeline\\Pipeline->Illuminate\\Pipeline\\{closure}()
#26 /var/www/testapp/vendor/laravel/framework/src/Illuminate/Pipeline/Pipeline.php(209): Illuminate\\Routing\\Middleware\\SubstituteBindings->handle()
#27 /var/www/testapp/vendor/laravel/framework/src/Illuminate/Routing/Middleware/ThrottleRequests.php(161): Illuminate\\Pipeline\\Pipeline->Illuminate\\Pipeline\\{closure}()
#28 /var/www/testapp/vendor/laravel/framework/src/Illuminate/Routing/Middleware/ThrottleRequests.php(127): Illuminate\\Routing\\Middleware\\ThrottleRequests->handleRequest()
#29 /var/www/testapp/vendor/laravel/framework/src/Illuminate/Routing/Middleware/ThrottleRequests.php(89): Illuminate\\Routing\\Middleware\\ThrottleRequests->handleRequestUsingNamedLimiter()
#30 /var/www/testapp/vendor/laravel/framework/src/Illuminate/Pipeline/Pipeline.php(209): Illuminate\\Routing\\Middleware\\ThrottleRequests->handle()
#31 /var/www/testapp/vendor/laravel/framework/src/Illuminate/Auth/Middleware/Authenticate.php(64): Illuminate\\Pipeline\\Pipeline->Illuminate\\Pipeline\\{closure}()
#32 /var/www/testapp/vendor/laravel/framework/src/Illuminate/Pipeline/Pipeline.php(209): Illuminate\\Auth\\Middleware\\Authenticate->handle()
#33 /var/www/testapp/vendor/laravel/framework/src/Illuminate/Pipeline/Pipeline.php(127): Illuminate\\Pipeline\\Pipeline->Illuminate\\Pipeline\\{closure}()
#34 /var/www/testapp/vendor/laravel/framework/src/Illuminate/Routing/Router.php(807): Illuminate\\Pipeline\\Pipeline->then()
#35 /var/www/testapp/vendor/laravel/framework/src/Illuminate/Routing/Router.php(786): Illuminate\\Routing\\Router->runRouteWithinStack()
#36 /var/www/testapp/vendor/laravel/framework/src/Illuminate/Routing/Router.php(750): Illuminate\\Routing\\Router->runRoute()
#37 /var/www/testapp/vendor/laravel/framework/src/Illuminate/Routing/Router.php(739): Illuminate\\Routing\\Router->dispatchToRoute()
#38 /var/www/testapp/vendor/laravel/framework/src/Illuminate/Foundation/Http/Kernel.php(201): Illuminate\\Routing\\Router->dispatch()
#39 /var/www/testapp/vendor/laravel/framework/src/Illuminate/Pipeline/Pipeline.php(170): Illuminate\\Foundation\\Http\\Kernel->Illuminate\\Foundation\\Http\\{closure}()
#40 /var/www/testapp/vendor/livewire/livewire/src/Features/SupportDisablingBackButtonCache/DisableBackButtonCacheMiddleware.php(19): Illuminate\\Pipeline\\Pipeline->Illuminate\\Pipeline\\{closure}()
#41 /var/www/testapp/vendor/laravel/framework/src/Illuminate/Pipeline/Pipeline.php(209): Livewire\\Features\\SupportDisablingBackButtonCache\\DisableBackButtonCacheMiddleware->handle()
#42 /var/www/testapp/vendor/laravel/framework/src/Illuminate/Foundation/Http/Middleware/TransformsRequest.php(21): Illuminate\\Pipeline\\Pipeline->Illuminate\\Pipeline\\{closure}()
#43 /var/www/testapp/vendor/laravel/framework/src/Illuminate/Foundation/Http/Middleware/ConvertEmptyStringsToNull.php(31): Illuminate\\Foundation\\Http\\Middleware\\TransformsRequest->handle()
#44 /var/www/testapp/vendor/laravel/framework/src/Illuminate/Pipeline/Pipeline.php(209): Illuminate\\Foundation\\Http\\Middleware\\ConvertEmptyStringsToNull->handle()
#45 /var/www/testapp/vendor/laravel/framework/src/Illuminate/Foundation/Http/Middleware/TransformsRequest.php(21): Illuminate\\Pipeline\\Pipeline->Illuminate\\Pipeline\\{closure}()
#46 /var/www/testapp/vendor/laravel/framework/src/Illuminate/Foundation/Http/Middleware/TrimStrings.php(51): Illuminate\\Foundation\\Http\\Middleware\\TransformsRequest->handle()
#47 /var/www/testapp/vendor/laravel/framework/src/Illuminate/Pipeline/Pipeline.php(209): Illuminate\\Foundation\\Http\\Middleware\\TrimStrings->handle()
#48 /var/www/testapp/vendor/laravel/framework/src/Illuminate/Http/Middleware/ValidatePostSize.php(27): Illuminate\\Pipeline\\Pipeline->Illuminate\\Pipeline\\{closure}()
#49 /var/www/testapp/vendor/laravel/framework/src/Illuminate/Pipeline/Pipeline.php(209): Illuminate\\Http\\Middleware\\ValidatePostSize->handle()
#50 /var/www/testapp/vendor/laravel/framework/src/Illuminate/Foundation/Http/Middleware/PreventRequestsDuringMaintenance.php(110): Illuminate\\Pipeline\\Pipeline->Illuminate\\Pipeline\\{closure}()
#51 /var/www/testapp/vendor/laravel/framework/src/Illuminate/Pipeline/Pipeline.php(209): Illuminate\\Foundation\\Http\\Middleware\\PreventRequestsDuringMaintenance->handle()
#52 /var/www/testapp/vendor/laravel/framework/src/Illuminate/Http/Middleware/HandleCors.php(62): Illuminate\\Pipeline\\Pipeline->Illuminate\\Pipeline\\{closure}()
#53 /var/www/testapp/vendor/laravel/framework/src/Illuminate/Pipeline/Pipeline.php(209): Illuminate\\Http\\Middleware\\HandleCors->handle()
#54 /var/www/testapp/vendor/laravel/framework/src/Illuminate/Pipeline/Pipeline.php(127): Illuminate\\Pipeline\\Pipeline->Illuminate\\Pipeline\\{closure}()
#55 /var/www/testapp/vendor/laravel/framework/src/Illuminate/Foundation/Http/Kernel.php(176): Illuminate\\Pipeline\\Pipeline->then()
#56 /var/www/testapp/vendor/laravel/framework/src/Illuminate/Foundation/Http/Kernel.php(145): Illuminate\\Foundation\\Http\\Kernel->sendRequestThroughRouter()
#57 /var/www/testapp/public/index.php(51): Illuminate\\Foundation\\Http\\Kernel->handle()
#58 {main}

[previous exception] [object] (PDOException(code: 42S22): SQLSTATE[42S22]: Column not found: 1054 Unknown column 'client_tag_assignments.tag_id' in 'field list' at /var/www/testapp/vendor/laravel/framework/src/Illuminate/Database/Connection.php:407)
[stacktrace]
#0 /var/www/testapp/vendor/laravel/framework/src/Illuminate/Database/Connection.php(407): PDO->prepare()
#1 /var/www/testapp/vendor/laravel/framework/src/Illuminate/Database/Connection.php(812): Illuminate\\Database\\Connection->Illuminate\\Database\\{closure}()
#2 /var/www/testapp/vendor/laravel/framework/src/Illuminate/Database/Connection.php(779): Illuminate\\Database\\Connection->runQueryCallback()
#3 /var/www/testapp/vendor/laravel/framework/src/Illuminate/Database/Connection.php(398): Illuminate\\Database\\Connection->run()
#4 /var/www/testapp/vendor/laravel/framework/src/Illuminate/Database/Query/Builder.php(3106): Illuminate\\Database\\Connection->select()
#5 /var/www/testapp/vendor/laravel/framework/src/Illuminate/Database/Query/Builder.php(3091): Illuminate\\Database\\Query\\Builder->runSelect()
#6 /var/www/testapp/vendor/laravel/framework/src/Illuminate/Database/Query/Builder.php(3676): Illuminate\\Database\\Query\\Builder->Illuminate\\Database\\Query\\{closure}()
#7 /var/www/testapp/vendor/laravel/framework/src/Illuminate/Database/Query/Builder.php(3090): Illuminate\\Database\\Query\\Builder->onceWithColumns()
#8 /var/www/testapp/vendor/laravel/framework/src/Illuminate/Database/Eloquent/Builder.php(811): Illuminate\\Database\\Query\\Builder->get()
#9 /var/www/testapp/vendor/laravel/framework/src/Illuminate/Database/Eloquent/Relations/BelongsToMany.php(887): Illuminate\\Database\\Eloquent\\Builder->getModels()
#10 /var/www/testapp/vendor/laravel/framework/src/Illuminate/Database/Eloquent/Relations/Relation.php(176): Illuminate\\Database\\Eloquent\\Relations\\BelongsToMany->get()
#11 /var/www/testapp/vendor/laravel/framework/src/Illuminate/Database/Eloquent/Builder.php(859): Illuminate\\Database\\Eloquent\\Relations\\Relation->getEager()
#12 /var/www/testapp/vendor/laravel/framework/src/Illuminate/Database/Eloquent/Builder.php(828): Illuminate\\Database\\Eloquent\\Builder->eagerLoadRelation()
#13 /var/www/testapp/vendor/laravel/framework/src/Illuminate/Database/Eloquent/Builder.php(794): Illuminate\\Database\\Eloquent\\Builder->eagerLoadRelations()
#14 /var/www/testapp/vendor/laravel/framework/src/Illuminate/Database/Concerns/BuildsQueries.php(343): Illuminate\\Database\\Eloquent\\Builder->get()
#15 /var/www/testapp/vendor/laravel/framework/src/Illuminate/Database/Eloquent/Builder.php(477): Illuminate\\Database\\Eloquent\\Builder->first()
#16 /var/www/testapp/app/Http/Controllers/API/ClientTagController.php(55): Illuminate\\Database\\Eloquent\\Builder->find()
#17 /var/www/testapp/vendor/laravel/framework/src/Illuminate/Routing/Controller.php(54): App\\Http\\Controllers\\API\\ClientTagController->getClientTags()
#18 /var/www/testapp/vendor/laravel/framework/src/Illuminate/Routing/ControllerDispatcher.php(44): Illuminate\\Routing\\Controller->callAction()
#19 /var/www/testapp/vendor/laravel/framework/src/Illuminate/Routing/Route.php(266): Illuminate\\Routing\\ControllerDispatcher->dispatch()
#20 /var/www/testapp/vendor/laravel/framework/src/Illuminate/Routing/Route.php(212): Illuminate\\Routing\\Route->runController()
#21 /var/www/testapp/vendor/laravel/framework/src/Illuminate/Routing/Router.php(808): Illuminate\\Routing\\Route->run()
#22 /var/www/testapp/vendor/laravel/framework/src/Illuminate/Pipeline/Pipeline.php(170): Illuminate\\Routing\\Router->Illuminate\\Routing\\{closure}()
#23 /var/www/testapp/app/Http/Middleware/AdminApi.php(26): Illuminate\\Pipeline\\Pipeline->Illuminate\\Pipeline\\{closure}()
#24 /var/www/testapp/vendor/laravel/framework/src/Illuminate/Pipeline/Pipeline.php(209): App\\Http\\Middleware\\AdminApi->handle()
#25 /var/www/testapp/app/Http/Middleware/API/CheckUserStatus.php(26): Illuminate\\Pipeline\\Pipeline->Illuminate\\Pipeline\\{closure}()
#26 /var/www/testapp/vendor/laravel/framework/src/Illuminate/Pipeline/Pipeline.php(209): App\\Http\\Middleware\\API\\CheckUserStatus->handle()
#27 /var/www/testapp/vendor/laravel/framework/src/Illuminate/Routing/Middleware/SubstituteBindings.php(51): Illuminate\\Pipeline\\Pipeline->Illuminate\\Pipeline\\{closure}()
#28 /var/www/testapp/vendor/laravel/framework/src/Illuminate/Pipeline/Pipeline.php(209): Illuminate\\Routing\\Middleware\\SubstituteBindings->handle()
#29 /var/www/testapp/vendor/laravel/framework/src/Illuminate/Routing/Middleware/ThrottleRequests.php(161): Illuminate\\Pipeline\\Pipeline->Illuminate\\Pipeline\\{closure}()
#30 /var/www/testapp/vendor/laravel/framework/src/Illuminate/Routing/Middleware/ThrottleRequests.php(127): Illuminate\\Routing\\Middleware\\ThrottleRequests->handleRequest()
#31 /var/www/testapp/vendor/laravel/framework/src/Illuminate/Routing/Middleware/ThrottleRequests.php(89): Illuminate\\Routing\\Middleware\\ThrottleRequests->handleRequestUsingNamedLimiter()
#32 /var/www/testapp/vendor/laravel/framework/src/Illuminate/Pipeline/Pipeline.php(209): Illuminate\\Routing\\Middleware\\ThrottleRequests->handle()
#33 /var/www/testapp/vendor/laravel/framework/src/Illuminate/Auth/Middleware/Authenticate.php(64): Illuminate\\Pipeline\\Pipeline->Illuminate\\Pipeline\\{closure}()
#34 /var/www/testapp/vendor/laravel/framework/src/Illuminate/Pipeline/Pipeline.php(209): Illuminate\\Auth\\Middleware\\Authenticate->handle()
#35 /var/www/testapp/vendor/laravel/framework/src/Illuminate/Pipeline/Pipeline.php(127): Illuminate\\Pipeline\\Pipeline->Illuminate\\Pipeline\\{closure}()
#36 /var/www/testapp/vendor/laravel/framework/src/Illuminate/Routing/Router.php(807): Illuminate\\Pipeline\\Pipeline->then()
#37 /var/www/testapp/vendor/laravel/framework/src/Illuminate/Routing/Router.php(786): Illuminate\\Routing\\Router->runRouteWithinStack()
#38 /var/www/testapp/vendor/laravel/framework/src/Illuminate/Routing/Router.php(750): Illuminate\\Routing\\Router->runRoute()
#39 /var/www/testapp/vendor/laravel/framework/src/Illuminate/Routing/Router.php(739): Illuminate\\Routing\\Router->dispatchToRoute()
#40 /var/www/testapp/vendor/laravel/framework/src/Illuminate/Foundation/Http/Kernel.php(201): Illuminate\\Routing\\Router->dispatch()
#41 /var/www/testapp/vendor/laravel/framework/src/Illuminate/Pipeline/Pipeline.php(170): Illuminate\\Foundation\\Http\\Kernel->Illuminate\\Foundation\\Http\\{closure}()
#42 /var/www/testapp/vendor/livewire/livewire/src/Features/SupportDisablingBackButtonCache/DisableBackButtonCacheMiddleware.php(19): Illuminate\\Pipeline\\Pipeline->Illuminate\\Pipeline\\{closure}()
#43 /var/www/testapp/vendor/laravel/framework/src/Illuminate/Pipeline/Pipeline.php(209): Livewire\\Features\\SupportDisablingBackButtonCache\\DisableBackButtonCacheMiddleware->handle()
#44 /var/www/testapp/vendor/laravel/framework/src/Illuminate/Foundation/Http/Middleware/TransformsRequest.php(21): Illuminate\\Pipeline\\Pipeline->Illuminate\\Pipeline\\{closure}()
#45 /var/www/testapp/vendor/laravel/framework/src/Illuminate/Foundation/Http/Middleware/ConvertEmptyStringsToNull.php(31): Illuminate\\Foundation\\Http\\Middleware\\TransformsRequest->handle()
#46 /var/www/testapp/vendor/laravel/framework/src/Illuminate/Pipeline/Pipeline.php(209): Illuminate\\Foundation\\Http\\Middleware\\ConvertEmptyStringsToNull->handle()
#47 /var/www/testapp/vendor/laravel/framework/src/Illuminate/Foundation/Http/Middleware/TransformsRequest.php(21): Illuminate\\Pipeline\\Pipeline->Illuminate\\Pipeline\\{closure}()
#48 /var/www/testapp/vendor/laravel/framework/src/Illuminate/Foundation/Http/Middleware/TrimStrings.php(51): Illuminate\\Foundation\\Http\\Middleware\\TransformsRequest->handle()
#49 /var/www/testapp/vendor/laravel/framework/src/Illuminate/Pipeline/Pipeline.php(209): Illuminate\\Foundation\\Http\\Middleware\\TrimStrings->handle()
#50 /var/www/testapp/vendor/laravel/framework/src/Illuminate/Http/Middleware/ValidatePostSize.php(27): Illuminate\\Pipeline\\Pipeline->Illuminate\\Pipeline\\{closure}()
#51 /var/www/testapp/vendor/laravel/framework/src/Illuminate/Pipeline/Pipeline.php(209): Illuminate\\Http\\Middleware\\ValidatePostSize->handle()
#52 /var/www/testapp/vendor/laravel/framework/src/Illuminate/Foundation/Http/Middleware/PreventRequestsDuringMaintenance.php(110): Illuminate\\Pipeline\\Pipeline->Illuminate\\Pipeline\\{closure}()
#53 /var/www/testapp/vendor/laravel/framework/src/Illuminate/Pipeline/Pipeline.php(209): Illuminate\\Foundation\\Http\\Middleware\\PreventRequestsDuringMaintenance->handle()
#54 /var/www/testapp/vendor/laravel/framework/src/Illuminate/Http/Middleware/HandleCors.php(62): Illuminate\\Pipeline\\Pipeline->Illuminate\\Pipeline\\{closure}()
#55 /var/www/testapp/vendor/laravel/framework/src/Illuminate/Pipeline/Pipeline.php(209): Illuminate\\Http\\Middleware\\HandleCors->handle()
#56 /var/www/testapp/vendor/laravel/framework/src/Illuminate/Pipeline/Pipeline.php(127): Illuminate\\Pipeline\\Pipeline->Illuminate\\Pipeline\\{closure}()
#57 /var/www/testapp/vendor/laravel/framework/src/Illuminate/Foundation/Http/Kernel.php(176): Illuminate\\Pipeline\\Pipeline->then()
#58 /var/www/testapp/vendor/laravel/framework/src/Illuminate/Foundation/Http/Kernel.php(145): Illuminate\\Foundation\\Http\\Kernel->sendRequestThroughRouter()
#59 /var/www/testapp/public/index.php(51): Illuminate\\Foundation\\Http\\Kernel->handle()
#60 {main}
"} 
[2026-08-10 18:57:23] production.ERROR: SQLSTATE[42S22]: Column not found: 1054 Unknown column 'client_tag_assignments.tag_id' in 'field list' (Connection: mysql, SQL: select `client_tags`.*, `client_tag_assignments`.`client_id` as `pivot_client_id`, `client_tag_assignments`.`tag_id` as `pivot_tag_id` from `client_tags` inner join `client_tag_assignments` on `client_tags`.`id` = `client_tag_assignments`.`tag_id` where `client_tag_assignments`.`client_id` in (8)) {"userId":2,"exception":"[object] (Illuminate\\Database\\QueryException(code: 42S22): SQLSTATE[42S22]: Column not found: 1054 Unknown column 'client_tag_assignments.tag_id' in 'field list' (Connection: mysql, SQL: select `client_tags`.*, `client_tag_assignments`.`client_id` as `pivot_client_id`, `client_tag_assignments`.`tag_id` as `pivot_tag_id` from `client_tags` inner join `client_tag_assignments` on `client_tags`.`id` = `client_tag_assignments`.`tag_id` where `client_tag_assignments`.`client_id` in (8)) at /var/www/testapp/vendor/laravel/framework/src/Illuminate/Database/Connection.php:825)
[stacktrace]
#0 /var/www/testapp/vendor/laravel/framework/src/Illuminate/Database/Connection.php(779): Illuminate\\Database\\Connection->runQueryCallback()
#1 /var/www/testapp/vendor/laravel/framework/src/Illuminate/Database/Connection.php(398): Illuminate\\Database\\Connection->run()
#2 /var/www/testapp/vendor/laravel/framework/src/Illuminate/Database/Query/Builder.php(3106): Illuminate\\Database\\Connection->select()
#3 /var/www/testapp/vendor/laravel/framework/src/Illuminate/Database/Query/Builder.php(3091): Illuminate\\Database\\Query\\Builder->runSelect()
#4 /var/www/testapp/vendor/laravel/framework/src/Illuminate/Database/Query/Builder.php(3676): Illuminate\\Database\\Query\\Builder->Illuminate\\Database\\Query\\{closure}()
#5 /var/www/testapp/vendor/laravel/framework/src/Illuminate/Database/Query/Builder.php(3090): Illuminate\\Database\\Query\\Builder->onceWithColumns()
#6 /var/www/testapp/vendor/laravel/framework/src/Illuminate/Database/Eloquent/Builder.php(811): Illuminate\\Database\\Query\\Builder->get()
#7 /var/www/testapp/vendor/laravel/framework/src/Illuminate/Database/Eloquent/Relations/BelongsToMany.php(887): Illuminate\\Database\\Eloquent\\Builder->getModels()
#8 /var/www/testapp/vendor/laravel/framework/src/Illuminate/Database/Eloquent/Relations/Relation.php(176): Illuminate\\Database\\Eloquent\\Relations\\BelongsToMany->get()
#9 /var/www/testapp/vendor/laravel/framework/src/Illuminate/Database/Eloquent/Builder.php(859): Illuminate\\Database\\Eloquent\\Relations\\Relation->getEager()
#10 /var/www/testapp/vendor/laravel/framework/src/Illuminate/Database/Eloquent/Builder.php(828): Illuminate\\Database\\Eloquent\\Builder->eagerLoadRelation()
#11 /var/www/testapp/vendor/laravel/framework/src/Illuminate/Database/Eloquent/Builder.php(794): Illuminate\\Database\\Eloquent\\Builder->eagerLoadRelations()
#12 /var/www/testapp/vendor/laravel/framework/src/Illuminate/Database/Concerns/BuildsQueries.php(343): Illuminate\\Database\\Eloquent\\Builder->get()
#13 /var/www/testapp/vendor/laravel/framework/src/Illuminate/Database/Eloquent/Builder.php(477): Illuminate\\Database\\Eloquent\\Builder->first()
#14 /var/www/testapp/app/Http/Controllers/API/ClientTagController.php(55): Illuminate\\Database\\Eloquent\\Builder->find()
#15 /var/www/testapp/vendor/laravel/framework/src/Illuminate/Routing/Controller.php(54): App\\Http\\Controllers\\API\\ClientTagController->getClientTags()
#16 /var/www/testapp/vendor/laravel/framework/src/Illuminate/Routing/ControllerDispatcher.php(44): Illuminate\\Routing\\Controller->callAction()
#17 /var/www/testapp/vendor/laravel/framework/src/Illuminate/Routing/Route.php(266): Illuminate\\Routing\\ControllerDispatcher->dispatch()
#18 /var/www/testapp/vendor/laravel/framework/src/Illuminate/Routing/Route.php(212): Illuminate\\Routing\\Route->runController()
#19 /var/www/testapp/vendor/laravel/framework/src/Illuminate/Routing/Router.php(808): Illuminate\\Routing\\Route->run()
#20 /var/www/testapp/vendor/laravel/framework/src/Illuminate/Pipeline/Pipeline.php(170): Illuminate\\Routing\\Router->Illuminate\\Routing\\{closure}()
#21 /var/www/testapp/app/Http/Middleware/AdminApi.php(26): Illuminate\\Pipeline\\Pipeline->Illuminate\\Pipeline\\{closure}()
#22 /var/www/testapp/vendor/laravel/framework/src/Illuminate/Pipeline/Pipeline.php(209): App\\Http\\Middleware\\AdminApi->handle()
#23 /var/www/testapp/app/Http/Middleware/API/CheckUserStatus.php(26): Illuminate\\Pipeline\\Pipeline->Illuminate\\Pipeline\\{closure}()
#24 /var/www/testapp/vendor/laravel/framework/src/Illuminate/Pipeline/Pipeline.php(209): App\\Http\\Middleware\\API\\CheckUserStatus->handle()
#25 /var/www/testapp/vendor/laravel/framework/src/Illuminate/Routing/Middleware/SubstituteBindings.php(51): Illuminate\\Pipeline\\Pipeline->Illuminate\\Pipeline\\{closure}()
#26 /var/www/testapp/vendor/laravel/framework/src/Illuminate/Pipeline/Pipeline.php(209): Illuminate\\Routing\\Middleware\\SubstituteBindings->handle()
#27 /var/www/testapp/vendor/laravel/framework/src/Illuminate/Routing/Middleware/ThrottleRequests.php(161): Illuminate\\Pipeline\\Pipeline->Illuminate\\Pipeline\\{closure}()
#28 /var/www/testapp/vendor/laravel/framework/src/Illuminate/Routing/Middleware/ThrottleRequests.php(127): Illuminate\\Routing\\Middleware\\ThrottleRequests->handleRequest()
#29 /var/www/testapp/vendor/laravel/framework/src/Illuminate/Routing/Middleware/ThrottleRequests.php(89): Illuminate\\Routing\\Middleware\\ThrottleRequests->handleRequestUsingNamedLimiter()
#30 /var/www/testapp/vendor/laravel/framework/src/Illuminate/Pipeline/Pipeline.php(209): Illuminate\\Routing\\Middleware\\ThrottleRequests->handle()
#31 /var/www/testapp/vendor/laravel/framework/src/Illuminate/Auth/Middleware/Authenticate.php(64): Illuminate\\Pipeline\\Pipeline->Illuminate\\Pipeline\\{closure}()
#32 /var/www/testapp/vendor/laravel/framework/src/Illuminate/Pipeline/Pipeline.php(209): Illuminate\\Auth\\Middleware\\Authenticate->handle()
#33 /var/www/testapp/vendor/laravel/framework/src/Illuminate/Pipeline/Pipeline.php(127): Illuminate\\Pipeline\\Pipeline->Illuminate\\Pipeline\\{closure}()
#34 /var/www/testapp/vendor/laravel/framework/src/Illuminate/Routing/Router.php(807): Illuminate\\Pipeline\\Pipeline->then()
#35 /var/www/testapp/vendor/laravel/framework/src/Illuminate/Routing/Router.php(786): Illuminate\\Routing\\Router->runRouteWithinStack()
#36 /var/www/testapp/vendor/laravel/framework/src/Illuminate/Routing/Router.php(750): Illuminate\\Routing\\Router->runRoute()
#37 /var/www/testapp/vendor/laravel/framework/src/Illuminate/Routing/Router.php(739): Illuminate\\Routing\\Router->dispatchToRoute()
#38 /var/www/testapp/vendor/laravel/framework/src/Illuminate/Foundation/Http/Kernel.php(201): Illuminate\\Routing\\Router->dispatch()
#39 /var/www/testapp/vendor/laravel/framework/src/Illuminate/Pipeline/Pipeline.php(170): Illuminate\\Foundation\\Http\\Kernel->Illuminate\\Foundation\\Http\\{closure}()
#40 /var/www/testapp/vendor/livewire/livewire/src/Features/SupportDisablingBackButtonCache/DisableBackButtonCacheMiddleware.php(19): Illuminate\\Pipeline\\Pipeline->Illuminate\\Pipeline\\{closure}()
#41 /var/www/testapp/vendor/laravel/framework/src/Illuminate/Pipeline/Pipeline.php(209): Livewire\\Features\\SupportDisablingBackButtonCache\\DisableBackButtonCacheMiddleware->handle()
#42 /var/www/testapp/vendor/laravel/framework/src/Illuminate/Foundation/Http/Middleware/TransformsRequest.php(21): Illuminate\\Pipeline\\Pipeline->Illuminate\\Pipeline\\{closure}()
#43 /var/www/testapp/vendor/laravel/framework/src/Illuminate/Foundation/Http/Middleware/ConvertEmptyStringsToNull.php(31): Illuminate\\Foundation\\Http\\Middleware\\TransformsRequest->handle()
#44 /var/www/testapp/vendor/laravel/framework/src/Illuminate/Pipeline/Pipeline.php(209): Illuminate\\Foundation\\Http\\Middleware\\ConvertEmptyStringsToNull->handle()
#45 /var/www/testapp/vendor/laravel/framework/src/Illuminate/Foundation/Http/Middleware/TransformsRequest.php(21): Illuminate\\Pipeline\\Pipeline->Illuminate\\Pipeline\\{closure}()
#46 /var/www/testapp/vendor/laravel/framework/src/Illuminate/Foundation/Http/Middleware/TrimStrings.php(51): Illuminate\\Foundation\\Http\\Middleware\\TransformsRequest->handle()
#47 /var/www/testapp/vendor/laravel/framework/src/Illuminate/Pipeline/Pipeline.php(209): Illuminate\\Foundation\\Http\\Middleware\\TrimStrings->handle()
#48 /var/www/testapp/vendor/laravel/framework/src/Illuminate/Http/Middleware/ValidatePostSize.php(27): Illuminate\\Pipeline\\Pipeline->Illuminate\\Pipeline\\{closure}()
#49 /var/www/testapp/vendor/laravel/framework/src/Illuminate/Pipeline/Pipeline.php(209): Illuminate\\Http\\Middleware\\ValidatePostSize->handle()
#50 /var/www/testapp/vendor/laravel/framework/src/Illuminate/Foundation/Http/Middleware/PreventRequestsDuringMaintenance.php(110): Illuminate\\Pipeline\\Pipeline->Illuminate\\Pipeline\\{closure}()
#51 /var/www/testapp/vendor/laravel/framework/src/Illuminate/Pipeline/Pipeline.php(209): Illuminate\\Foundation\\Http\\Middleware\\PreventRequestsDuringMaintenance->handle()
#52 /var/www/testapp/vendor/laravel/framework/src/Illuminate/Http/Middleware/HandleCors.php(62): Illuminate\\Pipeline\\Pipeline->Illuminate\\Pipeline\\{closure}()
#53 /var/www/testapp/vendor/laravel/framework/src/Illuminate/Pipeline/Pipeline.php(209): Illuminate\\Http\\Middleware\\HandleCors->handle()
#54 /var/www/testapp/vendor/laravel/framework/src/Illuminate/Pipeline/Pipeline.php(127): Illuminate\\Pipeline\\Pipeline->Illuminate\\Pipeline\\{closure}()
#55 /var/www/testapp/vendor/laravel/framework/src/Illuminate/Foundation/Http/Kernel.php(176): Illuminate\\Pipeline\\Pipeline->then()
#56 /var/www/testapp/vendor/laravel/framework/src/Illuminate/Foundation/Http/Kernel.php(145): Illuminate\\Foundation\\Http\\Kernel->sendRequestThroughRouter()
#57 /var/www/testapp/public/index.php(51): Illuminate\\Foundation\\Http\\Kernel->handle()
#58 {main}

[previous exception] [object] (PDOException(code: 42S22): SQLSTATE[42S22]: Column not found: 1054 Unknown column 'client_tag_assignments.tag_id' in 'field list' at /var/www/testapp/vendor/laravel/framework/src/Illuminate/Database/Connection.php:407)
[stacktrace]
#0 /var/www/testapp/vendor/laravel/framework/src/Illuminate/Database/Connection.php(407): PDO->prepare()
#1 /var/www/testapp/vendor/laravel/framework/src/Illuminate/Database/Connection.php(812): Illuminate\\Database\\Connection->Illuminate\\Database\\{closure}()
#2 /var/www/testapp/vendor/laravel/framework/src/Illuminate/Database/Connection.php(779): Illuminate\\Database\\Connection->runQueryCallback()
#3 /var/www/testapp/vendor/laravel/framework/src/Illuminate/Database/Connection.php(398): Illuminate\\Database\\Connection->run()
#4 /var/www/testapp/vendor/laravel/framework/src/Illuminate/Database/Query/Builder.php(3106): Illuminate\\Database\\Connection->select()
#5 /var/www/testapp/vendor/laravel/framework/src/Illuminate/Database/Query/Builder.php(3091): Illuminate\\Database\\Query\\Builder->runSelect()
#6 /var/www/testapp/vendor/laravel/framework/src/Illuminate/Database/Query/Builder.php(3676): Illuminate\\Database\\Query\\Builder->Illuminate\\Database\\Query\\{closure}()
#7 /var/www/testapp/vendor/laravel/framework/src/Illuminate/Database/Query/Builder.php(3090): Illuminate\\Database\\Query\\Builder->onceWithColumns()
#8 /var/www/testapp/vendor/laravel/framework/src/Illuminate/Database/Eloquent/Builder.php(811): Illuminate\\Database\\Query\\Builder->get()
#9 /var/www/testapp/vendor/laravel/framework/src/Illuminate/Database/Eloquent/Relations/BelongsToMany.php(887): Illuminate\\Database\\Eloquent\\Builder->getModels()
#10 /var/www/testapp/vendor/laravel/framework/src/Illuminate/Database/Eloquent/Relations/Relation.php(176): Illuminate\\Database\\Eloquent\\Relations\\BelongsToMany->get()
#11 /var/www/testapp/vendor/laravel/framework/src/Illuminate/Database/Eloquent/Builder.php(859): Illuminate\\Database\\Eloquent\\Relations\\Relation->getEager()
#12 /var/www/testapp/vendor/laravel/framework/src/Illuminate/Database/Eloquent/Builder.php(828): Illuminate\\Database\\Eloquent\\Builder->eagerLoadRelation()
#13 /var/www/testapp/vendor/laravel/framework/src/Illuminate/Database/Eloquent/Builder.php(794): Illuminate\\Database\\Eloquent\\Builder->eagerLoadRelations()
#14 /var/www/testapp/vendor/laravel/framework/src/Illuminate/Database/Concerns/BuildsQueries.php(343): Illuminate\\Database\\Eloquent\\Builder->get()
#15 /var/www/testapp/vendor/laravel/framework/src/Illuminate/Database/Eloquent/Builder.php(477): Illuminate\\Database\\Eloquent\\Builder->first()
#16 /var/www/testapp/app/Http/Controllers/API/ClientTagController.php(55): Illuminate\\Database\\Eloquent\\Builder->find()
#17 /var/www/testapp/vendor/laravel/framework/src/Illuminate/Routing/Controller.php(54): App\\Http\\Controllers\\API\\ClientTagController->getClientTags()
#18 /var/www/testapp/vendor/laravel/framework/src/Illuminate/Routing/ControllerDispatcher.php(44): Illuminate\\Routing\\Controller->callAction()
#19 /var/www/testapp/vendor/laravel/framework/src/Illuminate/Routing/Route.php(266): Illuminate\\Routing\\ControllerDispatcher->dispatch()
#20 /var/www/testapp/vendor/laravel/framework/src/Illuminate/Routing/Route.php(212): Illuminate\\Routing\\Route->runController()
#21 /var/www/testapp/vendor/laravel/framework/src/Illuminate/Routing/Router.php(808): Illuminate\\Routing\\Route->run()
#22 /var/www/testapp/vendor/laravel/framework/src/Illuminate/Pipeline/Pipeline.php(170): Illuminate\\Routing\\Router->Illuminate\\Routing\\{closure}()
#23 /var/www/testapp/app/Http/Middleware/AdminApi.php(26): Illuminate\\Pipeline\\Pipeline->Illuminate\\Pipeline\\{closure}()
#24 /var/www/testapp/vendor/laravel/framework/src/Illuminate/Pipeline/Pipeline.php(209): App\\Http\\Middleware\\AdminApi->handle()
#25 /var/www/testapp/app/Http/Middleware/API/CheckUserStatus.php(26): Illuminate\\Pipeline\\Pipeline->Illuminate\\Pipeline\\{closure}()
#26 /var/www/testapp/vendor/laravel/framework/src/Illuminate/Pipeline/Pipeline.php(209): App\\Http\\Middleware\\API\\CheckUserStatus->handle()
#27 /var/www/testapp/vendor/laravel/framework/src/Illuminate/Routing/Middleware/SubstituteBindings.php(51): Illuminate\\Pipeline\\Pipeline->Illuminate\\Pipeline\\{closure}()
#28 /var/www/testapp/vendor/laravel/framework/src/Illuminate/Pipeline/Pipeline.php(209): Illuminate\\Routing\\Middleware\\SubstituteBindings->handle()
#29 /var/www/testapp/vendor/laravel/framework/src/Illuminate/Routing/Middleware/ThrottleRequests.php(161): Illuminate\\Pipeline\\Pipeline->Illuminate\\Pipeline\\{closure}()
#30 /var/www/testapp/vendor/laravel/framework/src/Illuminate/Routing/Middleware/ThrottleRequests.php(127): Illuminate\\Routing\\Middleware\\ThrottleRequests->handleRequest()
#31 /var/www/testapp/vendor/laravel/framework/src/Illuminate/Routing/Middleware/ThrottleRequests.php(89): Illuminate\\Routing\\Middleware\\ThrottleRequests->handleRequestUsingNamedLimiter()
#32 /var/www/testapp/vendor/laravel/framework/src/Illuminate/Pipeline/Pipeline.php(209): Illuminate\\Routing\\Middleware\\ThrottleRequests->handle()
#33 /var/www/testapp/vendor/laravel/framework/src/Illuminate/Auth/Middleware/Authenticate.php(64): Illuminate\\Pipeline\\Pipeline->Illuminate\\Pipeline\\{closure}()
#34 /var/www/testapp/vendor/laravel/framework/src/Illuminate/Pipeline/Pipeline.php(209): Illuminate\\Auth\\Middleware\\Authenticate->handle()
#35 /var/www/testapp/vendor/laravel/framework/src/Illuminate/Pipeline/Pipeline.php(127): Illuminate\\Pipeline\\Pipeline->Illuminate\\Pipeline\\{closure}()
#36 /var/www/testapp/vendor/laravel/framework/src/Illuminate/Routing/Router.php(807): Illuminate\\Pipeline\\Pipeline->then()
#37 /var/www/testapp/vendor/laravel/framework/src/Illuminate/Routing/Router.php(786): Illuminate\\Routing\\Router->runRouteWithinStack()
#38 /var/www/testapp/vendor/laravel/framework/src/Illuminate/Routing/Router.php(750): Illuminate\\Routing\\Router->runRoute()
#39 /var/www/testapp/vendor/laravel/framework/src/Illuminate/Routing/Router.php(739): Illuminate\\Routing\\Router->dispatchToRoute()
#40 /var/www/testapp/vendor/laravel/framework/src/Illuminate/Foundation/Http/Kernel.php(201): Illuminate\\Routing\\Router->dispatch()
#41 /var/www/testapp/vendor/laravel/framework/src/Illuminate/Pipeline/Pipeline.php(170): Illuminate\\Foundation\\Http\\Kernel->Illuminate\\Foundation\\Http\\{closure}()
#42 /var/www/testapp/vendor/livewire/livewire/src/Features/SupportDisablingBackButtonCache/DisableBackButtonCacheMiddleware.php(19): Illuminate\\Pipeline\\Pipeline->Illuminate\\Pipeline\\{closure}()
#43 /var/www/testapp/vendor/laravel/framework/src/Illuminate/Pipeline/Pipeline.php(209): Livewire\\Features\\SupportDisablingBackButtonCache\\DisableBackButtonCacheMiddleware->handle()
#44 /var/www/testapp/vendor/laravel/framework/src/Illuminate/Foundation/Http/Middleware/TransformsRequest.php(21): Illuminate\\Pipeline\\Pipeline->Illuminate\\Pipeline\\{closure}()
#45 /var/www/testapp/vendor/laravel/framework/src/Illuminate/Foundation/Http/Middleware/ConvertEmptyStringsToNull.php(31): Illuminate\\Foundation\\Http\\Middleware\\TransformsRequest->handle()
#46 /var/www/testapp/vendor/laravel/framework/src/Illuminate/Pipeline/Pipeline.php(209): Illuminate\\Foundation\\Http\\Middleware\\ConvertEmptyStringsToNull->handle()
#47 /var/www/testapp/vendor/laravel/framework/src/Illuminate/Foundation/Http/Middleware/TransformsRequest.php(21): Illuminate\\Pipeline\\Pipeline->Illuminate\\Pipeline\\{closure}()
#48 /var/www/testapp/vendor/laravel/framework/src/Illuminate/Foundation/Http/Middleware/TrimStrings.php(51): Illuminate\\Foundation\\Http\\Middleware\\TransformsRequest->handle()
#49 /var/www/testapp/vendor/laravel/framework/src/Illuminate/Pipeline/Pipeline.php(209): Illuminate\\Foundation\\Http\\Middleware\\TrimStrings->handle()
#50 /var/www/testapp/vendor/laravel/framework/src/Illuminate/Http/Middleware/ValidatePostSize.php(27): Illuminate\\Pipeline\\Pipeline->Illuminate\\Pipeline\\{closure}()
#51 /var/www/testapp/vendor/laravel/framework/src/Illuminate/Pipeline/Pipeline.php(209): Illuminate\\Http\\Middleware\\ValidatePostSize->handle()
#52 /var/www/testapp/vendor/laravel/framework/src/Illuminate/Foundation/Http/Middleware/PreventRequestsDuringMaintenance.php(110): Illuminate\\Pipeline\\Pipeline->Illuminate\\Pipeline\\{closure}()
#53 /var/www/testapp/vendor/laravel/framework/src/Illuminate/Pipeline/Pipeline.php(209): Illuminate\\Foundation\\Http\\Middleware\\PreventRequestsDuringMaintenance->handle()
#54 /var/www/testapp/vendor/laravel/framework/src/Illuminate/Http/Middleware/HandleCors.php(62): Illuminate\\Pipeline\\Pipeline->Illuminate\\Pipeline\\{closure}()
#55 /var/www/testapp/vendor/laravel/framework/src/Illuminate/Pipeline/Pipeline.php(209): Illuminate\\Http\\Middleware\\HandleCors->handle()
#56 /var/www/testapp/vendor/laravel/framework/src/Illuminate/Pipeline/Pipeline.php(127): Illuminate\\Pipeline\\Pipeline->Illuminate\\Pipeline\\{closure}()
#57 /var/www/testapp/vendor/laravel/framework/src/Illuminate/Foundation/Http/Kernel.php(176): Illuminate\\Pipeline\\Pipeline->then()
#58 /var/www/testapp/vendor/laravel/framework/src/Illuminate/Foundation/Http/Kernel.php(145): Illuminate\\Foundation\\Http\\Kernel->sendRequestThroughRouter()
#59 /var/www/testapp/public/index.php(51): Illuminate\\Foundation\\Http\\Kernel->handle()
#60 {main}
"} 
[2026-08-10 18:58:37] production.ERROR: Class "App\Http\Resources\QuotesResource" not found {"userId":2,"exception":"[object] (Error(code: 0): Class \"App\\Http\\Resources\\QuotesResource\" not found at /var/www/testapp/app/Http/Controllers/API/Admin/BaseController.php:52)
[stacktrace]
#0 /var/www/testapp/vendor/laravel/framework/src/Illuminate/Routing/Controller.php(54): App\\Http\\Controllers\\API\\Admin\\BaseController->index()
#1 /var/www/testapp/vendor/laravel/framework/src/Illuminate/Routing/ControllerDispatcher.php(44): Illuminate\\Routing\\Controller->callAction()
#2 /var/www/testapp/vendor/laravel/framework/src/Illuminate/Routing/Route.php(266): Illuminate\\Routing\\ControllerDispatcher->dispatch()
#3 /var/www/testapp/vendor/laravel/framework/src/Illuminate/Routing/Route.php(212): Illuminate\\Routing\\Route->runController()
#4 /var/www/testapp/vendor/laravel/framework/src/Illuminate/Routing/Router.php(808): Illuminate\\Routing\\Route->run()
#5 /var/www/testapp/vendor/laravel/framework/src/Illuminate/Pipeline/Pipeline.php(170): Illuminate\\Routing\\Router->Illuminate\\Routing\\{closure}()
#6 /var/www/testapp/app/Http/Middleware/AdminApi.php(26): Illuminate\\Pipeline\\Pipeline->Illuminate\\Pipeline\\{closure}()
#7 /var/www/testapp/vendor/laravel/framework/src/Illuminate/Pipeline/Pipeline.php(209): App\\Http\\Middleware\\AdminApi->handle()
#8 /var/www/testapp/app/Http/Middleware/API/CheckUserStatus.php(26): Illuminate\\Pipeline\\Pipeline->Illuminate\\Pipeline\\{closure}()
#9 /var/www/testapp/vendor/laravel/framework/src/Illuminate/Pipeline/Pipeline.php(209): App\\Http\\Middleware\\API\\CheckUserStatus->handle()
#10 /var/www/testapp/vendor/laravel/framework/src/Illuminate/Routing/Middleware/SubstituteBindings.php(51): Illuminate\\Pipeline\\Pipeline->Illuminate\\Pipeline\\{closure}()
#11 /var/www/testapp/vendor/laravel/framework/src/Illuminate/Pipeline/Pipeline.php(209): Illuminate\\Routing\\Middleware\\SubstituteBindings->handle()
#12 /var/www/testapp/vendor/laravel/framework/src/Illuminate/Routing/Middleware/ThrottleRequests.php(161): Illuminate\\Pipeline\\Pipeline->Illuminate\\Pipeline\\{closure}()
#13 /var/www/testapp/vendor/laravel/framework/src/Illuminate/Routing/Middleware/ThrottleRequests.php(127): Illuminate\\Routing\\Middleware\\ThrottleRequests->handleRequest()
#14 /var/www/testapp/vendor/laravel/framework/src/Illuminate/Routing/Middleware/ThrottleRequests.php(89): Illuminate\\Routing\\Middleware\\ThrottleRequests->handleRequestUsingNamedLimiter()
#15 /var/www/testapp/vendor/laravel/framework/src/Illuminate/Pipeline/Pipeline.php(209): Illuminate\\Routing\\Middleware\\ThrottleRequests->handle()
#16 /var/www/testapp/vendor/laravel/framework/src/Illuminate/Auth/Middleware/Authenticate.php(64): Illuminate\\Pipeline\\Pipeline->Illuminate\\Pipeline\\{closure}()
#17 /var/www/testapp/vendor/laravel/framework/src/Illuminate/Pipeline/Pipeline.php(209): Illuminate\\Auth\\Middleware\\Authenticate->handle()
#18 /var/www/testapp/vendor/laravel/framework/src/Illuminate/Pipeline/Pipeline.php(127): Illuminate\\Pipeline\\Pipeline->Illuminate\\Pipeline\\{closure}()
#19 /var/www/testapp/vendor/laravel/framework/src/Illuminate/Routing/Router.php(807): Illuminate\\Pipeline\\Pipeline->then()
#20 /var/www/testapp/vendor/laravel/framework/src/Illuminate/Routing/Router.php(786): Illuminate\\Routing\\Router->runRouteWithinStack()
#21 /var/www/testapp/vendor/laravel/framework/src/Illuminate/Routing/Router.php(750): Illuminate\\Routing\\Router->runRoute()
#22 /var/www/testapp/vendor/laravel/framework/src/Illuminate/Routing/Router.php(739): Illuminate\\Routing\\Router->dispatchToRoute()
#23 /var/www/testapp/vendor/laravel/framework/src/Illuminate/Foundation/Http/Kernel.php(201): Illuminate\\Routing\\Router->dispatch()
#24 /var/www/testapp/vendor/laravel/framework/src/Illuminate/Pipeline/Pipeline.php(170): Illuminate\\Foundation\\Http\\Kernel->Illuminate\\Foundation\\Http\\{closure}()
#25 /var/www/testapp/vendor/livewire/livewire/src/Features/SupportDisablingBackButtonCache/DisableBackButtonCacheMiddleware.php(19): Illuminate\\Pipeline\\Pipeline->Illuminate\\Pipeline\\{closure}()
#26 /var/www/testapp/vendor/laravel/framework/src/Illuminate/Pipeline/Pipeline.php(209): Livewire\\Features\\SupportDisablingBackButtonCache\\DisableBackButtonCacheMiddleware->handle()
#27 /var/www/testapp/vendor/laravel/framework/src/Illuminate/Foundation/Http/Middleware/TransformsRequest.php(21): Illuminate\\Pipeline\\Pipeline->Illuminate\\Pipeline\\{closure}()
#28 /var/www/testapp/vendor/laravel/framework/src/Illuminate/Foundation/Http/Middleware/ConvertEmptyStringsToNull.php(31): Illuminate\\Foundation\\Http\\Middleware\\TransformsRequest->handle()
#29 /var/www/testapp/vendor/laravel/framework/src/Illuminate/Pipeline/Pipeline.php(209): Illuminate\\Foundation\\Http\\Middleware\\ConvertEmptyStringsToNull->handle()
#30 /var/www/testapp/vendor/laravel/framework/src/Illuminate/Foundation/Http/Middleware/TransformsRequest.php(21): Illuminate\\Pipeline\\Pipeline->Illuminate\\Pipeline\\{closure}()
#31 /var/www/testapp/vendor/laravel/framework/src/Illuminate/Foundation/Http/Middleware/TrimStrings.php(51): Illuminate\\Foundation\\Http\\Middleware\\TransformsRequest->handle()
#32 /var/www/testapp/vendor/laravel/framework/src/Illuminate/Pipeline/Pipeline.php(209): Illuminate\\Foundation\\Http\\Middleware\\TrimStrings->handle()
#33 /var/www/testapp/vendor/laravel/framework/src/Illuminate/Http/Middleware/ValidatePostSize.php(27): Illuminate\\Pipeline\\Pipeline->Illuminate\\Pipeline\\{closure}()
#34 /var/www/testapp/vendor/laravel/framework/src/Illuminate/Pipeline/Pipeline.php(209): Illuminate\\Http\\Middleware\\ValidatePostSize->handle()
#35 /var/www/testapp/vendor/laravel/framework/src/Illuminate/Foundation/Http/Middleware/PreventRequestsDuringMaintenance.php(110): Illuminate\\Pipeline\\Pipeline->Illuminate\\Pipeline\\{closure}()
#36 /var/www/testapp/vendor/laravel/framework/src/Illuminate/Pipeline/Pipeline.php(209): Illuminate\\Foundation\\Http\\Middleware\\PreventRequestsDuringMaintenance->handle()
#37 /var/www/testapp/vendor/laravel/framework/src/Illuminate/Http/Middleware/HandleCors.php(62): Illuminate\\Pipeline\\Pipeline->Illuminate\\Pipeline\\{closure}()
#38 /var/www/testapp/vendor/laravel/framework/src/Illuminate/Pipeline/Pipeline.php(209): Illuminate\\Http\\Middleware\\HandleCors->handle()
#39 /var/www/testapp/vendor/laravel/framework/src/Illuminate/Pipeline/Pipeline.php(127): Illuminate\\Pipeline\\Pipeline->Illuminate\\Pipeline\\{closure}()
#40 /var/www/testapp/vendor/laravel/framework/src/Illuminate/Foundation/Http/Kernel.php(176): Illuminate\\Pipeline\\Pipeline->then()
#41 /var/www/testapp/vendor/laravel/framework/src/Illuminate/Foundation/Http/Kernel.php(145): Illuminate\\Foundation\\Http\\Kernel->sendRequestThroughRouter()
#42 /var/www/testapp/public/index.php(51): Illuminate\\Foundation\\Http\\Kernel->handle()
#43 {main}
"} 
[2026-08-10 18:58:41] production.ERROR: Class "App\Http\Resources\PushNotificationResource" not found {"userId":2,"exception":"[object] (Error(code: 0): Class \"App\\Http\\Resources\\PushNotificationResource\" not found at /var/www/testapp/app/Http/Controllers/API/Admin/BaseController.php:52)
[stacktrace]
#0 /var/www/testapp/vendor/laravel/framework/src/Illuminate/Routing/Controller.php(54): App\\Http\\Controllers\\API\\Admin\\BaseController->index()
#1 /var/www/testapp/vendor/laravel/framework/src/Illuminate/Routing/ControllerDispatcher.php(44): Illuminate\\Routing\\Controller->callAction()
#2 /var/www/testapp/vendor/laravel/framework/src/Illuminate/Routing/Route.php(266): Illuminate\\Routing\\ControllerDispatcher->dispatch()
#3 /var/www/testapp/vendor/laravel/framework/src/Illuminate/Routing/Route.php(212): Illuminate\\Routing\\Route->runController()
#4 /var/www/testapp/vendor/laravel/framework/src/Illuminate/Routing/Router.php(808): Illuminate\\Routing\\Route->run()
#5 /var/www/testapp/vendor/laravel/framework/src/Illuminate/Pipeline/Pipeline.php(170): Illuminate\\Routing\\Router->Illuminate\\Routing\\{closure}()
#6 /var/www/testapp/app/Http/Middleware/AdminApi.php(26): Illuminate\\Pipeline\\Pipeline->Illuminate\\Pipeline\\{closure}()
#7 /var/www/testapp/vendor/laravel/framework/src/Illuminate/Pipeline/Pipeline.php(209): App\\Http\\Middleware\\AdminApi->handle()
#8 /var/www/testapp/app/Http/Middleware/API/CheckUserStatus.php(26): Illuminate\\Pipeline\\Pipeline->Illuminate\\Pipeline\\{closure}()
#9 /var/www/testapp/vendor/laravel/framework/src/Illuminate/Pipeline/Pipeline.php(209): App\\Http\\Middleware\\API\\CheckUserStatus->handle()
#10 /var/www/testapp/vendor/laravel/framework/src/Illuminate/Routing/Middleware/SubstituteBindings.php(51): Illuminate\\Pipeline\\Pipeline->Illuminate\\Pipeline\\{closure}()
#11 /var/www/testapp/vendor/laravel/framework/src/Illuminate/Pipeline/Pipeline.php(209): Illuminate\\Routing\\Middleware\\SubstituteBindings->handle()
#12 /var/www/testapp/vendor/laravel/framework/src/Illuminate/Routing/Middleware/ThrottleRequests.php(161): Illuminate\\Pipeline\\Pipeline->Illuminate\\Pipeline\\{closure}()
#13 /var/www/testapp/vendor/laravel/framework/src/Illuminate/Routing/Middleware/ThrottleRequests.php(127): Illuminate\\Routing\\Middleware\\ThrottleRequests->handleRequest()
#14 /var/www/testapp/vendor/laravel/framework/src/Illuminate/Routing/Middleware/ThrottleRequests.php(89): Illuminate\\Routing\\Middleware\\ThrottleRequests->handleRequestUsingNamedLimiter()
#15 /var/www/testapp/vendor/laravel/framework/src/Illuminate/Pipeline/Pipeline.php(209): Illuminate\\Routing\\Middleware\\ThrottleRequests->handle()
#16 /var/www/testapp/vendor/laravel/framework/src/Illuminate/Auth/Middleware/Authenticate.php(64): Illuminate\\Pipeline\\Pipeline->Illuminate\\Pipeline\\{closure}()
#17 /var/www/testapp/vendor/laravel/framework/src/Illuminate/Pipeline/Pipeline.php(209): Illuminate\\Auth\\Middleware\\Authenticate->handle()
#18 /var/www/testapp/vendor/laravel/framework/src/Illuminate/Pipeline/Pipeline.php(127): Illuminate\\Pipeline\\Pipeline->Illuminate\\Pipeline\\{closure}()
#19 /var/www/testapp/vendor/laravel/framework/src/Illuminate/Routing/Router.php(807): Illuminate\\Pipeline\\Pipeline->then()
#20 /var/www/testapp/vendor/laravel/framework/src/Illuminate/Routing/Router.php(786): Illuminate\\Routing\\Router->runRouteWithinStack()
#21 /var/www/testapp/vendor/laravel/framework/src/Illuminate/Routing/Router.php(750): Illuminate\\Routing\\Router->runRoute()
#22 /var/www/testapp/vendor/laravel/framework/src/Illuminate/Routing/Router.php(739): Illuminate\\Routing\\Router->dispatchToRoute()
#23 /var/www/testapp/vendor/laravel/framework/src/Illuminate/Foundation/Http/Kernel.php(201): Illuminate\\Routing\\Router->dispatch()
#24 /var/www/testapp/vendor/laravel/framework/src/Illuminate/Pipeline/Pipeline.php(170): Illuminate\\Foundation\\Http\\Kernel->Illuminate\\Foundation\\Http\\{closure}()
#25 /var/www/testapp/vendor/livewire/livewire/src/Features/SupportDisablingBackButtonCache/DisableBackButtonCacheMiddleware.php(19): Illuminate\\Pipeline\\Pipeline->Illuminate\\Pipeline\\{closure}()
#26 /var/www/testapp/vendor/laravel/framework/src/Illuminate/Pipeline/Pipeline.php(209): Livewire\\Features\\SupportDisablingBackButtonCache\\DisableBackButtonCacheMiddleware->handle()
#27 /var/www/testapp/vendor/laravel/framework/src/Illuminate/Foundation/Http/Middleware/TransformsRequest.php(21): Illuminate\\Pipeline\\Pipeline->Illuminate\\Pipeline\\{closure}()
#28 /var/www/testapp/vendor/laravel/framework/src/Illuminate/Foundation/Http/Middleware/ConvertEmptyStringsToNull.php(31): Illuminate\\Foundation\\Http\\Middleware\\TransformsRequest->handle()
#29 /var/www/testapp/vendor/laravel/framework/src/Illuminate/Pipeline/Pipeline.php(209): Illuminate\\Foundation\\Http\\Middleware\\ConvertEmptyStringsToNull->handle()
#30 /var/www/testapp/vendor/laravel/framework/src/Illuminate/Foundation/Http/Middleware/TransformsRequest.php(21): Illuminate\\Pipeline\\Pipeline->Illuminate\\Pipeline\\{closure}()
#31 /var/www/testapp/vendor/laravel/framework/src/Illuminate/Foundation/Http/Middleware/TrimStrings.php(51): Illuminate\\Foundation\\Http\\Middleware\\TransformsRequest->handle()
#32 /var/www/testapp/vendor/laravel/framework/src/Illuminate/Pipeline/Pipeline.php(209): Illuminate\\Foundation\\Http\\Middleware\\TrimStrings->handle()
#33 /var/www/testapp/vendor/laravel/framework/src/Illuminate/Http/Middleware/ValidatePostSize.php(27): Illuminate\\Pipeline\\Pipeline->Illuminate\\Pipeline\\{closure}()
#34 /var/www/testapp/vendor/laravel/framework/src/Illuminate/Pipeline/Pipeline.php(209): Illuminate\\Http\\Middleware\\ValidatePostSize->handle()
#35 /var/www/testapp/vendor/laravel/framework/src/Illuminate/Foundation/Http/Middleware/PreventRequestsDuringMaintenance.php(110): Illuminate\\Pipeline\\Pipeline->Illuminate\\Pipeline\\{closure}()
#36 /var/www/testapp/vendor/laravel/framework/src/Illuminate/Pipeline/Pipeline.php(209): Illuminate\\Foundation\\Http\\Middleware\\PreventRequestsDuringMaintenance->handle()
#37 /var/www/testapp/vendor/laravel/framework/src/Illuminate/Http/Middleware/HandleCors.php(62): Illuminate\\Pipeline\\Pipeline->Illuminate\\Pipeline\\{closure}()
#38 /var/www/testapp/vendor/laravel/framework/src/Illuminate/Pipeline/Pipeline.php(209): Illuminate\\Http\\Middleware\\HandleCors->handle()
#39 /var/www/testapp/vendor/laravel/framework/src/Illuminate/Pipeline/Pipeline.php(127): Illuminate\\Pipeline\\Pipeline->Illuminate\\Pipeline\\{closure}()
#40 /var/www/testapp/vendor/laravel/framework/src/Illuminate/Foundation/Http/Kernel.php(176): Illuminate\\Pipeline\\Pipeline->then()
#41 /var/www/testapp/vendor/laravel/framework/src/Illuminate/Foundation/Http/Kernel.php(145): Illuminate\\Foundation\\Http\\Kernel->sendRequestThroughRouter()
#42 /var/www/testapp/public/index.php(51): Illuminate\\Foundation\\Http\\Kernel->handle()
#43 {main}
"} 
[2026-08-10 18:58:49] production.ERROR: Class "App\Http\Resources\PushNotificationResource" not found {"userId":2,"exception":"[object] (Error(code: 0): Class \"App\\Http\\Resources\\PushNotificationResource\" not found at /var/www/testapp/app/Http/Controllers/API/Admin/BaseController.php:52)
[stacktrace]
#0 /var/www/testapp/vendor/laravel/framework/src/Illuminate/Routing/Controller.php(54): App\\Http\\Controllers\\API\\Admin\\BaseController->index()
#1 /var/www/testapp/vendor/laravel/framework/src/Illuminate/Routing/ControllerDispatcher.php(44): Illuminate\\Routing\\Controller->callAction()
#2 /var/www/testapp/vendor/laravel/framework/src/Illuminate/Routing/Route.php(266): Illuminate\\Routing\\ControllerDispatcher->dispatch()
#3 /var/www/testapp/vendor/laravel/framework/src/Illuminate/Routing/Route.php(212): Illuminate\\Routing\\Route->runController()
#4 /var/www/testapp/vendor/laravel/framework/src/Illuminate/Routing/Router.php(808): Illuminate\\Routing\\Route->run()
#5 /var/www/testapp/vendor/laravel/framework/src/Illuminate/Pipeline/Pipeline.php(170): Illuminate\\Routing\\Router->Illuminate\\Routing\\{closure}()
#6 /var/www/testapp/app/Http/Middleware/AdminApi.php(26): Illuminate\\Pipeline\\Pipeline->Illuminate\\Pipeline\\{closure}()
#7 /var/www/testapp/vendor/laravel/framework/src/Illuminate/Pipeline/Pipeline.php(209): App\\Http\\Middleware\\AdminApi->handle()
#8 /var/www/testapp/app/Http/Middleware/API/CheckUserStatus.php(26): Illuminate\\Pipeline\\Pipeline->Illuminate\\Pipeline\\{closure}()
#9 /var/www/testapp/vendor/laravel/framework/src/Illuminate/Pipeline/Pipeline.php(209): App\\Http\\Middleware\\API\\CheckUserStatus->handle()
#10 /var/www/testapp/vendor/laravel/framework/src/Illuminate/Routing/Middleware/SubstituteBindings.php(51): Illuminate\\Pipeline\\Pipeline->Illuminate\\Pipeline\\{closure}()
#11 /var/www/testapp/vendor/laravel/framework/src/Illuminate/Pipeline/Pipeline.php(209): Illuminate\\Routing\\Middleware\\SubstituteBindings->handle()
#12 /var/www/testapp/vendor/laravel/framework/src/Illuminate/Routing/Middleware/ThrottleRequests.php(161): Illuminate\\Pipeline\\Pipeline->Illuminate\\Pipeline\\{closure}()
#13 /var/www/testapp/vendor/laravel/framework/src/Illuminate/Routing/Middleware/ThrottleRequests.php(127): Illuminate\\Routing\\Middleware\\ThrottleRequests->handleRequest()
#14 /var/www/testapp/vendor/laravel/framework/src/Illuminate/Routing/Middleware/ThrottleRequests.php(89): Illuminate\\Routing\\Middleware\\ThrottleRequests->handleRequestUsingNamedLimiter()
#15 /var/www/testapp/vendor/laravel/framework/src/Illuminate/Pipeline/Pipeline.php(209): Illuminate\\Routing\\Middleware\\ThrottleRequests->handle()
#16 /var/www/testapp/vendor/laravel/framework/src/Illuminate/Auth/Middleware/Authenticate.php(64): Illuminate\\Pipeline\\Pipeline->Illuminate\\Pipeline\\{closure}()
#17 /var/www/testapp/vendor/laravel/framework/src/Illuminate/Pipeline/Pipeline.php(209): Illuminate\\Auth\\Middleware\\Authenticate->handle()
#18 /var/www/testapp/vendor/laravel/framework/src/Illuminate/Pipeline/Pipeline.php(127): Illuminate\\Pipeline\\Pipeline->Illuminate\\Pipeline\\{closure}()
#19 /var/www/testapp/vendor/laravel/framework/src/Illuminate/Routing/Router.php(807): Illuminate\\Pipeline\\Pipeline->then()
#20 /var/www/testapp/vendor/laravel/framework/src/Illuminate/Routing/Router.php(786): Illuminate\\Routing\\Router->runRouteWithinStack()
#21 /var/www/testapp/vendor/laravel/framework/src/Illuminate/Routing/Router.php(750): Illuminate\\Routing\\Router->runRoute()
#22 /var/www/testapp/vendor/laravel/framework/src/Illuminate/Routing/Router.php(739): Illuminate\\Routing\\Router->dispatchToRoute()
#23 /var/www/testapp/vendor/laravel/framework/src/Illuminate/Foundation/Http/Kernel.php(201): Illuminate\\Routing\\Router->dispatch()
#24 /var/www/testapp/vendor/laravel/framework/src/Illuminate/Pipeline/Pipeline.php(170): Illuminate\\Foundation\\Http\\Kernel->Illuminate\\Foundation\\Http\\{closure}()
#25 /var/www/testapp/vendor/livewire/livewire/src/Features/SupportDisablingBackButtonCache/DisableBackButtonCacheMiddleware.php(19): Illuminate\\Pipeline\\Pipeline->Illuminate\\Pipeline\\{closure}()
#26 /var/www/testapp/vendor/laravel/framework/src/Illuminate/Pipeline/Pipeline.php(209): Livewire\\Features\\SupportDisablingBackButtonCache\\DisableBackButtonCacheMiddleware->handle()
#27 /var/www/testapp/vendor/laravel/framework/src/Illuminate/Foundation/Http/Middleware/TransformsRequest.php(21): Illuminate\\Pipeline\\Pipeline->Illuminate\\Pipeline\\{closure}()
#28 /var/www/testapp/vendor/laravel/framework/src/Illuminate/Foundation/Http/Middleware/ConvertEmptyStringsToNull.php(31): Illuminate\\Foundation\\Http\\Middleware\\TransformsRequest->handle()
#29 /var/www/testapp/vendor/laravel/framework/src/Illuminate/Pipeline/Pipeline.php(209): Illuminate\\Foundation\\Http\\Middleware\\ConvertEmptyStringsToNull->handle()
#30 /var/www/testapp/vendor/laravel/framework/src/Illuminate/Foundation/Http/Middleware/TransformsRequest.php(21): Illuminate\\Pipeline\\Pipeline->Illuminate\\Pipeline\\{closure}()
#31 /var/www/testapp/vendor/laravel/framework/src/Illuminate/Foundation/Http/Middleware/TrimStrings.php(51): Illuminate\\Foundation\\Http\\Middleware\\TransformsRequest->handle()
#32 /var/www/testapp/vendor/laravel/framework/src/Illuminate/Pipeline/Pipeline.php(209): Illuminate\\Foundation\\Http\\Middleware\\TrimStrings->handle()
#33 /var/www/testapp/vendor/laravel/framework/src/Illuminate/Http/Middleware/ValidatePostSize.php(27): Illuminate\\Pipeline\\Pipeline->Illuminate\\Pipeline\\{closure}()
#34 /var/www/testapp/vendor/laravel/framework/src/Illuminate/Pipeline/Pipeline.php(209): Illuminate\\Http\\Middleware\\ValidatePostSize->handle()
#35 /var/www/testapp/vendor/laravel/framework/src/Illuminate/Foundation/Http/Middleware/PreventRequestsDuringMaintenance.php(110): Illuminate\\Pipeline\\Pipeline->Illuminate\\Pipeline\\{closure}()
#36 /var/www/testapp/vendor/laravel/framework/src/Illuminate/Pipeline/Pipeline.php(209): Illuminate\\Foundation\\Http\\Middleware\\PreventRequestsDuringMaintenance->handle()
#37 /var/www/testapp/vendor/laravel/framework/src/Illuminate/Http/Middleware/HandleCors.php(62): Illuminate\\Pipeline\\Pipeline->Illuminate\\Pipeline\\{closure}()
#38 /var/www/testapp/vendor/laravel/framework/src/Illuminate/Pipeline/Pipeline.php(209): Illuminate\\Http\\Middleware\\HandleCors->handle()
#39 /var/www/testapp/vendor/laravel/framework/src/Illuminate/Pipeline/Pipeline.php(127): Illuminate\\Pipeline\\Pipeline->Illuminate\\Pipeline\\{closure}()
#40 /var/www/testapp/vendor/laravel/framework/src/Illuminate/Foundation/Http/Kernel.php(176): Illuminate\\Pipeline\\Pipeline->then()
#41 /var/www/testapp/vendor/laravel/framework/src/Illuminate/Foundation/Http/Kernel.php(145): Illuminate\\Foundation\\Http\\Kernel->sendRequestThroughRouter()
#42 /var/www/testapp/public/index.php(51): Illuminate\\Foundation\\Http\\Kernel->handle()
#43 {main}
"} 
[2026-08-10 18:58:52] production.ERROR: Class "App\Http\Resources\PushNotificationResource" not found {"userId":2,"exception":"[object] (Error(code: 0): Class \"App\\Http\\Resources\\PushNotificationResource\" not found at /var/www/testapp/app/Http/Controllers/API/Admin/BaseController.php:52)
[stacktrace]
#0 /var/www/testapp/vendor/laravel/framework/src/Illuminate/Routing/Controller.php(54): App\\Http\\Controllers\\API\\Admin\\BaseController->index()
#1 /var/www/testapp/vendor/laravel/framework/src/Illuminate/Routing/ControllerDispatcher.php(44): Illuminate\\Routing\\Controller->callAction()
#2 /var/www/testapp/vendor/laravel/framework/src/Illuminate/Routing/Route.php(266): Illuminate\\Routing\\ControllerDispatcher->dispatch()
#3 /var/www/testapp/vendor/laravel/framework/src/Illuminate/Routing/Route.php(212): Illuminate\\Routing\\Route->runController()
#4 /var/www/testapp/vendor/laravel/framework/src/Illuminate/Routing/Router.php(808): Illuminate\\Routing\\Route->run()
#5 /var/www/testapp/vendor/laravel/framework/src/Illuminate/Pipeline/Pipeline.php(170): Illuminate\\Routing\\Router->Illuminate\\Routing\\{closure}()
#6 /var/www/testapp/app/Http/Middleware/AdminApi.php(26): Illuminate\\Pipeline\\Pipeline->Illuminate\\Pipeline\\{closure}()
#7 /var/www/testapp/vendor/laravel/framework/src/Illuminate/Pipeline/Pipeline.php(209): App\\Http\\Middleware\\AdminApi->handle()
#8 /var/www/testapp/app/Http/Middleware/API/CheckUserStatus.php(26): Illuminate\\Pipeline\\Pipeline->Illuminate\\Pipeline\\{closure}()
#9 /var/www/testapp/vendor/laravel/framework/src/Illuminate/Pipeline/Pipeline.php(209): App\\Http\\Middleware\\API\\CheckUserStatus->handle()
#10 /var/www/testapp/vendor/laravel/framework/src/Illuminate/Routing/Middleware/SubstituteBindings.php(51): Illuminate\\Pipeline\\Pipeline->Illuminate\\Pipeline\\{closure}()
#11 /var/www/testapp/vendor/laravel/framework/src/Illuminate/Pipeline/Pipeline.php(209): Illuminate\\Routing\\Middleware\\SubstituteBindings->handle()
#12 /var/www/testapp/vendor/laravel/framework/src/Illuminate/Routing/Middleware/ThrottleRequests.php(161): Illuminate\\Pipeline\\Pipeline->Illuminate\\Pipeline\\{closure}()
#13 /var/www/testapp/vendor/laravel/framework/src/Illuminate/Routing/Middleware/ThrottleRequests.php(127): Illuminate\\Routing\\Middleware\\ThrottleRequests->handleRequest()
#14 /var/www/testapp/vendor/laravel/framework/src/Illuminate/Routing/Middleware/ThrottleRequests.php(89): Illuminate\\Routing\\Middleware\\ThrottleRequests->handleRequestUsingNamedLimiter()
#15 /var/www/testapp/vendor/laravel/framework/src/Illuminate/Pipeline/Pipeline.php(209): Illuminate\\Routing\\Middleware\\ThrottleRequests->handle()
#16 /var/www/testapp/vendor/laravel/framework/src/Illuminate/Auth/Middleware/Authenticate.php(64): Illuminate\\Pipeline\\Pipeline->Illuminate\\Pipeline\\{closure}()
#17 /var/www/testapp/vendor/laravel/framework/src/Illuminate/Pipeline/Pipeline.php(209): Illuminate\\Auth\\Middleware\\Authenticate->handle()
#18 /var/www/testapp/vendor/laravel/framework/src/Illuminate/Pipeline/Pipeline.php(127): Illuminate\\Pipeline\\Pipeline->Illuminate\\Pipeline\\{closure}()
#19 /var/www/testapp/vendor/laravel/framework/src/Illuminate/Routing/Router.php(807): Illuminate\\Pipeline\\Pipeline->then()
#20 /var/www/testapp/vendor/laravel/framework/src/Illuminate/Routing/Router.php(786): Illuminate\\Routing\\Router->runRouteWithinStack()
#21 /var/www/testapp/vendor/laravel/framework/src/Illuminate/Routing/Router.php(750): Illuminate\\Routing\\Router->runRoute()
#22 /var/www/testapp/vendor/laravel/framework/src/Illuminate/Routing/Router.php(739): Illuminate\\Routing\\Router->dispatchToRoute()
#23 /var/www/testapp/vendor/laravel/framework/src/Illuminate/Foundation/Http/Kernel.php(201): Illuminate\\Routing\\Router->dispatch()
#24 /var/www/testapp/vendor/laravel/framework/src/Illuminate/Pipeline/Pipeline.php(170): Illuminate\\Foundation\\Http\\Kernel->Illuminate\\Foundation\\Http\\{closure}()
#25 /var/www/testapp/vendor/livewire/livewire/src/Features/SupportDisablingBackButtonCache/DisableBackButtonCacheMiddleware.php(19): Illuminate\\Pipeline\\Pipeline->Illuminate\\Pipeline\\{closure}()
#26 /var/www/testapp/vendor/laravel/framework/src/Illuminate/Pipeline/Pipeline.php(209): Livewire\\Features\\SupportDisablingBackButtonCache\\DisableBackButtonCacheMiddleware->handle()
#27 /var/www/testapp/vendor/laravel/framework/src/Illuminate/Foundation/Http/Middleware/TransformsRequest.php(21): Illuminate\\Pipeline\\Pipeline->Illuminate\\Pipeline\\{closure}()
#28 /var/www/testapp/vendor/laravel/framework/src/Illuminate/Foundation/Http/Middleware/ConvertEmptyStringsToNull.php(31): Illuminate\\Foundation\\Http\\Middleware\\TransformsRequest->handle()
#29 /var/www/testapp/vendor/laravel/framework/src/Illuminate/Pipeline/Pipeline.php(209): Illuminate\\Foundation\\Http\\Middleware\\ConvertEmptyStringsToNull->handle()
#30 /var/www/testapp/vendor/laravel/framework/src/Illuminate/Foundation/Http/Middleware/TransformsRequest.php(21): Illuminate\\Pipeline\\Pipeline->Illuminate\\Pipeline\\{closure}()
#31 /var/www/testapp/vendor/laravel/framework/src/Illuminate/Foundation/Http/Middleware/TrimStrings.php(51): Illuminate\\Foundation\\Http\\Middleware\\TransformsRequest->handle()
#32 /var/www/testapp/vendor/laravel/framework/src/Illuminate/Pipeline/Pipeline.php(209): Illuminate\\Foundation\\Http\\Middleware\\TrimStrings->handle()
#33 /var/www/testapp/vendor/laravel/framework/src/Illuminate/Http/Middleware/ValidatePostSize.php(27): Illuminate\\Pipeline\\Pipeline->Illuminate\\Pipeline\\{closure}()
#34 /var/www/testapp/vendor/laravel/framework/src/Illuminate/Pipeline/Pipeline.php(209): Illuminate\\Http\\Middleware\\ValidatePostSize->handle()
#35 /var/www/testapp/vendor/laravel/framework/src/Illuminate/Foundation/Http/Middleware/PreventRequestsDuringMaintenance.php(110): Illuminate\\Pipeline\\Pipeline->Illuminate\\Pipeline\\{closure}()
#36 /var/www/testapp/vendor/laravel/framework/src/Illuminate/Pipeline/Pipeline.php(209): Illuminate\\Foundation\\Http\\Middleware\\PreventRequestsDuringMaintenance->handle()
#37 /var/www/testapp/vendor/laravel/framework/src/Illuminate/Http/Middleware/HandleCors.php(62): Illuminate\\Pipeline\\Pipeline->Illuminate\\Pipeline\\{closure}()
#38 /var/www/testapp/vendor/laravel/framework/src/Illuminate/Pipeline/Pipeline.php(209): Illuminate\\Http\\Middleware\\HandleCors->handle()
#39 /var/www/testapp/vendor/laravel/framework/src/Illuminate/Pipeline/Pipeline.php(127): Illuminate\\Pipeline\\Pipeline->Illuminate\\Pipeline\\{closure}()
#40 /var/www/testapp/vendor/laravel/framework/src/Illuminate/Foundation/Http/Kernel.php(176): Illuminate\\Pipeline\\Pipeline->then()
#41 /var/www/testapp/vendor/laravel/framework/src/Illuminate/Foundation/Http/Kernel.php(145): Illuminate\\Foundation\\Http\\Kernel->sendRequestThroughRouter()
#42 /var/www/testapp/public/index.php(51): Illuminate\\Foundation\\Http\\Kernel->handle()
#43 {main}
"} 
[2026-08-10 19:01:27] production.ERROR: Class "App\Http\Resources\PushNotificationResource" not found {"userId":2,"exception":"[object] (Error(code: 0): Class \"App\\Http\\Resources\\PushNotificationResource\" not found at /var/www/testapp/app/Http/Controllers/API/Admin/BaseController.php:52)
[stacktrace]
#0 /var/www/testapp/vendor/laravel/framework/src/Illuminate/Routing/Controller.php(54): App\\Http\\Controllers\\API\\Admin\\BaseController->index()
#1 /var/www/testapp/vendor/laravel/framework/src/Illuminate/Routing/ControllerDispatcher.php(44): Illuminate\\Routing\\Controller->callAction()
#2 /var/www/testapp/vendor/laravel/framework/src/Illuminate/Routing/Route.php(266): Illuminate\\Routing\\ControllerDispatcher->dispatch()
#3 /var/www/testapp/vendor/laravel/framework/src/Illuminate/Routing/Route.php(212): Illuminate\\Routing\\Route->runController()
#4 /var/www/testapp/vendor/laravel/framework/src/Illuminate/Routing/Router.php(808): Illuminate\\Routing\\Route->run()
#5 /var/www/testapp/vendor/laravel/framework/src/Illuminate/Pipeline/Pipeline.php(170): Illuminate\\Routing\\Router->Illuminate\\Routing\\{closure}()
#6 /var/www/testapp/app/Http/Middleware/AdminApi.php(26): Illuminate\\Pipeline\\Pipeline->Illuminate\\Pipeline\\{closure}()
#7 /var/www/testapp/vendor/laravel/framework/src/Illuminate/Pipeline/Pipeline.php(209): App\\Http\\Middleware\\AdminApi->handle()
#8 /var/www/testapp/app/Http/Middleware/API/CheckUserStatus.php(26): Illuminate\\Pipeline\\Pipeline->Illuminate\\Pipeline\\{closure}()
#9 /var/www/testapp/vendor/laravel/framework/src/Illuminate/Pipeline/Pipeline.php(209): App\\Http\\Middleware\\API\\CheckUserStatus->handle()
#10 /var/www/testapp/vendor/laravel/framework/src/Illuminate/Routing/Middleware/SubstituteBindings.php(51): Illuminate\\Pipeline\\Pipeline->Illuminate\\Pipeline\\{closure}()
#11 /var/www/testapp/vendor/laravel/framework/src/Illuminate/Pipeline/Pipeline.php(209): Illuminate\\Routing\\Middleware\\SubstituteBindings->handle()
#12 /var/www/testapp/vendor/laravel/framework/src/Illuminate/Routing/Middleware/ThrottleRequests.php(161): Illuminate\\Pipeline\\Pipeline->Illuminate\\Pipeline\\{closure}()
#13 /var/www/testapp/vendor/laravel/framework/src/Illuminate/Routing/Middleware/ThrottleRequests.php(127): Illuminate\\Routing\\Middleware\\ThrottleRequests->handleRequest()
#14 /var/www/testapp/vendor/laravel/framework/src/Illuminate/Routing/Middleware/ThrottleRequests.php(89): Illuminate\\Routing\\Middleware\\ThrottleRequests->handleRequestUsingNamedLimiter()
#15 /var/www/testapp/vendor/laravel/framework/src/Illuminate/Pipeline/Pipeline.php(209): Illuminate\\Routing\\Middleware\\ThrottleRequests->handle()
#16 /var/www/testapp/vendor/laravel/framework/src/Illuminate/Auth/Middleware/Authenticate.php(64): Illuminate\\Pipeline\\Pipeline->Illuminate\\Pipeline\\{closure}()
#17 /var/www/testapp/vendor/laravel/framework/src/Illuminate/Pipeline/Pipeline.php(209): Illuminate\\Auth\\Middleware\\Authenticate->handle()
#18 /var/www/testapp/vendor/laravel/framework/src/Illuminate/Pipeline/Pipeline.php(127): Illuminate\\Pipeline\\Pipeline->Illuminate\\Pipeline\\{closure}()
#19 /var/www/testapp/vendor/laravel/framework/src/Illuminate/Routing/Router.php(807): Illuminate\\Pipeline\\Pipeline->then()
#20 /var/www/testapp/vendor/laravel/framework/src/Illuminate/Routing/Router.php(786): Illuminate\\Routing\\Router->runRouteWithinStack()
#21 /var/www/testapp/vendor/laravel/framework/src/Illuminate/Routing/Router.php(750): Illuminate\\Routing\\Router->runRoute()
#22 /var/www/testapp/vendor/laravel/framework/src/Illuminate/Routing/Router.php(739): Illuminate\\Routing\\Router->dispatchToRoute()
#23 /var/www/testapp/vendor/laravel/framework/src/Illuminate/Foundation/Http/Kernel.php(201): Illuminate\\Routing\\Router->dispatch()
#24 /var/www/testapp/vendor/laravel/framework/src/Illuminate/Pipeline/Pipeline.php(170): Illuminate\\Foundation\\Http\\Kernel->Illuminate\\Foundation\\Http\\{closure}()
#25 /var/www/testapp/vendor/livewire/livewire/src/Features/SupportDisablingBackButtonCache/DisableBackButtonCacheMiddleware.php(19): Illuminate\\Pipeline\\Pipeline->Illuminate\\Pipeline\\{closure}()
#26 /var/www/testapp/vendor/laravel/framework/src/Illuminate/Pipeline/Pipeline.php(209): Livewire\\Features\\SupportDisablingBackButtonCache\\DisableBackButtonCacheMiddleware->handle()
#27 /var/www/testapp/vendor/laravel/framework/src/Illuminate/Foundation/Http/Middleware/TransformsRequest.php(21): Illuminate\\Pipeline\\Pipeline->Illuminate\\Pipeline\\{closure}()
#28 /var/www/testapp/vendor/laravel/framework/src/Illuminate/Foundation/Http/Middleware/ConvertEmptyStringsToNull.php(31): Illuminate\\Foundation\\Http\\Middleware\\TransformsRequest->handle()
#29 /var/www/testapp/vendor/laravel/framework/src/Illuminate/Pipeline/Pipeline.php(209): Illuminate\\Foundation\\Http\\Middleware\\ConvertEmptyStringsToNull->handle()
#30 /var/www/testapp/vendor/laravel/framework/src/Illuminate/Foundation/Http/Middleware/TransformsRequest.php(21): Illuminate\\Pipeline\\Pipeline->Illuminate\\Pipeline\\{closure}()
#31 /var/www/testapp/vendor/laravel/framework/src/Illuminate/Foundation/Http/Middleware/TrimStrings.php(51): Illuminate\\Foundation\\Http\\Middleware\\TransformsRequest->handle()
#32 /var/www/testapp/vendor/laravel/framework/src/Illuminate/Pipeline/Pipeline.php(209): Illuminate\\Foundation\\Http\\Middleware\\TrimStrings->handle()
#33 /var/www/testapp/vendor/laravel/framework/src/Illuminate/Http/Middleware/ValidatePostSize.php(27): Illuminate\\Pipeline\\Pipeline->Illuminate\\Pipeline\\{closure}()
#34 /var/www/testapp/vendor/laravel/framework/src/Illuminate/Pipeline/Pipeline.php(209): Illuminate\\Http\\Middleware\\ValidatePostSize->handle()
#35 /var/www/testapp/vendor/laravel/framework/src/Illuminate/Foundation/Http/Middleware/PreventRequestsDuringMaintenance.php(110): Illuminate\\Pipeline\\Pipeline->Illuminate\\Pipeline\\{closure}()
#36 /var/www/testapp/vendor/laravel/framework/src/Illuminate/Pipeline/Pipeline.php(209): Illuminate\\Foundation\\Http\\Middleware\\PreventRequestsDuringMaintenance->handle()
#37 /var/www/testapp/vendor/laravel/framework/src/Illuminate/Http/Middleware/HandleCors.php(62): Illuminate\\Pipeline\\Pipeline->Illuminate\\Pipeline\\{closure}()
#38 /var/www/testapp/vendor/laravel/framework/src/Illuminate/Pipeline/Pipeline.php(209): Illuminate\\Http\\Middleware\\HandleCors->handle()
#39 /var/www/testapp/vendor/laravel/framework/src/Illuminate/Pipeline/Pipeline.php(127): Illuminate\\Pipeline\\Pipeline->Illuminate\\Pipeline\\{closure}()
#40 /var/www/testapp/vendor/laravel/framework/src/Illuminate/Foundation/Http/Kernel.php(176): Illuminate\\Pipeline\\Pipeline->then()
#41 /var/www/testapp/vendor/laravel/framework/src/Illuminate/Foundation/Http/Kernel.php(145): Illuminate\\Foundation\\Http\\Kernel->sendRequestThroughRouter()
#42 /var/www/testapp/public/index.php(51): Illuminate\\Foundation\\Http\\Kernel->handle()
#43 {main}
"} 
[2026-08-10 19:08:17] production.ERROR: There is no role named `coach` for guard `web`. {"userId":2,"exception":"[object] (Spatie\\Permission\\Exceptions\\RoleDoesNotExist(code: 0): There is no role named `coach` for guard `web`. at /var/www/testapp/vendor/spatie/laravel-permission/src/Exceptions/RoleDoesNotExist.php:11)
[stacktrace]
#0 /var/www/testapp/vendor/spatie/laravel-permission/src/Models/Role.php(113): Spatie\\Permission\\Exceptions\\RoleDoesNotExist::named()
#1 /var/www/testapp/vendor/spatie/laravel-permission/src/Traits/HasRoles.php(96): Spatie\\Permission\\Models\\Role::findByName()
#2 [internal function]: App\\Models\\User->Spatie\\Permission\\Traits\\{closure}()
#3 /var/www/testapp/vendor/spatie/laravel-permission/src/Traits/HasRoles.php(85): array_map()
#4 /var/www/testapp/vendor/laravel/framework/src/Illuminate/Database/Eloquent/Model.php(1654): App\\Models\\User->scopeRole()
#5 /var/www/testapp/vendor/laravel/framework/src/Illuminate/Database/Eloquent/Builder.php(1529): Illuminate\\Database\\Eloquent\\Model->callNamedScope()
#6 /var/www/testapp/vendor/laravel/framework/src/Illuminate/Database/Eloquent/Builder.php(1510): Illuminate\\Database\\Eloquent\\Builder->Illuminate\\Database\\Eloquent\\{closure}()
#7 /var/www/testapp/vendor/laravel/framework/src/Illuminate/Database/Eloquent/Builder.php(1528): Illuminate\\Database\\Eloquent\\Builder->callScope()
#8 /var/www/testapp/vendor/laravel/framework/src/Illuminate/Database/Eloquent/Builder.php(2116): Illuminate\\Database\\Eloquent\\Builder->callNamedScope()
#9 /var/www/testapp/vendor/laravel/framework/src/Illuminate/Support/Traits/ForwardsCalls.php(23): Illuminate\\Database\\Eloquent\\Builder->__call()
#10 /var/www/testapp/vendor/laravel/framework/src/Illuminate/Database/Eloquent/Model.php(2372): Illuminate\\Database\\Eloquent\\Model->forwardCallTo()
#11 /var/www/testapp/vendor/laravel/framework/src/Illuminate/Database/Eloquent/Model.php(2384): Illuminate\\Database\\Eloquent\\Model->__call()
#12 /var/www/testapp/app/Http/Controllers/API/Admin/ReportController.php(385): Illuminate\\Database\\Eloquent\\Model::__callStatic()
#13 /var/www/testapp/vendor/laravel/framework/src/Illuminate/Routing/Controller.php(54): App\\Http\\Controllers\\API\\Admin\\ReportController->coachingMetrics()
#14 /var/www/testapp/vendor/laravel/framework/src/Illuminate/Routing/ControllerDispatcher.php(44): Illuminate\\Routing\\Controller->callAction()
#15 /var/www/testapp/vendor/laravel/framework/src/Illuminate/Routing/Route.php(266): Illuminate\\Routing\\ControllerDispatcher->dispatch()
#16 /var/www/testapp/vendor/laravel/framework/src/Illuminate/Routing/Route.php(212): Illuminate\\Routing\\Route->runController()
#17 /var/www/testapp/vendor/laravel/framework/src/Illuminate/Routing/Router.php(808): Illuminate\\Routing\\Route->run()
#18 /var/www/testapp/vendor/laravel/framework/src/Illuminate/Pipeline/Pipeline.php(170): Illuminate\\Routing\\Router->Illuminate\\Routing\\{closure}()
#19 /var/www/testapp/app/Http/Middleware/AdminApi.php(26): Illuminate\\Pipeline\\Pipeline->Illuminate\\Pipeline\\{closure}()
#20 /var/www/testapp/vendor/laravel/framework/src/Illuminate/Pipeline/Pipeline.php(209): App\\Http\\Middleware\\AdminApi->handle()
#21 /var/www/testapp/app/Http/Middleware/API/CheckUserStatus.php(26): Illuminate\\Pipeline\\Pipeline->Illuminate\\Pipeline\\{closure}()
#22 /var/www/testapp/vendor/laravel/framework/src/Illuminate/Pipeline/Pipeline.php(209): App\\Http\\Middleware\\API\\CheckUserStatus->handle()
#23 /var/www/testapp/vendor/laravel/framework/src/Illuminate/Routing/Middleware/SubstituteBindings.php(51): Illuminate\\Pipeline\\Pipeline->Illuminate\\Pipeline\\{closure}()
#24 /var/www/testapp/vendor/laravel/framework/src/Illuminate/Pipeline/Pipeline.php(209): Illuminate\\Routing\\Middleware\\SubstituteBindings->handle()
#25 /var/www/testapp/vendor/laravel/framework/src/Illuminate/Routing/Middleware/ThrottleRequests.php(161): Illuminate\\Pipeline\\Pipeline->Illuminate\\Pipeline\\{closure}()
#26 /var/www/testapp/vendor/laravel/framework/src/Illuminate/Routing/Middleware/ThrottleRequests.php(127): Illuminate\\Routing\\Middleware\\ThrottleRequests->handleRequest()
#27 /var/www/testapp/vendor/laravel/framework/src/Illuminate/Routing/Middleware/ThrottleRequests.php(89): Illuminate\\Routing\\Middleware\\ThrottleRequests->handleRequestUsingNamedLimiter()
#28 /var/www/testapp/vendor/laravel/framework/src/Illuminate/Pipeline/Pipeline.php(209): Illuminate\\Routing\\Middleware\\ThrottleRequests->handle()
#29 /var/www/testapp/vendor/laravel/framework/src/Illuminate/Auth/Middleware/Authenticate.php(64): Illuminate\\Pipeline\\Pipeline->Illuminate\\Pipeline\\{closure}()
#30 /var/www/testapp/vendor/laravel/framework/src/Illuminate/Pipeline/Pipeline.php(209): Illuminate\\Auth\\Middleware\\Authenticate->handle()
#31 /var/www/testapp/vendor/laravel/framework/src/Illuminate/Pipeline/Pipeline.php(127): Illuminate\\Pipeline\\Pipeline->Illuminate\\Pipeline\\{closure}()
#32 /var/www/testapp/vendor/laravel/framework/src/Illuminate/Routing/Router.php(807): Illuminate\\Pipeline\\Pipeline->then()
#33 /var/www/testapp/vendor/laravel/framework/src/Illuminate/Routing/Router.php(786): Illuminate\\Routing\\Router->runRouteWithinStack()
#34 /var/www/testapp/vendor/laravel/framework/src/Illuminate/Routing/Router.php(750): Illuminate\\Routing\\Router->runRoute()
#35 /var/www/testapp/vendor/laravel/framework/src/Illuminate/Routing/Router.php(739): Illuminate\\Routing\\Router->dispatchToRoute()
#36 /var/www/testapp/vendor/laravel/framework/src/Illuminate/Foundation/Http/Kernel.php(201): Illuminate\\Routing\\Router->dispatch()
#37 /var/www/testapp/vendor/laravel/framework/src/Illuminate/Pipeline/Pipeline.php(170): Illuminate\\Foundation\\Http\\Kernel->Illuminate\\Foundation\\Http\\{closure}()
#38 /var/www/testapp/vendor/livewire/livewire/src/Features/SupportDisablingBackButtonCache/DisableBackButtonCacheMiddleware.php(19): Illuminate\\Pipeline\\Pipeline->Illuminate\\Pipeline\\{closure}()
#39 /var/www/testapp/vendor/laravel/framework/src/Illuminate/Pipeline/Pipeline.php(209): Livewire\\Features\\SupportDisablingBackButtonCache\\DisableBackButtonCacheMiddleware->handle()
#40 /var/www/testapp/vendor/laravel/framework/src/Illuminate/Foundation/Http/Middleware/TransformsRequest.php(21): Illuminate\\Pipeline\\Pipeline->Illuminate\\Pipeline\\{closure}()
#41 /var/www/testapp/vendor/laravel/framework/src/Illuminate/Foundation/Http/Middleware/ConvertEmptyStringsToNull.php(31): Illuminate\\Foundation\\Http\\Middleware\\TransformsRequest->handle()
#42 /var/www/testapp/vendor/laravel/framework/src/Illuminate/Pipeline/Pipeline.php(209): Illuminate\\Foundation\\Http\\Middleware\\ConvertEmptyStringsToNull->handle()
#43 /var/www/testapp/vendor/laravel/framework/src/Illuminate/Foundation/Http/Middleware/TransformsRequest.php(21): Illuminate\\Pipeline\\Pipeline->Illuminate\\Pipeline\\{closure}()
#44 /var/www/testapp/vendor/laravel/framework/src/Illuminate/Foundation/Http/Middleware/TrimStrings.php(51): Illuminate\\Foundation\\Http\\Middleware\\TransformsRequest->handle()
#45 /var/www/testapp/vendor/laravel/framework/src/Illuminate/Pipeline/Pipeline.php(209): Illuminate\\Foundation\\Http\\Middleware\\TrimStrings->handle()
#46 /var/www/testapp/vendor/laravel/framework/src/Illuminate/Http/Middleware/ValidatePostSize.php(27): Illuminate\\Pipeline\\Pipeline->Illuminate\\Pipeline\\{closure}()
#47 /var/www/testapp/vendor/laravel/framework/src/Illuminate/Pipeline/Pipeline.php(209): Illuminate\\Http\\Middleware\\ValidatePostSize->handle()
#48 /var/www/testapp/vendor/laravel/framework/src/Illuminate/Foundation/Http/Middleware/PreventRequestsDuringMaintenance.php(110): Illuminate\\Pipeline\\Pipeline->Illuminate\\Pipeline\\{closure}()
#49 /var/www/testapp/vendor/laravel/framework/src/Illuminate/Pipeline/Pipeline.php(209): Illuminate\\Foundation\\Http\\Middleware\\PreventRequestsDuringMaintenance->handle()
#50 /var/www/testapp/vendor/laravel/framework/src/Illuminate/Http/Middleware/HandleCors.php(62): Illuminate\\Pipeline\\Pipeline->Illuminate\\Pipeline\\{closure}()
#51 /var/www/testapp/vendor/laravel/framework/src/Illuminate/Pipeline/Pipeline.php(209): Illuminate\\Http\\Middleware\\HandleCors->handle()
#52 /var/www/testapp/vendor/laravel/framework/src/Illuminate/Pipeline/Pipeline.php(127): Illuminate\\Pipeline\\Pipeline->Illuminate\\Pipeline\\{closure}()
#53 /var/www/testapp/vendor/laravel/framework/src/Illuminate/Foundation/Http/Kernel.php(176): Illuminate\\Pipeline\\Pipeline->then()
#54 /var/www/testapp/vendor/laravel/framework/src/Illuminate/Foundation/Http/Kernel.php(145): Illuminate\\Foundation\\Http\\Kernel->sendRequestThroughRouter()
#55 /var/www/testapp/public/index.php(51): Illuminate\\Foundation\\Http\\Kernel->handle()
#56 {main}
"} 
[2026-08-10 19:28:08] production.ERROR: There is no role named `coach` for guard `web`. {"userId":2,"exception":"[object] (Spatie\\Permission\\Exceptions\\RoleDoesNotExist(code: 0): There is no role named `coach` for guard `web`. at /var/www/testapp/vendor/spatie/laravel-permission/src/Exceptions/RoleDoesNotExist.php:11)
[stacktrace]
#0 /var/www/testapp/vendor/spatie/laravel-permission/src/Models/Role.php(113): Spatie\\Permission\\Exceptions\\RoleDoesNotExist::named()
#1 /var/www/testapp/vendor/spatie/laravel-permission/src/Traits/HasRoles.php(96): Spatie\\Permission\\Models\\Role::findByName()
#2 [internal function]: App\\Models\\User->Spatie\\Permission\\Traits\\{closure}()
#3 /var/www/testapp/vendor/spatie/laravel-permission/src/Traits/HasRoles.php(85): array_map()
#4 /var/www/testapp/vendor/laravel/framework/src/Illuminate/Database/Eloquent/Model.php(1654): App\\Models\\User->scopeRole()
#5 /var/www/testapp/vendor/laravel/framework/src/Illuminate/Database/Eloquent/Builder.php(1529): Illuminate\\Database\\Eloquent\\Model->callNamedScope()
#6 /var/www/testapp/vendor/laravel/framework/src/Illuminate/Database/Eloquent/Builder.php(1510): Illuminate\\Database\\Eloquent\\Builder->Illuminate\\Database\\Eloquent\\{closure}()
#7 /var/www/testapp/vendor/laravel/framework/src/Illuminate/Database/Eloquent/Builder.php(1528): Illuminate\\Database\\Eloquent\\Builder->callScope()
#8 /var/www/testapp/vendor/laravel/framework/src/Illuminate/Database/Eloquent/Builder.php(2116): Illuminate\\Database\\Eloquent\\Builder->callNamedScope()
#9 /var/www/testapp/vendor/laravel/framework/src/Illuminate/Support/Traits/ForwardsCalls.php(23): Illuminate\\Database\\Eloquent\\Builder->__call()
#10 /var/www/testapp/vendor/laravel/framework/src/Illuminate/Database/Eloquent/Model.php(2372): Illuminate\\Database\\Eloquent\\Model->forwardCallTo()
#11 /var/www/testapp/vendor/laravel/framework/src/Illuminate/Database/Eloquent/Model.php(2384): Illuminate\\Database\\Eloquent\\Model->__call()
#12 /var/www/testapp/app/Http/Controllers/API/Admin/ReportController.php(385): Illuminate\\Database\\Eloquent\\Model::__callStatic()
#13 /var/www/testapp/vendor/laravel/framework/src/Illuminate/Routing/Controller.php(54): App\\Http\\Controllers\\API\\Admin\\ReportController->coachingMetrics()
#14 /var/www/testapp/vendor/laravel/framework/src/Illuminate/Routing/ControllerDispatcher.php(44): Illuminate\\Routing\\Controller->callAction()
#15 /var/www/testapp/vendor/laravel/framework/src/Illuminate/Routing/Route.php(266): Illuminate\\Routing\\ControllerDispatcher->dispatch()
#16 /var/www/testapp/vendor/laravel/framework/src/Illuminate/Routing/Route.php(212): Illuminate\\Routing\\Route->runController()
#17 /var/www/testapp/vendor/laravel/framework/src/Illuminate/Routing/Router.php(808): Illuminate\\Routing\\Route->run()
#18 /var/www/testapp/vendor/laravel/framework/src/Illuminate/Pipeline/Pipeline.php(170): Illuminate\\Routing\\Router->Illuminate\\Routing\\{closure}()
#19 /var/www/testapp/app/Http/Middleware/AdminApi.php(26): Illuminate\\Pipeline\\Pipeline->Illuminate\\Pipeline\\{closure}()
#20 /var/www/testapp/vendor/laravel/framework/src/Illuminate/Pipeline/Pipeline.php(209): App\\Http\\Middleware\\AdminApi->handle()
#21 /var/www/testapp/app/Http/Middleware/API/CheckUserStatus.php(26): Illuminate\\Pipeline\\Pipeline->Illuminate\\Pipeline\\{closure}()
#22 /var/www/testapp/vendor/laravel/framework/src/Illuminate/Pipeline/Pipeline.php(209): App\\Http\\Middleware\\API\\CheckUserStatus->handle()
#23 /var/www/testapp/vendor/laravel/framework/src/Illuminate/Routing/Middleware/SubstituteBindings.php(51): Illuminate\\Pipeline\\Pipeline->Illuminate\\Pipeline\\{closure}()
#24 /var/www/testapp/vendor/laravel/framework/src/Illuminate/Pipeline/Pipeline.php(209): Illuminate\\Routing\\Middleware\\SubstituteBindings->handle()
#25 /var/www/testapp/vendor/laravel/framework/src/Illuminate/Routing/Middleware/ThrottleRequests.php(161): Illuminate\\Pipeline\\Pipeline->Illuminate\\Pipeline\\{closure}()
#26 /var/www/testapp/vendor/laravel/framework/src/Illuminate/Routing/Middleware/ThrottleRequests.php(127): Illuminate\\Routing\\Middleware\\ThrottleRequests->handleRequest()
#27 /var/www/testapp/vendor/laravel/framework/src/Illuminate/Routing/Middleware/ThrottleRequests.php(89): Illuminate\\Routing\\Middleware\\ThrottleRequests->handleRequestUsingNamedLimiter()
#28 /var/www/testapp/vendor/laravel/framework/src/Illuminate/Pipeline/Pipeline.php(209): Illuminate\\Routing\\Middleware\\ThrottleRequests->handle()
#29 /var/www/testapp/vendor/laravel/framework/src/Illuminate/Auth/Middleware/Authenticate.php(64): Illuminate\\Pipeline\\Pipeline->Illuminate\\Pipeline\\{closure}()
#30 /var/www/testapp/vendor/laravel/framework/src/Illuminate/Pipeline/Pipeline.php(209): Illuminate\\Auth\\Middleware\\Authenticate->handle()
#31 /var/www/testapp/vendor/laravel/framework/src/Illuminate/Pipeline/Pipeline.php(127): Illuminate\\Pipeline\\Pipeline->Illuminate\\Pipeline\\{closure}()
#32 /var/www/testapp/vendor/laravel/framework/src/Illuminate/Routing/Router.php(807): Illuminate\\Pipeline\\Pipeline->then()
#33 /var/www/testapp/vendor/laravel/framework/src/Illuminate/Routing/Router.php(786): Illuminate\\Routing\\Router->runRouteWithinStack()
#34 /var/www/testapp/vendor/laravel/framework/src/Illuminate/Routing/Router.php(750): Illuminate\\Routing\\Router->runRoute()
#35 /var/www/testapp/vendor/laravel/framework/src/Illuminate/Routing/Router.php(739): Illuminate\\Routing\\Router->dispatchToRoute()
#36 /var/www/testapp/vendor/laravel/framework/src/Illuminate/Foundation/Http/Kernel.php(201): Illuminate\\Routing\\Router->dispatch()
#37 /var/www/testapp/vendor/laravel/framework/src/Illuminate/Pipeline/Pipeline.php(170): Illuminate\\Foundation\\Http\\Kernel->Illuminate\\Foundation\\Http\\{closure}()
#38 /var/www/testapp/vendor/livewire/livewire/src/Features/SupportDisablingBackButtonCache/DisableBackButtonCacheMiddleware.php(19): Illuminate\\Pipeline\\Pipeline->Illuminate\\Pipeline\\{closure}()
#39 /var/www/testapp/vendor/laravel/framework/src/Illuminate/Pipeline/Pipeline.php(209): Livewire\\Features\\SupportDisablingBackButtonCache\\DisableBackButtonCacheMiddleware->handle()
#40 /var/www/testapp/vendor/laravel/framework/src/Illuminate/Foundation/Http/Middleware/TransformsRequest.php(21): Illuminate\\Pipeline\\Pipeline->Illuminate\\Pipeline\\{closure}()
#41 /var/www/testapp/vendor/laravel/framework/src/Illuminate/Foundation/Http/Middleware/ConvertEmptyStringsToNull.php(31): Illuminate\\Foundation\\Http\\Middleware\\TransformsRequest->handle()
#42 /var/www/testapp/vendor/laravel/framework/src/Illuminate/Pipeline/Pipeline.php(209): Illuminate\\Foundation\\Http\\Middleware\\ConvertEmptyStringsToNull->handle()
#43 /var/www/testapp/vendor/laravel/framework/src/Illuminate/Foundation/Http/Middleware/TransformsRequest.php(21): Illuminate\\Pipeline\\Pipeline->Illuminate\\Pipeline\\{closure}()
#44 /var/www/testapp/vendor/laravel/framework/src/Illuminate/Foundation/Http/Middleware/TrimStrings.php(51): Illuminate\\Foundation\\Http\\Middleware\\TransformsRequest->handle()
#45 /var/www/testapp/vendor/laravel/framework/src/Illuminate/Pipeline/Pipeline.php(209): Illuminate\\Foundation\\Http\\Middleware\\TrimStrings->handle()
#46 /var/www/testapp/vendor/laravel/framework/src/Illuminate/Http/Middleware/ValidatePostSize.php(27): Illuminate\\Pipeline\\Pipeline->Illuminate\\Pipeline\\{closure}()
#47 /var/www/testapp/vendor/laravel/framework/src/Illuminate/Pipeline/Pipeline.php(209): Illuminate\\Http\\Middleware\\ValidatePostSize->handle()
#48 /var/www/testapp/vendor/laravel/framework/src/Illuminate/Foundation/Http/Middleware/PreventRequestsDuringMaintenance.php(110): Illuminate\\Pipeline\\Pipeline->Illuminate\\Pipeline\\{closure}()
#49 /var/www/testapp/vendor/laravel/framework/src/Illuminate/Pipeline/Pipeline.php(209): Illuminate\\Foundation\\Http\\Middleware\\PreventRequestsDuringMaintenance->handle()
#50 /var/www/testapp/vendor/laravel/framework/src/Illuminate/Http/Middleware/HandleCors.php(62): Illuminate\\Pipeline\\Pipeline->Illuminate\\Pipeline\\{closure}()
#51 /var/www/testapp/vendor/laravel/framework/src/Illuminate/Pipeline/Pipeline.php(209): Illuminate\\Http\\Middleware\\HandleCors->handle()
#52 /var/www/testapp/vendor/laravel/framework/src/Illuminate/Pipeline/Pipeline.php(127): Illuminate\\Pipeline\\Pipeline->Illuminate\\Pipeline\\{closure}()
#53 /var/www/testapp/vendor/laravel/framework/src/Illuminate/Foundation/Http/Kernel.php(176): Illuminate\\Pipeline\\Pipeline->then()
#54 /var/www/testapp/vendor/laravel/framework/src/Illuminate/Foundation/Http/Kernel.php(145): Illuminate\\Foundation\\Http\\Kernel->sendRequestThroughRouter()
#55 /var/www/testapp/public/index.php(51): Illuminate\\Foundation\\Http\\Kernel->handle()
#56 {main}
"} 
[2026-08-10 19:28:10] production.ERROR: SQLSTATE[42S22]: Column not found: 1054 Unknown column 'client_tag_assignments.tag_id' in 'field list' (Connection: mysql, SQL: select `client_tags`.*, `client_tag_assignments`.`client_id` as `pivot_client_id`, `client_tag_assignments`.`tag_id` as `pivot_tag_id` from `client_tags` inner join `client_tag_assignments` on `client_tags`.`id` = `client_tag_assignments`.`tag_id` where `client_tag_assignments`.`client_id` in (8)) {"userId":2,"exception":"[object] (Illuminate\\Database\\QueryException(code: 42S22): SQLSTATE[42S22]: Column not found: 1054 Unknown column 'client_tag_assignments.tag_id' in 'field list' (Connection: mysql, SQL: select `client_tags`.*, `client_tag_assignments`.`client_id` as `pivot_client_id`, `client_tag_assignments`.`tag_id` as `pivot_tag_id` from `client_tags` inner join `client_tag_assignments` on `client_tags`.`id` = `client_tag_assignments`.`tag_id` where `client_tag_assignments`.`client_id` in (8)) at /var/www/testapp/vendor/laravel/framework/src/Illuminate/Database/Connection.php:825)
[stacktrace]
#0 /var/www/testapp/vendor/laravel/framework/src/Illuminate/Database/Connection.php(779): Illuminate\\Database\\Connection->runQueryCallback()
#1 /var/www/testapp/vendor/laravel/framework/src/Illuminate/Database/Connection.php(398): Illuminate\\Database\\Connection->run()
#2 /var/www/testapp/vendor/laravel/framework/src/Illuminate/Database/Query/Builder.php(3106): Illuminate\\Database\\Connection->select()
#3 /var/www/testapp/vendor/laravel/framework/src/Illuminate/Database/Query/Builder.php(3091): Illuminate\\Database\\Query\\Builder->runSelect()
#4 /var/www/testapp/vendor/laravel/framework/src/Illuminate/Database/Query/Builder.php(3676): Illuminate\\Database\\Query\\Builder->Illuminate\\Database\\Query\\{closure}()
#5 /var/www/testapp/vendor/laravel/framework/src/Illuminate/Database/Query/Builder.php(3090): Illuminate\\Database\\Query\\Builder->onceWithColumns()
#6 /var/www/testapp/vendor/laravel/framework/src/Illuminate/Database/Eloquent/Builder.php(811): Illuminate\\Database\\Query\\Builder->get()
#7 /var/www/testapp/vendor/laravel/framework/src/Illuminate/Database/Eloquent/Relations/BelongsToMany.php(887): Illuminate\\Database\\Eloquent\\Builder->getModels()
#8 /var/www/testapp/vendor/laravel/framework/src/Illuminate/Database/Eloquent/Relations/Relation.php(176): Illuminate\\Database\\Eloquent\\Relations\\BelongsToMany->get()
#9 /var/www/testapp/vendor/laravel/framework/src/Illuminate/Database/Eloquent/Builder.php(859): Illuminate\\Database\\Eloquent\\Relations\\Relation->getEager()
#10 /var/www/testapp/vendor/laravel/framework/src/Illuminate/Database/Eloquent/Builder.php(828): Illuminate\\Database\\Eloquent\\Builder->eagerLoadRelation()
#11 /var/www/testapp/vendor/laravel/framework/src/Illuminate/Database/Eloquent/Builder.php(794): Illuminate\\Database\\Eloquent\\Builder->eagerLoadRelations()
#12 /var/www/testapp/vendor/laravel/framework/src/Illuminate/Database/Concerns/BuildsQueries.php(343): Illuminate\\Database\\Eloquent\\Builder->get()
#13 /var/www/testapp/vendor/laravel/framework/src/Illuminate/Database/Eloquent/Builder.php(477): Illuminate\\Database\\Eloquent\\Builder->first()
#14 /var/www/testapp/app/Http/Controllers/API/ClientTagController.php(55): Illuminate\\Database\\Eloquent\\Builder->find()
#15 /var/www/testapp/vendor/laravel/framework/src/Illuminate/Routing/Controller.php(54): App\\Http\\Controllers\\API\\ClientTagController->getClientTags()
#16 /var/www/testapp/vendor/laravel/framework/src/Illuminate/Routing/ControllerDispatcher.php(44): Illuminate\\Routing\\Controller->callAction()
#17 /var/www/testapp/vendor/laravel/framework/src/Illuminate/Routing/Route.php(266): Illuminate\\Routing\\ControllerDispatcher->dispatch()
#18 /var/www/testapp/vendor/laravel/framework/src/Illuminate/Routing/Route.php(212): Illuminate\\Routing\\Route->runController()
#19 /var/www/testapp/vendor/laravel/framework/src/Illuminate/Routing/Router.php(808): Illuminate\\Routing\\Route->run()
#20 /var/www/testapp/vendor/laravel/framework/src/Illuminate/Pipeline/Pipeline.php(170): Illuminate\\Routing\\Router->Illuminate\\Routing\\{closure}()
#21 /var/www/testapp/app/Http/Middleware/AdminApi.php(26): Illuminate\\Pipeline\\Pipeline->Illuminate\\Pipeline\\{closure}()
#22 /var/www/testapp/vendor/laravel/framework/src/Illuminate/Pipeline/Pipeline.php(209): App\\Http\\Middleware\\AdminApi->handle()
#23 /var/www/testapp/app/Http/Middleware/API/CheckUserStatus.php(26): Illuminate\\Pipeline\\Pipeline->Illuminate\\Pipeline\\{closure}()
#24 /var/www/testapp/vendor/laravel/framework/src/Illuminate/Pipeline/Pipeline.php(209): App\\Http\\Middleware\\API\\CheckUserStatus->handle()
#25 /var/www/testapp/vendor/laravel/framework/src/Illuminate/Routing/Middleware/SubstituteBindings.php(51): Illuminate\\Pipeline\\Pipeline->Illuminate\\Pipeline\\{closure}()
#26 /var/www/testapp/vendor/laravel/framework/src/Illuminate/Pipeline/Pipeline.php(209): Illuminate\\Routing\\Middleware\\SubstituteBindings->handle()
#27 /var/www/testapp/vendor/laravel/framework/src/Illuminate/Routing/Middleware/ThrottleRequests.php(161): Illuminate\\Pipeline\\Pipeline->Illuminate\\Pipeline\\{closure}()
#28 /var/www/testapp/vendor/laravel/framework/src/Illuminate/Routing/Middleware/ThrottleRequests.php(127): Illuminate\\Routing\\Middleware\\ThrottleRequests->handleRequest()
#29 /var/www/testapp/vendor/laravel/framework/src/Illuminate/Routing/Middleware/ThrottleRequests.php(89): Illuminate\\Routing\\Middleware\\ThrottleRequests->handleRequestUsingNamedLimiter()
#30 /var/www/testapp/vendor/laravel/framework/src/Illuminate/Pipeline/Pipeline.php(209): Illuminate\\Routing\\Middleware\\ThrottleRequests->handle()
#31 /var/www/testapp/vendor/laravel/framework/src/Illuminate/Auth/Middleware/Authenticate.php(64): Illuminate\\Pipeline\\Pipeline->Illuminate\\Pipeline\\{closure}()
#32 /var/www/testapp/vendor/laravel/framework/src/Illuminate/Pipeline/Pipeline.php(209): Illuminate\\Auth\\Middleware\\Authenticate->handle()
#33 /var/www/testapp/vendor/laravel/framework/src/Illuminate/Pipeline/Pipeline.php(127): Illuminate\\Pipeline\\Pipeline->Illuminate\\Pipeline\\{closure}()
#34 /var/www/testapp/vendor/laravel/framework/src/Illuminate/Routing/Router.php(807): Illuminate\\Pipeline\\Pipeline->then()
#35 /var/www/testapp/vendor/laravel/framework/src/Illuminate/Routing/Router.php(786): Illuminate\\Routing\\Router->runRouteWithinStack()
#36 /var/www/testapp/vendor/laravel/framework/src/Illuminate/Routing/Router.php(750): Illuminate\\Routing\\Router->runRoute()
#37 /var/www/testapp/vendor/laravel/framework/src/Illuminate/Routing/Router.php(739): Illuminate\\Routing\\Router->dispatchToRoute()
#38 /var/www/testapp/vendor/laravel/framework/src/Illuminate/Foundation/Http/Kernel.php(201): Illuminate\\Routing\\Router->dispatch()
#39 /var/www/testapp/vendor/laravel/framework/src/Illuminate/Pipeline/Pipeline.php(170): Illuminate\\Foundation\\Http\\Kernel->Illuminate\\Foundation\\Http\\{closure}()
#40 /var/www/testapp/vendor/livewire/livewire/src/Features/SupportDisablingBackButtonCache/DisableBackButtonCacheMiddleware.php(19): Illuminate\\Pipeline\\Pipeline->Illuminate\\Pipeline\\{closure}()
#41 /var/www/testapp/vendor/laravel/framework/src/Illuminate/Pipeline/Pipeline.php(209): Livewire\\Features\\SupportDisablingBackButtonCache\\DisableBackButtonCacheMiddleware->handle()
#42 /var/www/testapp/vendor/laravel/framework/src/Illuminate/Foundation/Http/Middleware/TransformsRequest.php(21): Illuminate\\Pipeline\\Pipeline->Illuminate\\Pipeline\\{closure}()
#43 /var/www/testapp/vendor/laravel/framework/src/Illuminate/Foundation/Http/Middleware/ConvertEmptyStringsToNull.php(31): Illuminate\\Foundation\\Http\\Middleware\\TransformsRequest->handle()
#44 /var/www/testapp/vendor/laravel/framework/src/Illuminate/Pipeline/Pipeline.php(209): Illuminate\\Foundation\\Http\\Middleware\\ConvertEmptyStringsToNull->handle()
#45 /var/www/testapp/vendor/laravel/framework/src/Illuminate/Foundation/Http/Middleware/TransformsRequest.php(21): Illuminate\\Pipeline\\Pipeline->Illuminate\\Pipeline\\{closure}()
#46 /var/www/testapp/vendor/laravel/framework/src/Illuminate/Foundation/Http/Middleware/TrimStrings.php(51): Illuminate\\Foundation\\Http\\Middleware\\TransformsRequest->handle()
#47 /var/www/testapp/vendor/laravel/framework/src/Illuminate/Pipeline/Pipeline.php(209): Illuminate\\Foundation\\Http\\Middleware\\TrimStrings->handle()
#48 /var/www/testapp/vendor/laravel/framework/src/Illuminate/Http/Middleware/ValidatePostSize.php(27): Illuminate\\Pipeline\\Pipeline->Illuminate\\Pipeline\\{closure}()
#49 /var/www/testapp/vendor/laravel/framework/src/Illuminate/Pipeline/Pipeline.php(209): Illuminate\\Http\\Middleware\\ValidatePostSize->handle()
#50 /var/www/testapp/vendor/laravel/framework/src/Illuminate/Foundation/Http/Middleware/PreventRequestsDuringMaintenance.php(110): Illuminate\\Pipeline\\Pipeline->Illuminate\\Pipeline\\{closure}()
#51 /var/www/testapp/vendor/laravel/framework/src/Illuminate/Pipeline/Pipeline.php(209): Illuminate\\Foundation\\Http\\Middleware\\PreventRequestsDuringMaintenance->handle()
#52 /var/www/testapp/vendor/laravel/framework/src/Illuminate/Http/Middleware/HandleCors.php(62): Illuminate\\Pipeline\\Pipeline->Illuminate\\Pipeline\\{closure}()
#53 /var/www/testapp/vendor/laravel/framework/src/Illuminate/Pipeline/Pipeline.php(209): Illuminate\\Http\\Middleware\\HandleCors->handle()
#54 /var/www/testapp/vendor/laravel/framework/src/Illuminate/Pipeline/Pipeline.php(127): Illuminate\\Pipeline\\Pipeline->Illuminate\\Pipeline\\{closure}()
#55 /var/www/testapp/vendor/laravel/framework/src/Illuminate/Foundation/Http/Kernel.php(176): Illuminate\\Pipeline\\Pipeline->then()
#56 /var/www/testapp/vendor/laravel/framework/src/Illuminate/Foundation/Http/Kernel.php(145): Illuminate\\Foundation\\Http\\Kernel->sendRequestThroughRouter()
#57 /var/www/testapp/public/index.php(51): Illuminate\\Foundation\\Http\\Kernel->handle()
#58 {main}

[previous exception] [object] (PDOException(code: 42S22): SQLSTATE[42S22]: Column not found: 1054 Unknown column 'client_tag_assignments.tag_id' in 'field list' at /var/www/testapp/vendor/laravel/framework/src/Illuminate/Database/Connection.php:407)
[stacktrace]
#0 /var/www/testapp/vendor/laravel/framework/src/Illuminate/Database/Connection.php(407): PDO->prepare()
#1 /var/www/testapp/vendor/laravel/framework/src/Illuminate/Database/Connection.php(812): Illuminate\\Database\\Connection->Illuminate\\Database\\{closure}()
#2 /var/www/testapp/vendor/laravel/framework/src/Illuminate/Database/Connection.php(779): Illuminate\\Database\\Connection->runQueryCallback()
#3 /var/www/testapp/vendor/laravel/framework/src/Illuminate/Database/Connection.php(398): Illuminate\\Database\\Connection->run()
#4 /var/www/testapp/vendor/laravel/framework/src/Illuminate/Database/Query/Builder.php(3106): Illuminate\\Database\\Connection->select()
#5 /var/www/testapp/vendor/laravel/framework/src/Illuminate/Database/Query/Builder.php(3091): Illuminate\\Database\\Query\\Builder->runSelect()
#6 /var/www/testapp/vendor/laravel/framework/src/Illuminate/Database/Query/Builder.php(3676): Illuminate\\Database\\Query\\Builder->Illuminate\\Database\\Query\\{closure}()
#7 /var/www/testapp/vendor/laravel/framework/src/Illuminate/Database/Query/Builder.php(3090): Illuminate\\Database\\Query\\Builder->onceWithColumns()
#8 /var/www/testapp/vendor/laravel/framework/src/Illuminate/Database/Eloquent/Builder.php(811): Illuminate\\Database\\Query\\Builder->get()
#9 /var/www/testapp/vendor/laravel/framework/src/Illuminate/Database/Eloquent/Relations/BelongsToMany.php(887): Illuminate\\Database\\Eloquent\\Builder->getModels()
#10 /var/www/testapp/vendor/laravel/framework/src/Illuminate/Database/Eloquent/Relations/Relation.php(176): Illuminate\\Database\\Eloquent\\Relations\\BelongsToMany->get()
#11 /var/www/testapp/vendor/laravel/framework/src/Illuminate/Database/Eloquent/Builder.php(859): Illuminate\\Database\\Eloquent\\Relations\\Relation->getEager()
#12 /var/www/testapp/vendor/laravel/framework/src/Illuminate/Database/Eloquent/Builder.php(828): Illuminate\\Database\\Eloquent\\Builder->eagerLoadRelation()
#13 /var/www/testapp/vendor/laravel/framework/src/Illuminate/Database/Eloquent/Builder.php(794): Illuminate\\Database\\Eloquent\\Builder->eagerLoadRelations()
#14 /var/www/testapp/vendor/laravel/framework/src/Illuminate/Database/Concerns/BuildsQueries.php(343): Illuminate\\Database\\Eloquent\\Builder->get()
#15 /var/www/testapp/vendor/laravel/framework/src/Illuminate/Database/Eloquent/Builder.php(477): Illuminate\\Database\\Eloquent\\Builder->first()
#16 /var/www/testapp/app/Http/Controllers/API/ClientTagController.php(55): Illuminate\\Database\\Eloquent\\Builder->find()
#17 /var/www/testapp/vendor/laravel/framework/src/Illuminate/Routing/Controller.php(54): App\\Http\\Controllers\\API\\ClientTagController->getClientTags()
#18 /var/www/testapp/vendor/laravel/framework/src/Illuminate/Routing/ControllerDispatcher.php(44): Illuminate\\Routing\\Controller->callAction()
#19 /var/www/testapp/vendor/laravel/framework/src/Illuminate/Routing/Route.php(266): Illuminate\\Routing\\ControllerDispatcher->dispatch()
#20 /var/www/testapp/vendor/laravel/framework/src/Illuminate/Routing/Route.php(212): Illuminate\\Routing\\Route->runController()
#21 /var/www/testapp/vendor/laravel/framework/src/Illuminate/Routing/Router.php(808): Illuminate\\Routing\\Route->run()
#22 /var/www/testapp/vendor/laravel/framework/src/Illuminate/Pipeline/Pipeline.php(170): Illuminate\\Routing\\Router->Illuminate\\Routing\\{closure}()
#23 /var/www/testapp/app/Http/Middleware/AdminApi.php(26): Illuminate\\Pipeline\\Pipeline->Illuminate\\Pipeline\\{closure}()
#24 /var/www/testapp/vendor/laravel/framework/src/Illuminate/Pipeline/Pipeline.php(209): App\\Http\\Middleware\\AdminApi->handle()
#25 /var/www/testapp/app/Http/Middleware/API/CheckUserStatus.php(26): Illuminate\\Pipeline\\Pipeline->Illuminate\\Pipeline\\{closure}()
#26 /var/www/testapp/vendor/laravel/framework/src/Illuminate/Pipeline/Pipeline.php(209): App\\Http\\Middleware\\API\\CheckUserStatus->handle()
#27 /var/www/testapp/vendor/laravel/framework/src/Illuminate/Routing/Middleware/SubstituteBindings.php(51): Illuminate\\Pipeline\\Pipeline->Illuminate\\Pipeline\\{closure}()
#28 /var/www/testapp/vendor/laravel/framework/src/Illuminate/Pipeline/Pipeline.php(209): Illuminate\\Routing\\Middleware\\SubstituteBindings->handle()
#29 /var/www/testapp/vendor/laravel/framework/src/Illuminate/Routing/Middleware/ThrottleRequests.php(161): Illuminate\\Pipeline\\Pipeline->Illuminate\\Pipeline\\{closure}()
#30 /var/www/testapp/vendor/laravel/framework/src/Illuminate/Routing/Middleware/ThrottleRequests.php(127): Illuminate\\Routing\\Middleware\\ThrottleRequests->handleRequest()
#31 /var/www/testapp/vendor/laravel/framework/src/Illuminate/Routing/Middleware/ThrottleRequests.php(89): Illuminate\\Routing\\Middleware\\ThrottleRequests->handleRequestUsingNamedLimiter()
#32 /var/www/testapp/vendor/laravel/framework/src/Illuminate/Pipeline/Pipeline.php(209): Illuminate\\Routing\\Middleware\\ThrottleRequests->handle()
#33 /var/www/testapp/vendor/laravel/framework/src/Illuminate/Auth/Middleware/Authenticate.php(64): Illuminate\\Pipeline\\Pipeline->Illuminate\\Pipeline\\{closure}()
#34 /var/www/testapp/vendor/laravel/framework/src/Illuminate/Pipeline/Pipeline.php(209): Illuminate\\Auth\\Middleware\\Authenticate->handle()
#35 /var/www/testapp/vendor/laravel/framework/src/Illuminate/Pipeline/Pipeline.php(127): Illuminate\\Pipeline\\Pipeline->Illuminate\\Pipeline\\{closure}()
#36 /var/www/testapp/vendor/laravel/framework/src/Illuminate/Routing/Router.php(807): Illuminate\\Pipeline\\Pipeline->then()
#37 /var/www/testapp/vendor/laravel/framework/src/Illuminate/Routing/Router.php(786): Illuminate\\Routing\\Router->runRouteWithinStack()
#38 /var/www/testapp/vendor/laravel/framework/src/Illuminate/Routing/Router.php(750): Illuminate\\Routing\\Router->runRoute()
#39 /var/www/testapp/vendor/laravel/framework/src/Illuminate/Routing/Router.php(739): Illuminate\\Routing\\Router->dispatchToRoute()
#40 /var/www/testapp/vendor/laravel/framework/src/Illuminate/Foundation/Http/Kernel.php(201): Illuminate\\Routing\\Router->dispatch()
#41 /var/www/testapp/vendor/laravel/framework/src/Illuminate/Pipeline/Pipeline.php(170): Illuminate\\Foundation\\Http\\Kernel->Illuminate\\Foundation\\Http\\{closure}()
#42 /var/www/testapp/vendor/livewire/livewire/src/Features/SupportDisablingBackButtonCache/DisableBackButtonCacheMiddleware.php(19): Illuminate\\Pipeline\\Pipeline->Illuminate\\Pipeline\\{closure}()
#43 /var/www/testapp/vendor/laravel/framework/src/Illuminate/Pipeline/Pipeline.php(209): Livewire\\Features\\SupportDisablingBackButtonCache\\DisableBackButtonCacheMiddleware->handle()
#44 /var/www/testapp/vendor/laravel/framework/src/Illuminate/Foundation/Http/Middleware/TransformsRequest.php(21): Illuminate\\Pipeline\\Pipeline->Illuminate\\Pipeline\\{closure}()
#45 /var/www/testapp/vendor/laravel/framework/src/Illuminate/Foundation/Http/Middleware/ConvertEmptyStringsToNull.php(31): Illuminate\\Foundation\\Http\\Middleware\\TransformsRequest->handle()
#46 /var/www/testapp/vendor/laravel/framework/src/Illuminate/Pipeline/Pipeline.php(209): Illuminate\\Foundation\\Http\\Middleware\\ConvertEmptyStringsToNull->handle()
#47 /var/www/testapp/vendor/laravel/framework/src/Illuminate/Foundation/Http/Middleware/TransformsRequest.php(21): Illuminate\\Pipeline\\Pipeline->Illuminate\\Pipeline\\{closure}()
#48 /var/www/testapp/vendor/laravel/framework/src/Illuminate/Foundation/Http/Middleware/TrimStrings.php(51): Illuminate\\Foundation\\Http\\Middleware\\TransformsRequest->handle()
#49 /var/www/testapp/vendor/laravel/framework/src/Illuminate/Pipeline/Pipeline.php(209): Illuminate\\Foundation\\Http\\Middleware\\TrimStrings->handle()
#50 /var/www/testapp/vendor/laravel/framework/src/Illuminate/Http/Middleware/ValidatePostSize.php(27): Illuminate\\Pipeline\\Pipeline->Illuminate\\Pipeline\\{closure}()
#51 /var/www/testapp/vendor/laravel/framework/src/Illuminate/Pipeline/Pipeline.php(209): Illuminate\\Http\\Middleware\\ValidatePostSize->handle()
#52 /var/www/testapp/vendor/laravel/framework/src/Illuminate/Foundation/Http/Middleware/PreventRequestsDuringMaintenance.php(110): Illuminate\\Pipeline\\Pipeline->Illuminate\\Pipeline\\{closure}()
#53 /var/www/testapp/vendor/laravel/framework/src/Illuminate/Pipeline/Pipeline.php(209): Illuminate\\Foundation\\Http\\Middleware\\PreventRequestsDuringMaintenance->handle()
#54 /var/www/testapp/vendor/laravel/framework/src/Illuminate/Http/Middleware/HandleCors.php(62): Illuminate\\Pipeline\\Pipeline->Illuminate\\Pipeline\\{closure}()
#55 /var/www/testapp/vendor/laravel/framework/src/Illuminate/Pipeline/Pipeline.php(209): Illuminate\\Http\\Middleware\\HandleCors->handle()
#56 /var/www/testapp/vendor/laravel/framework/src/Illuminate/Pipeline/Pipeline.php(127): Illuminate\\Pipeline\\Pipeline->Illuminate\\Pipeline\\{closure}()
#57 /var/www/testapp/vendor/laravel/framework/src/Illuminate/Foundation/Http/Kernel.php(176): Illuminate\\Pipeline\\Pipeline->then()
#58 /var/www/testapp/vendor/laravel/framework/src/Illuminate/Foundation/Http/Kernel.php(145): Illuminate\\Foundation\\Http\\Kernel->sendRequestThroughRouter()
#59 /var/www/testapp/public/index.php(51): Illuminate\\Foundation\\Http\\Kernel->handle()
#60 {main}
"} 
[2026-08-10 21:24:15] production.ERROR: PHP Parse error: Syntax error, unexpected T_NS_SEPARATOR, expecting T_VARIABLE on line 1 {"exception":"[object] (Psy\\Exception\\ParseErrorException(code: 0): PHP Parse error: Syntax error, unexpected T_NS_SEPARATOR, expecting T_VARIABLE on line 1 at /var/www/testapp/vendor/psy/psysh/src/Exception/ParseErrorException.php:44)
[stacktrace]
#0 /var/www/testapp/vendor/psy/psysh/src/CodeCleaner.php(657): Psy\\Exception\\ParseErrorException::fromParseError()
#1 /var/www/testapp/vendor/psy/psysh/src/CodeCleaner.php(273): Psy\\CodeCleaner->parse()
#2 /var/www/testapp/vendor/psy/psysh/src/Shell.php(1358): Psy\\CodeCleaner->clean()
#3 /var/www/testapp/vendor/psy/psysh/src/Shell.php(1465): Psy\\Shell->appendCode()
#4 /var/www/testapp/vendor/psy/psysh/src/Shell.php(2173): Psy\\Shell->setCode()
#5 /var/www/testapp/vendor/laravel/tinker/src/Console/TinkerCommand.php(77): Psy\\Shell->execute()
#6 /var/www/testapp/vendor/laravel/framework/src/Illuminate/Container/BoundMethod.php(36): Laravel\\Tinker\\Console\\TinkerCommand->handle()
#7 /var/www/testapp/vendor/laravel/framework/src/Illuminate/Container/Util.php(43): Illuminate\\Container\\BoundMethod::Illuminate\\Container\\{closure}()
#8 /var/www/testapp/vendor/laravel/framework/src/Illuminate/Container/BoundMethod.php(95): Illuminate\\Container\\Util::unwrapIfClosure()
#9 /var/www/testapp/vendor/laravel/framework/src/Illuminate/Container/BoundMethod.php(35): Illuminate\\Container\\BoundMethod::callBoundMethod()
#10 /var/www/testapp/vendor/laravel/framework/src/Illuminate/Container/Container.php(696): Illuminate\\Container\\BoundMethod::call()
#11 /var/www/testapp/vendor/laravel/framework/src/Illuminate/Console/Command.php(213): Illuminate\\Container\\Container->call()
#12 /var/www/testapp/vendor/symfony/console/Command/Command.php(341): Illuminate\\Console\\Command->execute()
#13 /var/www/testapp/vendor/laravel/framework/src/Illuminate/Console/Command.php(182): Symfony\\Component\\Console\\Command\\Command->run()
#14 /var/www/testapp/vendor/symfony/console/Application.php(1117): Illuminate\\Console\\Command->run()
#15 /var/www/testapp/vendor/symfony/console/Application.php(356): Symfony\\Component\\Console\\Application->doRunCommand()
#16 /var/www/testapp/vendor/symfony/console/Application.php(195): Symfony\\Component\\Console\\Application->doRun()
#17 /var/www/testapp/vendor/laravel/framework/src/Illuminate/Foundation/Console/Kernel.php(198): Symfony\\Component\\Console\\Application->run()
#18 /var/www/testapp/artisan(35): Illuminate\\Foundation\\Console\\Kernel->handle()
#19 {main}
"} 
[2026-08-10 21:34:36] production.ERROR: SQLSTATE[42S02]: Base table or view not found: 1146 Table 'bestronger_test.client_exercise_calibrations' doesn't exist (Connection: mysql, SQL: select * from `client_exercise_calibrations` where (`client_id` = 10 and `exercise_id` = 1532) limit 1) {"userId":10,"exception":"[object] (Illuminate\\Database\\QueryException(code: 42S02): SQLSTATE[42S02]: Base table or view not found: 1146 Table 'bestronger_test.client_exercise_calibrations' doesn't exist (Connection: mysql, SQL: select * from `client_exercise_calibrations` where (`client_id` = 10 and `exercise_id` = 1532) limit 1) at /var/www/testapp/vendor/laravel/framework/src/Illuminate/Database/Connection.php:825)
[stacktrace]
#0 /var/www/testapp/vendor/laravel/framework/src/Illuminate/Database/Connection.php(779): Illuminate\\Database\\Connection->runQueryCallback()
#1 /var/www/testapp/vendor/laravel/framework/src/Illuminate/Database/Connection.php(398): Illuminate\\Database\\Connection->run()
#2 /var/www/testapp/vendor/laravel/framework/src/Illuminate/Database/Query/Builder.php(3106): Illuminate\\Database\\Connection->select()
#3 /var/www/testapp/vendor/laravel/framework/src/Illuminate/Database/Query/Builder.php(3091): Illuminate\\Database\\Query\\Builder->runSelect()
#4 /var/www/testapp/vendor/laravel/framework/src/Illuminate/Database/Query/Builder.php(3676): Illuminate\\Database\\Query\\Builder->Illuminate\\Database\\Query\\{closure}()
#5 /var/www/testapp/vendor/laravel/framework/src/Illuminate/Database/Query/Builder.php(3090): Illuminate\\Database\\Query\\Builder->onceWithColumns()
#6 /var/www/testapp/vendor/laravel/framework/src/Illuminate/Database/Eloquent/Builder.php(811): Illuminate\\Database\\Query\\Builder->get()
#7 /var/www/testapp/vendor/laravel/framework/src/Illuminate/Database/Eloquent/Builder.php(793): Illuminate\\Database\\Eloquent\\Builder->getModels()
#8 /var/www/testapp/vendor/laravel/framework/src/Illuminate/Database/Concerns/BuildsQueries.php(343): Illuminate\\Database\\Eloquent\\Builder->get()
#9 /var/www/testapp/vendor/laravel/framework/src/Illuminate/Database/Eloquent/Builder.php(617): Illuminate\\Database\\Eloquent\\Builder->first()
#10 /var/www/testapp/vendor/laravel/framework/src/Illuminate/Support/Traits/ForwardsCalls.php(23): Illuminate\\Database\\Eloquent\\Builder->firstOrCreate()
#11 /var/www/testapp/vendor/laravel/framework/src/Illuminate/Database/Eloquent/Model.php(2372): Illuminate\\Database\\Eloquent\\Model->forwardCallTo()
#12 /var/www/testapp/vendor/laravel/framework/src/Illuminate/Database/Eloquent/Model.php(2384): Illuminate\\Database\\Eloquent\\Model->__call()
#13 /var/www/testapp/app/Models/ClientExerciseCalibration.php(44): Illuminate\\Database\\Eloquent\\Model::__callStatic()
#14 /var/www/testapp/app/Services/SessionInterpretationService.php(103): App\\Models\\ClientExerciseCalibration::registerSessionCompleted()
#15 /var/www/testapp/app/Services/SessionInterpretationService.php(61): App\\Services\\SessionInterpretationService->processExercise()
#16 /var/www/testapp/app/Jobs/ProcessSessionInterpretation.php(48): App\\Services\\SessionInterpretationService->processReview()
#17 /var/www/testapp/vendor/laravel/framework/src/Illuminate/Container/BoundMethod.php(36): App\\Jobs\\ProcessSessionInterpretation->handle()
#18 /var/www/testapp/vendor/laravel/framework/src/Illuminate/Container/Util.php(43): Illuminate\\Container\\BoundMethod::Illuminate\\Container\\{closure}()
#19 /var/www/testapp/vendor/laravel/framework/src/Illuminate/Container/BoundMethod.php(95): Illuminate\\Container\\Util::unwrapIfClosure()
#20 /var/www/testapp/vendor/laravel/framework/src/Illuminate/Container/BoundMethod.php(35): Illuminate\\Container\\BoundMethod::callBoundMethod()
#21 /var/www/testapp/vendor/laravel/framework/src/Illuminate/Container/Container.php(696): Illuminate\\Container\\BoundMethod::call()
#22 /var/www/testapp/vendor/laravel/framework/src/Illuminate/Bus/Dispatcher.php(126): Illuminate\\Container\\Container->call()
#23 /var/www/testapp/vendor/laravel/framework/src/Illuminate/Pipeline/Pipeline.php(170): Illuminate\\Bus\\Dispatcher->Illuminate\\Bus\\{closure}()
#24 /var/www/testapp/vendor/laravel/framework/src/Illuminate/Pipeline/Pipeline.php(127): Illuminate\\Pipeline\\Pipeline->Illuminate\\Pipeline\\{closure}()
#25 /var/www/testapp/vendor/laravel/framework/src/Illuminate/Bus/Dispatcher.php(130): Illuminate\\Pipeline\\Pipeline->then()
#26 /var/www/testapp/vendor/laravel/framework/src/Illuminate/Queue/CallQueuedHandler.php(126): Illuminate\\Bus\\Dispatcher->dispatchNow()
#27 /var/www/testapp/vendor/laravel/framework/src/Illuminate/Pipeline/Pipeline.php(170): Illuminate\\Queue\\CallQueuedHandler->Illuminate\\Queue\\{closure}()
#28 /var/www/testapp/vendor/laravel/framework/src/Illuminate/Pipeline/Pipeline.php(127): Illuminate\\Pipeline\\Pipeline->Illuminate\\Pipeline\\{closure}()
#29 /var/www/testapp/vendor/laravel/framework/src/Illuminate/Queue/CallQueuedHandler.php(121): Illuminate\\Pipeline\\Pipeline->then()
#30 /var/www/testapp/vendor/laravel/framework/src/Illuminate/Queue/CallQueuedHandler.php(69): Illuminate\\Queue\\CallQueuedHandler->dispatchThroughMiddleware()
#31 /var/www/testapp/vendor/laravel/framework/src/Illuminate/Queue/Jobs/Job.php(102): Illuminate\\Queue\\CallQueuedHandler->call()
#32 /var/www/testapp/vendor/laravel/framework/src/Illuminate/Queue/SyncQueue.php(76): Illuminate\\Queue\\Jobs\\Job->fire()
#33 /var/www/testapp/vendor/laravel/framework/src/Illuminate/Queue/SyncQueue.php(56): Illuminate\\Queue\\SyncQueue->executeJob()
#34 /var/www/testapp/vendor/laravel/framework/src/Illuminate/Bus/Dispatcher.php(244): Illuminate\\Queue\\SyncQueue->push()
#35 /var/www/testapp/vendor/laravel/framework/src/Illuminate/Bus/Dispatcher.php(228): Illuminate\\Bus\\Dispatcher->pushCommandToQueue()
#36 /var/www/testapp/vendor/laravel/framework/src/Illuminate/Bus/Dispatcher.php(77): Illuminate\\Bus\\Dispatcher->dispatchToQueue()
#37 /var/www/testapp/vendor/laravel/framework/src/Illuminate/Foundation/Bus/PendingDispatch.php(222): Illuminate\\Bus\\Dispatcher->dispatch()
#38 /var/www/testapp/vendor/laravel/framework/src/Illuminate/Foundation/Bus/Dispatchable.php(19): Illuminate\\Foundation\\Bus\\PendingDispatch->__destruct()
#39 /var/www/testapp/app/Http/Controllers/API/ClientCalendarController.php(282): App\\Jobs\\ProcessSessionInterpretation::dispatch()
#40 /var/www/testapp/vendor/laravel/framework/src/Illuminate/Routing/Controller.php(54): App\\Http\\Controllers\\API\\ClientCalendarController->finishSession()
#41 /var/www/testapp/vendor/laravel/framework/src/Illuminate/Routing/ControllerDispatcher.php(44): Illuminate\\Routing\\Controller->callAction()
#42 /var/www/testapp/vendor/laravel/framework/src/Illuminate/Routing/Route.php(266): Illuminate\\Routing\\ControllerDispatcher->dispatch()
#43 /var/www/testapp/vendor/laravel/framework/src/Illuminate/Routing/Route.php(212): Illuminate\\Routing\\Route->runController()
#44 /var/www/testapp/vendor/laravel/framework/src/Illuminate/Routing/Router.php(808): Illuminate\\Routing\\Route->run()
#45 /var/www/testapp/vendor/laravel/framework/src/Illuminate/Pipeline/Pipeline.php(170): Illuminate\\Routing\\Router->Illuminate\\Routing\\{closure}()
#46 /var/www/testapp/app/Http/Middleware/API/CheckUserStatus.php(26): Illuminate\\Pipeline\\Pipeline->Illuminate\\Pipeline\\{closure}()
#47 /var/www/testapp/vendor/laravel/framework/src/Illuminate/Pipeline/Pipeline.php(209): App\\Http\\Middleware\\API\\CheckUserStatus->handle()
#48 /var/www/testapp/vendor/laravel/framework/src/Illuminate/Routing/Middleware/SubstituteBindings.php(51): Illuminate\\Pipeline\\Pipeline->Illuminate\\Pipeline\\{closure}()
#49 /var/www/testapp/vendor/laravel/framework/src/Illuminate/Pipeline/Pipeline.php(209): Illuminate\\Routing\\Middleware\\SubstituteBindings->handle()
#50 /var/www/testapp/vendor/laravel/framework/src/Illuminate/Routing/Middleware/ThrottleRequests.php(161): Illuminate\\Pipeline\\Pipeline->Illuminate\\Pipeline\\{closure}()
#51 /var/www/testapp/vendor/laravel/framework/src/Illuminate/Routing/Middleware/ThrottleRequests.php(127): Illuminate\\Routing\\Middleware\\ThrottleRequests->handleRequest()
#52 /var/www/testapp/vendor/laravel/framework/src/Illuminate/Routing/Middleware/ThrottleRequests.php(89): Illuminate\\Routing\\Middleware\\ThrottleRequests->handleRequestUsingNamedLimiter()
#53 /var/www/testapp/vendor/laravel/framework/src/Illuminate/Pipeline/Pipeline.php(209): Illuminate\\Routing\\Middleware\\ThrottleRequests->handle()
#54 /var/www/testapp/vendor/laravel/framework/src/Illuminate/Auth/Middleware/Authenticate.php(64): Illuminate\\Pipeline\\Pipeline->Illuminate\\Pipeline\\{closure}()
#55 /var/www/testapp/vendor/laravel/framework/src/Illuminate/Pipeline/Pipeline.php(209): Illuminate\\Auth\\Middleware\\Authenticate->handle()
#56 /var/www/testapp/vendor/laravel/framework/src/Illuminate/Pipeline/Pipeline.php(127): Illuminate\\Pipeline\\Pipeline->Illuminate\\Pipeline\\{closure}()
#57 /var/www/testapp/vendor/laravel/framework/src/Illuminate/Routing/Router.php(807): Illuminate\\Pipeline\\Pipeline->then()
#58 /var/www/testapp/vendor/laravel/framework/src/Illuminate/Routing/Router.php(786): Illuminate\\Routing\\Router->runRouteWithinStack()
#59 /var/www/testapp/vendor/laravel/framework/src/Illuminate/Routing/Router.php(750): Illuminate\\Routing\\Router->runRoute()
#60 /var/www/testapp/vendor/laravel/framework/src/Illuminate/Routing/Router.php(739): Illuminate\\Routing\\Router->dispatchToRoute()
#61 /var/www/testapp/vendor/laravel/framework/src/Illuminate/Foundation/Http/Kernel.php(201): Illuminate\\Routing\\Router->dispatch()
#62 /var/www/testapp/vendor/laravel/framework/src/Illuminate/Pipeline/Pipeline.php(170): Illuminate\\Foundation\\Http\\Kernel->Illuminate\\Foundation\\Http\\{closure}()
#63 /var/www/testapp/vendor/livewire/livewire/src/Features/SupportDisablingBackButtonCache/DisableBackButtonCacheMiddleware.php(19): Illuminate\\Pipeline\\Pipeline->Illuminate\\Pipeline\\{closure}()
#64 /var/www/testapp/vendor/laravel/framework/src/Illuminate/Pipeline/Pipeline.php(209): Livewire\\Features\\SupportDisablingBackButtonCache\\DisableBackButtonCacheMiddleware->handle()
#65 /var/www/testapp/vendor/laravel/framework/src/Illuminate/Foundation/Http/Middleware/TransformsRequest.php(21): Illuminate\\Pipeline\\Pipeline->Illuminate\\Pipeline\\{closure}()
#66 /var/www/testapp/vendor/laravel/framework/src/Illuminate/Foundation/Http/Middleware/ConvertEmptyStringsToNull.php(31): Illuminate\\Foundation\\Http\\Middleware\\TransformsRequest->handle()
#67 /var/www/testapp/vendor/laravel/framework/src/Illuminate/Pipeline/Pipeline.php(209): Illuminate\\Foundation\\Http\\Middleware\\ConvertEmptyStringsToNull->handle()
#68 /var/www/testapp/vendor/laravel/framework/src/Illuminate/Foundation/Http/Middleware/TransformsRequest.php(21): Illuminate\\Pipeline\\Pipeline->Illuminate\\Pipeline\\{closure}()
#69 /var/www/testapp/vendor/laravel/framework/src/Illuminate/Foundation/Http/Middleware/TrimStrings.php(51): Illuminate\\Foundation\\Http\\Middleware\\TransformsRequest->handle()
#70 /var/www/testapp/vendor/laravel/framework/src/Illuminate/Pipeline/Pipeline.php(209): Illuminate\\Foundation\\Http\\Middleware\\TrimStrings->handle()
#71 /var/www/testapp/vendor/laravel/framework/src/Illuminate/Http/Middleware/ValidatePostSize.php(27): Illuminate\\Pipeline\\Pipeline->Illuminate\\Pipeline\\{closure}()
#72 /var/www/testapp/vendor/laravel/framework/src/Illuminate/Pipeline/Pipeline.php(209): Illuminate\\Http\\Middleware\\ValidatePostSize->handle()
#73 /var/www/testapp/vendor/laravel/framework/src/Illuminate/Foundation/Http/Middleware/PreventRequestsDuringMaintenance.php(110): Illuminate\\Pipeline\\Pipeline->Illuminate\\Pipeline\\{closure}()
#74 /var/www/testapp/vendor/laravel/framework/src/Illuminate/Pipeline/Pipeline.php(209): Illuminate\\Foundation\\Http\\Middleware\\PreventRequestsDuringMaintenance->handle()
#75 /var/www/testapp/vendor/laravel/framework/src/Illuminate/Http/Middleware/HandleCors.php(62): Illuminate\\Pipeline\\Pipeline->Illuminate\\Pipeline\\{closure}()
#76 /var/www/testapp/vendor/laravel/framework/src/Illuminate/Pipeline/Pipeline.php(209): Illuminate\\Http\\Middleware\\HandleCors->handle()
#77 /var/www/testapp/vendor/laravel/framework/src/Illuminate/Pipeline/Pipeline.php(127): Illuminate\\Pipeline\\Pipeline->Illuminate\\Pipeline\\{closure}()
#78 /var/www/testapp/vendor/laravel/framework/src/Illuminate/Foundation/Http/Kernel.php(176): Illuminate\\Pipeline\\Pipeline->then()
#79 /var/www/testapp/vendor/laravel/framework/src/Illuminate/Foundation/Http/Kernel.php(145): Illuminate\\Foundation\\Http\\Kernel->sendRequestThroughRouter()
#80 /var/www/testapp/public/index.php(51): Illuminate\\Foundation\\Http\\Kernel->handle()
#81 {main}

[previous exception] [object] (PDOException(code: 42S02): SQLSTATE[42S02]: Base table or view not found: 1146 Table 'bestronger_test.client_exercise_calibrations' doesn't exist at /var/www/testapp/vendor/laravel/framework/src/Illuminate/Database/Connection.php:407)
[stacktrace]
#0 /var/www/testapp/vendor/laravel/framework/src/Illuminate/Database/Connection.php(407): PDO->prepare()
#1 /var/www/testapp/vendor/laravel/framework/src/Illuminate/Database/Connection.php(812): Illuminate\\Database\\Connection->Illuminate\\Database\\{closure}()
#2 /var/www/testapp/vendor/laravel/framework/src/Illuminate/Database/Connection.php(779): Illuminate\\Database\\Connection->runQueryCallback()
#3 /var/www/testapp/vendor/laravel/framework/src/Illuminate/Database/Connection.php(398): Illuminate\\Database\\Connection->run()
#4 /var/www/testapp/vendor/laravel/framework/src/Illuminate/Database/Query/Builder.php(3106): Illuminate\\Database\\Connection->select()
#5 /var/www/testapp/vendor/laravel/framework/src/Illuminate/Database/Query/Builder.php(3091): Illuminate\\Database\\Query\\Builder->runSelect()
#6 /var/www/testapp/vendor/laravel/framework/src/Illuminate/Database/Query/Builder.php(3676): Illuminate\\Database\\Query\\Builder->Illuminate\\Database\\Query\\{closure}()
#7 /var/www/testapp/vendor/laravel/framework/src/Illuminate/Database/Query/Builder.php(3090): Illuminate\\Database\\Query\\Builder->onceWithColumns()
#8 /var/www/testapp/vendor/laravel/framework/src/Illuminate/Database/Eloquent/Builder.php(811): Illuminate\\Database\\Query\\Builder->get()
#9 /var/www/testapp/vendor/laravel/framework/src/Illuminate/Database/Eloquent/Builder.php(793): Illuminate\\Database\\Eloquent\\Builder->getModels()
#10 /var/www/testapp/vendor/laravel/framework/src/Illuminate/Database/Concerns/BuildsQueries.php(343): Illuminate\\Database\\Eloquent\\Builder->get()
#11 /var/www/testapp/vendor/laravel/framework/src/Illuminate/Database/Eloquent/Builder.php(617): Illuminate\\Database\\Eloquent\\Builder->first()
#12 /var/www/testapp/vendor/laravel/framework/src/Illuminate/Support/Traits/ForwardsCalls.php(23): Illuminate\\Database\\Eloquent\\Builder->firstOrCreate()
#13 /var/www/testapp/vendor/laravel/framework/src/Illuminate/Database/Eloquent/Model.php(2372): Illuminate\\Database\\Eloquent\\Model->forwardCallTo()
#14 /var/www/testapp/vendor/laravel/framework/src/Illuminate/Database/Eloquent/Model.php(2384): Illuminate\\Database\\Eloquent\\Model->__call()
#15 /var/www/testapp/app/Models/ClientExerciseCalibration.php(44): Illuminate\\Database\\Eloquent\\Model::__callStatic()
#16 /var/www/testapp/app/Services/SessionInterpretationService.php(103): App\\Models\\ClientExerciseCalibration::registerSessionCompleted()
#17 /var/www/testapp/app/Services/SessionInterpretationService.php(61): App\\Services\\SessionInterpretationService->processExercise()
#18 /var/www/testapp/app/Jobs/ProcessSessionInterpretation.php(48): App\\Services\\SessionInterpretationService->processReview()
#19 /var/www/testapp/vendor/laravel/framework/src/Illuminate/Container/BoundMethod.php(36): App\\Jobs\\ProcessSessionInterpretation->handle()
#20 /var/www/testapp/vendor/laravel/framework/src/Illuminate/Container/Util.php(43): Illuminate\\Container\\BoundMethod::Illuminate\\Container\\{closure}()
#21 /var/www/testapp/vendor/laravel/framework/src/Illuminate/Container/BoundMethod.php(95): Illuminate\\Container\\Util::unwrapIfClosure()
#22 /var/www/testapp/vendor/laravel/framework/src/Illuminate/Container/BoundMethod.php(35): Illuminate\\Container\\BoundMethod::callBoundMethod()
#23 /var/www/testapp/vendor/laravel/framework/src/Illuminate/Container/Container.php(696): Illuminate\\Container\\BoundMethod::call()
#24 /var/www/testapp/vendor/laravel/framework/src/Illuminate/Bus/Dispatcher.php(126): Illuminate\\Container\\Container->call()
#25 /var/www/testapp/vendor/laravel/framework/src/Illuminate/Pipeline/Pipeline.php(170): Illuminate\\Bus\\Dispatcher->Illuminate\\Bus\\{closure}()
#26 /var/www/testapp/vendor/laravel/framework/src/Illuminate/Pipeline/Pipeline.php(127): Illuminate\\Pipeline\\Pipeline->Illuminate\\Pipeline\\{closure}()
#27 /var/www/testapp/vendor/laravel/framework/src/Illuminate/Bus/Dispatcher.php(130): Illuminate\\Pipeline\\Pipeline->then()
#28 /var/www/testapp/vendor/laravel/framework/src/Illuminate/Queue/CallQueuedHandler.php(126): Illuminate\\Bus\\Dispatcher->dispatchNow()
#29 /var/www/testapp/vendor/laravel/framework/src/Illuminate/Pipeline/Pipeline.php(170): Illuminate\\Queue\\CallQueuedHandler->Illuminate\\Queue\\{closure}()
#30 /var/www/testapp/vendor/laravel/framework/src/Illuminate/Pipeline/Pipeline.php(127): Illuminate\\Pipeline\\Pipeline->Illuminate\\Pipeline\\{closure}()
#31 /var/www/testapp/vendor/laravel/framework/src/Illuminate/Queue/CallQueuedHandler.php(121): Illuminate\\Pipeline\\Pipeline->then()
#32 /var/www/testapp/vendor/laravel/framework/src/Illuminate/Queue/CallQueuedHandler.php(69): Illuminate\\Queue\\CallQueuedHandler->dispatchThroughMiddleware()
#33 /var/www/testapp/vendor/laravel/framework/src/Illuminate/Queue/Jobs/Job.php(102): Illuminate\\Queue\\CallQueuedHandler->call()
#34 /var/www/testapp/vendor/laravel/framework/src/Illuminate/Queue/SyncQueue.php(76): Illuminate\\Queue\\Jobs\\Job->fire()
#35 /var/www/testapp/vendor/laravel/framework/src/Illuminate/Queue/SyncQueue.php(56): Illuminate\\Queue\\SyncQueue->executeJob()
#36 /var/www/testapp/vendor/laravel/framework/src/Illuminate/Bus/Dispatcher.php(244): Illuminate\\Queue\\SyncQueue->push()
#37 /var/www/testapp/vendor/laravel/framework/src/Illuminate/Bus/Dispatcher.php(228): Illuminate\\Bus\\Dispatcher->pushCommandToQueue()
#38 /var/www/testapp/vendor/laravel/framework/src/Illuminate/Bus/Dispatcher.php(77): Illuminate\\Bus\\Dispatcher->dispatchToQueue()
#39 /var/www/testapp/vendor/laravel/framework/src/Illuminate/Foundation/Bus/PendingDispatch.php(222): Illuminate\\Bus\\Dispatcher->dispatch()
#40 /var/www/testapp/vendor/laravel/framework/src/Illuminate/Foundation/Bus/Dispatchable.php(19): Illuminate\\Foundation\\Bus\\PendingDispatch->__destruct()
#41 /var/www/testapp/app/Http/Controllers/API/ClientCalendarController.php(282): App\\Jobs\\ProcessSessionInterpretation::dispatch()
#42 /var/www/testapp/vendor/laravel/framework/src/Illuminate/Routing/Controller.php(54): App\\Http\\Controllers\\API\\ClientCalendarController->finishSession()
#43 /var/www/testapp/vendor/laravel/framework/src/Illuminate/Routing/ControllerDispatcher.php(44): Illuminate\\Routing\\Controller->callAction()
#44 /var/www/testapp/vendor/laravel/framework/src/Illuminate/Routing/Route.php(266): Illuminate\\Routing\\ControllerDispatcher->dispatch()
#45 /var/www/testapp/vendor/laravel/framework/src/Illuminate/Routing/Route.php(212): Illuminate\\Routing\\Route->runController()
#46 /var/www/testapp/vendor/laravel/framework/src/Illuminate/Routing/Router.php(808): Illuminate\\Routing\\Route->run()
#47 /var/www/testapp/vendor/laravel/framework/src/Illuminate/Pipeline/Pipeline.php(170): Illuminate\\Routing\\Router->Illuminate\\Routing\\{closure}()
#48 /var/www/testapp/app/Http/Middleware/API/CheckUserStatus.php(26): Illuminate\\Pipeline\\Pipeline->Illuminate\\Pipeline\\{closure}()
#49 /var/www/testapp/vendor/laravel/framework/src/Illuminate/Pipeline/Pipeline.php(209): App\\Http\\Middleware\\API\\CheckUserStatus->handle()
#50 /var/www/testapp/vendor/laravel/framework/src/Illuminate/Routing/Middleware/SubstituteBindings.php(51): Illuminate\\Pipeline\\Pipeline->Illuminate\\Pipeline\\{closure}()
#51 /var/www/testapp/vendor/laravel/framework/src/Illuminate/Pipeline/Pipeline.php(209): Illuminate\\Routing\\Middleware\\SubstituteBindings->handle()
#52 /var/www/testapp/vendor/laravel/framework/src/Illuminate/Routing/Middleware/ThrottleRequests.php(161): Illuminate\\Pipeline\\Pipeline->Illuminate\\Pipeline\\{closure}()
#53 /var/www/testapp/vendor/laravel/framework/src/Illuminate/Routing/Middleware/ThrottleRequests.php(127): Illuminate\\Routing\\Middleware\\ThrottleRequests->handleRequest()
#54 /var/www/testapp/vendor/laravel/framework/src/Illuminate/Routing/Middleware/ThrottleRequests.php(89): Illuminate\\Routing\\Middleware\\ThrottleRequests->handleRequestUsingNamedLimiter()
#55 /var/www/testapp/vendor/laravel/framework/src/Illuminate/Pipeline/Pipeline.php(209): Illuminate\\Routing\\Middleware\\ThrottleRequests->handle()
#56 /var/www/testapp/vendor/laravel/framework/src/Illuminate/Auth/Middleware/Authenticate.php(64): Illuminate\\Pipeline\\Pipeline->Illuminate\\Pipeline\\{closure}()
#57 /var/www/testapp/vendor/laravel/framework/src/Illuminate/Pipeline/Pipeline.php(209): Illuminate\\Auth\\Middleware\\Authenticate->handle()
#58 /var/www/testapp/vendor/laravel/framework/src/Illuminate/Pipeline/Pipeline.php(127): Illuminate\\Pipeline\\Pipeline->Illuminate\\Pipeline\\{closure}()
#59 /var/www/testapp/vendor/laravel/framework/src/Illuminate/Routing/Router.php(807): Illuminate\\Pipeline\\Pipeline->then()
#60 /var/www/testapp/vendor/laravel/framework/src/Illuminate/Routing/Router.php(786): Illuminate\\Routing\\Router->runRouteWithinStack()
#61 /var/www/testapp/vendor/laravel/framework/src/Illuminate/Routing/Router.php(750): Illuminate\\Routing\\Router->runRoute()
#62 /var/www/testapp/vendor/laravel/framework/src/Illuminate/Routing/Router.php(739): Illuminate\\Routing\\Router->dispatchToRoute()
#63 /var/www/testapp/vendor/laravel/framework/src/Illuminate/Foundation/Http/Kernel.php(201): Illuminate\\Routing\\Router->dispatch()
#64 /var/www/testapp/vendor/laravel/framework/src/Illuminate/Pipeline/Pipeline.php(170): Illuminate\\Foundation\\Http\\Kernel->Illuminate\\Foundation\\Http\\{closure}()
#65 /var/www/testapp/vendor/livewire/livewire/src/Features/SupportDisablingBackButtonCache/DisableBackButtonCacheMiddleware.php(19): Illuminate\\Pipeline\\Pipeline->Illuminate\\Pipeline\\{closure}()
#66 /var/www/testapp/vendor/laravel/framework/src/Illuminate/Pipeline/Pipeline.php(209): Livewire\\Features\\SupportDisablingBackButtonCache\\DisableBackButtonCacheMiddleware->handle()
#67 /var/www/testapp/vendor/laravel/framework/src/Illuminate/Foundation/Http/Middleware/TransformsRequest.php(21): Illuminate\\Pipeline\\Pipeline->Illuminate\\Pipeline\\{closure}()
#68 /var/www/testapp/vendor/laravel/framework/src/Illuminate/Foundation/Http/Middleware/ConvertEmptyStringsToNull.php(31): Illuminate\\Foundation\\Http\\Middleware\\TransformsRequest->handle()
#69 /var/www/testapp/vendor/laravel/framework/src/Illuminate/Pipeline/Pipeline.php(209): Illuminate\\Foundation\\Http\\Middleware\\ConvertEmptyStringsToNull->handle()
#70 /var/www/testapp/vendor/laravel/framework/src/Illuminate/Foundation/Http/Middleware/TransformsRequest.php(21): Illuminate\\Pipeline\\Pipeline->Illuminate\\Pipeline\\{closure}()
#71 /var/www/testapp/vendor/laravel/framework/src/Illuminate/Foundation/Http/Middleware/TrimStrings.php(51): Illuminate\\Foundation\\Http\\Middleware\\TransformsRequest->handle()
#72 /var/www/testapp/vendor/laravel/framework/src/Illuminate/Pipeline/Pipeline.php(209): Illuminate\\Foundation\\Http\\Middleware\\TrimStrings->handle()
#73 /var/www/testapp/vendor/laravel/framework/src/Illuminate/Http/Middleware/ValidatePostSize.php(27): Illuminate\\Pipeline\\Pipeline->Illuminate\\Pipeline\\{closure}()
#74 /var/www/testapp/vendor/laravel/framework/src/Illuminate/Pipeline/Pipeline.php(209): Illuminate\\Http\\Middleware\\ValidatePostSize->handle()
#75 /var/www/testapp/vendor/laravel/framework/src/Illuminate/Foundation/Http/Middleware/PreventRequestsDuringMaintenance.php(110): Illuminate\\Pipeline\\Pipeline->Illuminate\\Pipeline\\{closure}()
#76 /var/www/testapp/vendor/laravel/framework/src/Illuminate/Pipeline/Pipeline.php(209): Illuminate\\Foundation\\Http\\Middleware\\PreventRequestsDuringMaintenance->handle()
#77 /var/www/testapp/vendor/laravel/framework/src/Illuminate/Http/Middleware/HandleCors.php(62): Illuminate\\Pipeline\\Pipeline->Illuminate\\Pipeline\\{closure}()
#78 /var/www/testapp/vendor/laravel/framework/src/Illuminate/Pipeline/Pipeline.php(209): Illuminate\\Http\\Middleware\\HandleCors->handle()
#79 /var/www/testapp/vendor/laravel/framework/src/Illuminate/Pipeline/Pipeline.php(127): Illuminate\\Pipeline\\Pipeline->Illuminate\\Pipeline\\{closure}()
#80 /var/www/testapp/vendor/laravel/framework/src/Illuminate/Foundation/Http/Kernel.php(176): Illuminate\\Pipeline\\Pipeline->then()
#81 /var/www/testapp/vendor/laravel/framework/src/Illuminate/Foundation/Http/Kernel.php(145): Illuminate\\Foundation\\Http\\Kernel->sendRequestThroughRouter()
#82 /var/www/testapp/public/index.php(51): Illuminate\\Foundation\\Http\\Kernel->handle()
#83 {main}
"} 
